graph,configuration,plateau_iteration,active_iterations,last_accept_iteration,initial_slope,initial_edgecut,final_edgecut,total_improvement,acceptance_mean,acceptance_max,accepted_total,rejected_total,runtime,nodes,edges,density,avg_degree,degree_std,max_degree,hub_ratio,degree_gini,clustering,transitivity,assortativity,core_number,diameter,avg_path,spectral_radius,algebraic_connectivity,communities,modularity,family
barabasi_albert_0.pkl,affinity,5,5,5,-21.70000000000006,872.0,777.0,95.0,0.00844081061086537,0.2564841498559078,284.0,16972.0,8.79434871673584,300,1475,0.0328874024526198,9.833333333333334,8.345320252850156,65,6.610169491525423,0.3309107344632767,0.083955261700934,0.0733330489313595,-0.0559500535540142,5,4,2.6130657748049053,,,7,0.2591413961505315,barabasi_albert
barabasi_albert_0.pkl,affinity_periodic,25,10,25,-18.30000000000017,843.0,754.0,89.0,0.004083702608093211,0.12538604076590487,323.0,62364.0,31.25213313102722,300,1475,0.0328874024526198,9.833333333333334,8.345320252850156,65,6.610169491525423,0.3309107344632767,0.083955261700934,0.0733330489313595,-0.0559500535540142,5,4,2.6130657748049053,,,7,0.2591413961505315,barabasi_albert
barabasi_albert_0.pkl,affinity_reactive,37,19,37,-21.70000000000006,872.0,745.0,127.0,0.010138482918206675,0.2564841498559078,345.0,58607.0,29.168769121170044,300,1475,0.0328874024526198,9.833333333333334,8.345320252850156,65,6.610169491525423,0.3309107344632767,0.083955261700934,0.0733330489313595,-0.0559500535540142,5,4,2.6130657748049053,,,7,0.2591413961505315,barabasi_albert
barabasi_albert_0.pkl,baseline,5,5,5,-9.800000000000137,850.0,800.0,50.0,0.006301698538165015,0.21720116618075802,188.0,16226.0,6.29309868812561,300,1475,0.0328874024526198,9.833333333333334,8.345320252850156,65,6.610169491525423,0.3309107344632767,0.083955261700934,0.0733330489313595,-0.0559500535540142,5,4,2.6130657748049053,,,7,0.2591413961505315,barabasi_albert
barabasi_albert_0.pkl,periodic,35,23,35,-8.900000000000041,826.0,748.0,78.0,0.0031575416835534914,0.10457107075767064,233.0,61418.0,22.845388889312744,300,1475,0.0328874024526198,9.833333333333334,8.345320252850156,65,6.610169491525423,0.3309107344632767,0.083955261700934,0.0733330489313595,-0.0559500535540142,5,4,2.6130657748049053,,,7,0.2591413961505315,barabasi_albert
barabasi_albert_0.pkl,reactive,47,23,47,-10.799999999999995,850.0,751.0,99.0,0.0065235048748083545,0.21720116618075802,234.0,59671.0,22.354113578796387,300,1475,0.0328874024526198,9.833333333333334,8.345320252850156,65,6.610169491525423,0.3309107344632767,0.083955261700934,0.0733330489313595,-0.0559500535540142,5,4,2.6130657748049053,,,7,0.2591413961505315,barabasi_albert
barabasi_albert_1.pkl,affinity,4,6,6,-15.900000000000102,843.0,776.0,67.0,0.008124595783876674,0.26422764227642276,281.0,17349.0,8.774183988571167,300,1475,0.0328874024526198,9.833333333333334,8.301522338262087,63,6.406779661016949,0.3426327683615817,0.0905944756741346,0.0722612720726898,-0.0854059077588313,5,4,2.614091415830546,,,7,0.2705900603274921,barabasi_albert
barabasi_albert_1.pkl,affinity_periodic,4,4,4,-13.700000000000053,826.0,768.0,58.0,0.003683169024504109,0.13097454996896338,301.0,79448.0,39.642457485198975,300,1475,0.0328874024526198,9.833333333333334,8.301522338262087,63,6.406779661016949,0.3426327683615817,0.0905944756741346,0.0722612720726898,-0.0854059077588313,5,4,2.614091415830546,,,7,0.2705900603274921,barabasi_albert
barabasi_albert_1.pkl,affinity_reactive,25,13,25,-15.900000000000102,843.0,765.0,78.0,0.008810504202607945,0.26422764227642276,308.0,62326.0,31.23802947998047,300,1475,0.0328874024526198,9.833333333333334,8.301522338262087,63,6.406779661016949,0.3426327683615817,0.0905944756741346,0.0722612720726898,-0.0854059077588313,5,4,2.614091415830546,,,7,0.2705900603274921,barabasi_albert
barabasi_albert_1.pkl,baseline,3,3,3,-14.400000000000107,845.0,781.0,64.0,0.005026868726481792,0.19016817593790428,187.0,26956.0,10.077502965927124,300,1475,0.0328874024526198,9.833333333333334,8.301522338262087,63,6.406779661016949,0.3426327683615817,0.0905944756741346,0.0722612720726898,-0.0854059077588313,5,4,2.614091415830546,,,7,0.2705900603274921,barabasi_albert
barabasi_albert_1.pkl,periodic,18,11,18,-12.30000000000007,820.0,750.0,70.0,0.0026372862041724554,0.09422850412249706,219.0,78267.0,29.33009529113769,300,1475,0.0328874024526198,9.833333333333334,8.301522338262087,63,6.406779661016949,0.3426327683615817,0.0905944756741346,0.0722612720726898,-0.0854059077588313,5,4,2.614091415830546,,,7,0.2705900603274921,barabasi_albert
barabasi_albert_1.pkl,reactive,47,12,47,-18.2,845.0,746.0,99.0,0.005413824550906162,0.19016817593790428,217.0,58818.0,22.07892727851868,300,1475,0.0328874024526198,9.833333333333334,8.301522338262087,63,6.406779661016949,0.3426327683615817,0.0905944756741346,0.0722612720726898,-0.0854059077588313,5,4,2.614091415830546,,,7,0.2705900603274921,barabasi_albert
barabasi_albert_10.pkl,affinity,7,7,7,-20.20000000000004,867.0,764.0,103.0,0.010688536889572496,0.2878787878787879,339.0,16879.0,8.747862577438354,300,1475,0.0328874024526198,9.833333333333334,8.043707249143392,67,6.813559322033898,0.3386079096045198,0.0851307329623106,0.0695092943353008,-0.067735248163936,5,4,2.621917502787068,,,8,0.2714617638609595,barabasi_albert
barabasi_albert_10.pkl,affinity_periodic,34,16,36,-16.000000000000057,833.0,746.0,87.0,0.004857599431864216,0.1472915398660986,383.0,67594.0,34.12733459472656,300,1475,0.0328874024526198,9.833333333333334,8.043707249143392,67,6.813559322033898,0.3386079096045198,0.0851307329623106,0.0695092943353008,-0.067735248163936,5,4,2.621917502787068,,,8,0.2714617638609595,barabasi_albert
barabasi_albert_10.pkl,affinity_reactive,13,17,49,-20.20000000000004,867.0,748.0,119.0,0.011356693742546664,0.2878787878787879,376.0,52628.0,26.386900424957275,300,1475,0.0328874024526198,9.833333333333334,8.043707249143392,67,6.813559322033898,0.3386079096045198,0.0851307329623106,0.0695092943353008,-0.067735248163936,5,4,2.621917502787068,,,8,0.2714617638609595,barabasi_albert
barabasi_albert_10.pkl,baseline,3,3,3,-10.300000000000072,868.0,821.0,47.0,0.005483704905537611,0.21203007518796993,172.0,16096.0,6.128880739212036,300,1475,0.0328874024526198,9.833333333333334,8.043707249143392,67,6.813559322033898,0.3386079096045198,0.0851307329623106,0.0695092943353008,-0.067735248163936,5,4,2.621917502787068,,,8,0.2714617638609595,barabasi_albert
barabasi_albert_10.pkl,periodic,31,14,31,-12.100000000000069,828.0,763.0,65.0,0.0029466639236770185,0.10552763819095477,225.0,61949.0,23.155181884765625,300,1475,0.0328874024526198,9.833333333333334,8.043707249143392,67,6.813559322033898,0.3386079096045198,0.0851307329623106,0.0695092943353008,-0.067735248163936,5,4,2.621917502787068,,,8,0.2714617638609595,barabasi_albert
barabasi_albert_10.pkl,reactive,41,17,41,-15.500000000000046,868.0,764.0,104.0,0.006401329241180988,0.21203007518796993,220.0,56911.0,21.25539302825928,300,1475,0.0328874024526198,9.833333333333334,8.043707249143392,67,6.813559322033898,0.3386079096045198,0.0851307329623106,0.0695092943353008,-0.067735248163936,5,4,2.621917502787068,,,8,0.2714617638609595,barabasi_albert
barabasi_albert_11.pkl,affinity,7,7,7,-24.30000000000005,873.0,766.0,107.0,0.008387926603352809,0.247244094488189,258.0,26798.0,13.395577430725098,300,1475,0.0328874024526198,9.833333333333334,8.524147613143366,59,6.0,0.3477649717514124,0.0977305386771299,0.0763435459568056,-0.076098866689616,5,4,2.60396878483835,,,7,0.2721080149382361,barabasi_albert
barabasi_albert_11.pkl,affinity_periodic,27,8,27,-19.30000000000012,839.0,746.0,93.0,0.003789414861160906,0.12401574803149606,293.0,81394.0,40.33299064636231,300,1475,0.0328874024526198,9.833333333333334,8.524147613143366,59,6.0,0.3477649717514124,0.0977305386771299,0.0763435459568056,-0.076098866689616,5,4,2.60396878483835,,,7,0.2721080149382361,barabasi_albert
barabasi_albert_11.pkl,affinity_reactive,9,11,24,-24.30000000000005,873.0,758.0,115.0,0.00863127180218421,0.247244094488189,271.0,65850.0,32.72901463508606,300,1475,0.0328874024526198,9.833333333333334,8.524147613143366,59,6.0,0.3477649717514124,0.0977305386771299,0.0763435459568056,-0.076098866689616,5,4,2.60396878483835,,,7,0.2721080149382361,barabasi_albert
barabasi_albert_11.pkl,baseline,4,4,4,-13.900000000000029,863.0,806.0,57.0,0.0048884605288464,0.16666666666666666,149.0,16416.0,6.403647661209106,300,1475,0.0328874024526198,9.833333333333334,8.524147613143366,59,6.0,0.3477649717514124,0.0977305386771299,0.0763435459568056,-0.076098866689616,5,4,2.60396878483835,,,7,0.2721080149382361,barabasi_albert
barabasi_albert_11.pkl,periodic,42,19,42,-9.900000000000123,821.0,754.0,67.0,0.0026729979938423577,0.08784213876511776,200.0,61478.0,22.96635341644287,300,1475,0.0328874024526198,9.833333333333334,8.524147613143366,59,6.0,0.3477649717514124,0.0977305386771299,0.0763435459568056,-0.076098866689616,5,4,2.60396878483835,,,7,0.2721080149382361,barabasi_albert
barabasi_albert_11.pkl,reactive,32,25,32,-16.10000000000012,863.0,754.0,109.0,0.0059541873591783855,0.16666666666666666,194.0,53349.0,19.978266716003414,300,1475,0.0328874024526198,9.833333333333334,8.524147613143366,59,6.0,0.3477649717514124,0.0977305386771299,0.0763435459568056,-0.076098866689616,5,4,2.60396878483835,,,7,0.2721080149382361,barabasi_albert
barabasi_albert_12.pkl,affinity,7,7,7,-21.50000000000008,863.0,768.0,95.0,0.009331011671920469,0.2675879396984925,331.0,17381.0,8.997630834579468,300,1475,0.0328874024526198,9.833333333333334,8.34010872836151,68,6.915254237288135,0.3399977401129943,0.0893542594535772,0.0735017927266518,-0.0839040836635988,5,4,2.6078037904124862,,,9,0.2628028727377191,barabasi_albert
barabasi_albert_12.pkl,affinity_periodic,49,14,49,-14.600000000000085,828.0,743.0,85.0,0.0048062735946177455,0.14825753101004135,388.0,63014.0,31.74363851547241,300,1475,0.0328874024526198,9.833333333333334,8.34010872836151,68,6.915254237288135,0.3399977401129943,0.0893542594535772,0.0735017927266518,-0.0839040836635988,5,4,2.6078037904124862,,,9,0.2628028727377191,barabasi_albert
barabasi_albert_12.pkl,affinity_reactive,49,15,49,-21.50000000000008,863.0,753.0,110.0,0.010195580189568574,0.2675879396984925,366.0,59524.0,29.69116473197937,300,1475,0.0328874024526198,9.833333333333334,8.34010872836151,68,6.915254237288135,0.3399977401129943,0.0893542594535772,0.0735017927266518,-0.0839040836635988,5,4,2.6078037904124862,,,9,0.2628028727377191,barabasi_albert
barabasi_albert_12.pkl,baseline,3,3,3,-17.100000000000062,861.0,789.0,72.0,0.006381861697819978,0.22565687789799072,197.0,26662.0,10.123048543930054,300,1475,0.0328874024526198,9.833333333333334,8.34010872836151,68,6.915254237288135,0.3399977401129943,0.0893542594535772,0.0735017927266518,-0.0839040836635988,5,4,2.6078037904124862,,,9,0.2628028727377191,barabasi_albert
barabasi_albert_12.pkl,periodic,29,14,29,-13.600000000000081,814.0,733.0,81.0,0.0032287597238783643,0.11234487263226649,237.0,61338.0,22.836523294448853,300,1475,0.0328874024526198,9.833333333333334,8.34010872836151,68,6.915254237288135,0.3399977401129943,0.0893542594535772,0.0735017927266518,-0.0839040836635988,5,4,2.6078037904124862,,,9,0.2628028727377191,barabasi_albert
barabasi_albert_12.pkl,reactive,49,23,49,-21.300000000000104,861.0,741.0,120.0,0.0072271052240992,0.22565687789799072,243.0,67335.0,25.15082859992981,300,1475,0.0328874024526198,9.833333333333334,8.34010872836151,68,6.915254237288135,0.3399977401129943,0.0893542594535772,0.0735017927266518,-0.0839040836635988,5,4,2.6078037904124862,,,9,0.2628028727377191,barabasi_albert
barabasi_albert_13.pkl,affinity,5,5,5,-24.700000000000085,889.0,774.0,115.0,0.00902178707235678,0.28591749644381226,315.0,27349.0,13.869132280349731,300,1475,0.0328874024526198,9.833333333333334,8.84721044535717,65,6.610169491525423,0.3412949152542373,0.099175781514736,0.0750879463022118,-0.0845297376408791,5,4,2.591839464882943,,,8,0.2633126113185866,barabasi_albert
barabasi_albert_13.pkl,affinity_periodic,47,13,47,-15.500000000000108,851.0,752.0,99.0,0.004871131569902505,0.1469135802469136,385.0,72707.0,36.30961608886719,300,1475,0.0328874024526198,9.833333333333334,8.84721044535717,65,6.610169491525423,0.3412949152542373,0.099175781514736,0.0750879463022118,-0.0845297376408791,5,4,2.591839464882943,,,8,0.2633126113185866,barabasi_albert
barabasi_albert_13.pkl,affinity_reactive,37,10,37,-24.700000000000085,889.0,769.0,120.0,0.009328097985804864,0.28591749644381226,333.0,68092.0,34.40511727333069,300,1475,0.0328874024526198,9.833333333333334,8.84721044535717,65,6.610169491525423,0.3412949152542373,0.099175781514736,0.0750879463022118,-0.0845297376408791,5,4,2.591839464882943,,,8,0.2633126113185866,barabasi_albert
barabasi_albert_13.pkl,baseline,3,3,3,-18.900000000000087,887.0,808.0,79.0,0.006228472547862759,0.209375,187.0,26606.0,10.027079105377195,300,1475,0.0328874024526198,9.833333333333334,8.84721044535717,65,6.610169491525423,0.3412949152542373,0.099175781514736,0.0750879463022118,-0.0845297376408791,5,4,2.591839464882943,,,8,0.2633126113185866,barabasi_albert
barabasi_albert_13.pkl,periodic,5,5,5,-15.200000000000097,839.0,774.0,65.0,0.002807068172504037,0.10691003911342895,214.0,78675.0,29.378759384155277,300,1475,0.0328874024526198,9.833333333333334,8.84721044535717,65,6.610169491525423,0.3412949152542373,0.099175781514736,0.0750879463022118,-0.0845297376408791,5,4,2.591839464882943,,,8,0.2633126113185866,barabasi_albert
barabasi_albert_13.pkl,reactive,49,31,49,-20.500000000000153,887.0,746.0,141.0,0.007462099429596153,0.209375,243.0,53647.0,20.15619826316833,300,1475,0.0328874024526198,9.833333333333334,8.84721044535717,65,6.610169491525423,0.3412949152542373,0.099175781514736,0.0750879463022118,-0.0845297376408791,5,4,2.591839464882943,,,8,0.2633126113185866,barabasi_albert
barabasi_albert_14.pkl,affinity,4,4,4,-17.200000000000138,845.0,769.0,76.0,0.0077594593923362145,0.2712765957446808,285.0,16705.0,8.608252048492432,300,1475,0.0328874024526198,9.833333333333334,8.326864825067036,69,7.016949152542373,0.3362440677966101,0.0858985202054246,0.0718102158580893,-0.077193115419517,5,4,2.610746934225195,,,9,0.2625551278368285,barabasi_albert
barabasi_albert_14.pkl,affinity_periodic,48,15,48,-13.900000000000096,822.0,744.0,78.0,0.0041157957362787665,0.13440860215053763,336.0,73515.0,37.06411528587341,300,1475,0.0328874024526198,9.833333333333334,8.326864825067036,69,7.016949152542373,0.3362440677966101,0.0858985202054246,0.0718102158580893,-0.077193115419517,5,4,2.610746934225195,,,9,0.2625551278368285,barabasi_albert
barabasi_albert_14.pkl,affinity_reactive,21,11,22,-17.600000000000108,845.0,758.0,87.0,0.008430814292021315,0.2712765957446808,311.0,60525.0,30.28719687461853,300,1475,0.0328874024526198,9.833333333333334,8.326864825067036,69,7.016949152542373,0.3362440677966101,0.0858985202054246,0.0718102158580893,-0.077193115419517,5,4,2.610746934225195,,,9,0.2625551278368285,barabasi_albert
barabasi_albert_14.pkl,baseline,2,2,2,-12.900000000000087,867.0,806.0,61.0,0.00603826725225989,0.22748815165876776,187.0,16186.0,6.136601686477661,300,1475,0.0328874024526198,9.833333333333334,8.326864825067036,69,7.016949152542373,0.3362440677966101,0.0858985202054246,0.0718102158580893,-0.077193115419517,5,4,2.610746934225195,,,9,0.2625551278368285,barabasi_albert
barabasi_albert_14.pkl,periodic,40,16,40,-11.700000000000124,821.0,755.0,66.0,0.0030142104896991044,0.1133816743572841,224.0,61325.0,22.944278717041016,300,1475,0.0328874024526198,9.833333333333334,8.326864825067036,69,7.016949152542373,0.3362440677966101,0.0858985202054246,0.0718102158580893,-0.077193115419517,5,4,2.610746934225195,,,9,0.2625551278368285,barabasi_albert
barabasi_albert_14.pkl,reactive,40,20,40,-16.400000000000148,867.0,761.0,106.0,0.0067963831396586774,0.22748815165876776,226.0,59793.0,22.67771315574646,300,1475,0.0328874024526198,9.833333333333334,8.326864825067036,69,7.016949152542373,0.3362440677966101,0.0858985202054246,0.0718102158580893,-0.077193115419517,5,4,2.610746934225195,,,9,0.2625551278368285,barabasi_albert
barabasi_albert_15.pkl,affinity,5,4,5,-23.800000000000118,884.0,771.0,113.0,0.00883728840694347,0.27417218543046357,327.0,17402.0,8.94628643989563,300,1475,0.0328874024526198,9.833333333333334,8.408004361720517,59,6.0,0.3465491525423727,0.0968710660454579,0.0732265446224256,-0.1039123626210987,5,4,2.60726867335563,,,7,0.2624466532605573,barabasi_albert
barabasi_albert_15.pkl,affinity_periodic,29,12,29,-24.30000000000004,866.0,753.0,113.0,0.004887928097151092,0.14251352976548406,392.0,65437.0,32.9674654006958,300,1475,0.0328874024526198,9.833333333333334,8.408004361720517,59,6.0,0.3465491525423727,0.0968710660454579,0.0732265446224256,-0.1039123626210987,5,4,2.60726867335563,,,7,0.2624466532605573,barabasi_albert
barabasi_albert_15.pkl,affinity_reactive,29,17,42,-23.800000000000118,884.0,750.0,134.0,0.009895990704366227,0.27417218543046357,369.0,55925.0,28.02712893486023,300,1475,0.0328874024526198,9.833333333333334,8.408004361720517,59,6.0,0.3465491525423727,0.0968710660454579,0.0732265446224256,-0.1039123626210987,5,4,2.60726867335563,,,7,0.2624466532605573,barabasi_albert
barabasi_albert_15.pkl,baseline,6,6,6,-23.100000000000094,865.0,760.0,105.0,0.006736394385043777,0.19943422913719944,224.0,17084.0,6.706119775772095,300,1475,0.0328874024526198,9.833333333333334,8.408004361720517,59,6.0,0.3465491525423727,0.0968710660454579,0.0732265446224256,-0.1039123626210987,5,4,2.60726867335563,,,7,0.2624466532605573,barabasi_albert
barabasi_albert_15.pkl,periodic,33,15,33,-14.000000000000046,830.0,753.0,77.0,0.0029839302817329717,0.10379117464263518,234.0,62432.0,23.6796715259552,300,1475,0.0328874024526198,9.833333333333334,8.408004361720517,59,6.0,0.3465491525423727,0.0968710660454579,0.0732265446224256,-0.1039123626210987,5,4,2.60726867335563,,,7,0.2624466532605573,barabasi_albert
barabasi_albert_15.pkl,reactive,37,17,37,-23.100000000000094,865.0,733.0,132.0,0.007220673802101742,0.19943422913719944,249.0,55219.0,20.652339220047,300,1475,0.0328874024526198,9.833333333333334,8.408004361720517,59,6.0,0.3465491525423727,0.0968710660454579,0.0732265446224256,-0.1039123626210987,5,4,2.60726867335563,,,7,0.2624466532605573,barabasi_albert
barabasi_albert_16.pkl,affinity,5,5,5,-17.600000000000048,848.0,777.0,71.0,0.007866033634612342,0.25289017341040465,262.0,16933.0,8.63759183883667,300,1475,0.0328874024526198,9.833333333333334,8.431836996725767,65,6.610169491525423,0.3394734463276836,0.0869259739194531,0.070631498858737,-0.0841273964279657,5,4,2.607068004459309,,,6,0.2715325481183568,barabasi_albert
barabasi_albert_16.pkl,affinity_periodic,13,13,18,-15.600000000000087,829.0,746.0,83.0,0.004259560726761138,0.1235813366960908,333.0,72601.0,36.34141945838928,300,1475,0.0328874024526198,9.833333333333334,8.431836996725767,65,6.610169491525423,0.3394734463276836,0.0869259739194531,0.070631498858737,-0.0841273964279657,5,4,2.607068004459309,,,6,0.2715325481183568,barabasi_albert
barabasi_albert_16.pkl,affinity_reactive,28,24,49,-17.600000000000048,848.0,753.0,95.0,0.009448297577364251,0.25289017341040465,323.0,53684.0,26.9888014793396,300,1475,0.0328874024526198,9.833333333333334,8.431836996725767,65,6.610169491525423,0.3394734463276836,0.0869259739194531,0.070631498858737,-0.0841273964279657,5,4,2.607068004459309,,,6,0.2715325481183568,barabasi_albert
barabasi_albert_16.pkl,baseline,1,1,1,-6.400000000000034,827.0,795.0,32.0,0.004679516095031066,0.19492656875834447,169.0,16145.0,6.244287490844727,300,1475,0.0328874024526198,9.833333333333334,8.431836996725767,65,6.610169491525423,0.3394734463276836,0.0869259739194531,0.070631498858737,-0.0841273964279657,5,4,2.607068004459309,,,6,0.2715325481183568,barabasi_albert
barabasi_albert_16.pkl,periodic,13,8,13,-10.600000000000035,814.0,764.0,50.0,0.0024242248946454983,0.09483793517406963,196.0,72525.0,27.16431736946106,300,1475,0.0328874024526198,9.833333333333334,8.431836996725767,65,6.610169491525423,0.3394734463276836,0.0869259739194531,0.070631498858737,-0.0841273964279657,5,4,2.607068004459309,,,6,0.2715325481183568,barabasi_albert
barabasi_albert_16.pkl,reactive,42,23,42,-9.000000000000034,827.0,744.0,83.0,0.00566201028283403,0.19492656875834447,215.0,63707.0,23.745437622070312,300,1475,0.0328874024526198,9.833333333333334,8.431836996725767,65,6.610169491525423,0.3394734463276836,0.0869259739194531,0.070631498858737,-0.0841273964279657,5,4,2.607068004459309,,,6,0.2715325481183568,barabasi_albert
barabasi_albert_17.pkl,affinity,5,5,5,-18.600000000000094,866.0,778.0,88.0,0.007446899201929586,0.24823695345557123,253.0,16669.0,8.586089372634888,300,1475,0.0328874024526198,9.833333333333334,9.249725055421475,88,8.94915254237288,0.3509920903954802,0.1076301071402371,0.0766847405112316,-0.0947900958370608,5,4,2.578840579710145,,,9,0.267127147371445,barabasi_albert
barabasi_albert_17.pkl,affinity_periodic,26,20,26,-9.300000000000187,832.0,766.0,66.0,0.004133243068312895,0.12672521957340024,325.0,75921.0,38.21015381813049,300,1475,0.0328874024526198,9.833333333333334,9.249725055421475,88,8.94915254237288,0.3509920903954802,0.1076301071402371,0.0766847405112316,-0.0947900958370608,5,4,2.578840579710145,,,9,0.267127147371445,barabasi_albert
barabasi_albert_17.pkl,affinity_reactive,37,22,47,-18.600000000000094,866.0,755.0,111.0,0.008837660827506432,0.24823695345557123,310.0,54079.0,27.10502505302429,300,1475,0.0328874024526198,9.833333333333334,9.249725055421475,88,8.94915254237288,0.3509920903954802,0.1076301071402371,0.0766847405112316,-0.0947900958370608,5,4,2.578840579710145,,,9,0.267127147371445,barabasi_albert
barabasi_albert_17.pkl,baseline,2,2,2,-13.20000000000001,864.0,803.0,61.0,0.005935067470434597,0.22530864197530864,194.0,16416.0,6.216775894165039,300,1475,0.0328874024526198,9.833333333333334,9.249725055421475,88,8.94915254237288,0.3509920903954802,0.1076301071402371,0.0766847405112316,-0.0947900958370608,5,4,2.578840579710145,,,9,0.267127147371445,barabasi_albert
barabasi_albert_17.pkl,periodic,45,16,45,-11.900000000000178,825.0,753.0,72.0,0.003091120991828216,0.11033163265306123,235.0,62008.0,23.08037686347961,300,1475,0.0328874024526198,9.833333333333334,9.249725055421475,88,8.94915254237288,0.3509920903954802,0.1076301071402371,0.0766847405112316,-0.0947900958370608,5,4,2.578840579710145,,,9,0.267127147371445,barabasi_albert
barabasi_albert_17.pkl,reactive,37,17,37,-17.900000000000116,864.0,762.0,102.0,0.006720504793503883,0.22530864197530864,231.0,57027.0,21.324564933776852,300,1475,0.0328874024526198,9.833333333333334,9.249725055421475,88,8.94915254237288,0.3509920903954802,0.1076301071402371,0.0766847405112316,-0.0947900958370608,5,4,2.578840579710145,,,9,0.267127147371445,barabasi_albert
barabasi_albert_18.pkl,affinity,5,5,5,-16.000000000000025,854.0,780.0,74.0,0.007810823859883238,0.2786458333333333,294.0,27019.0,13.688985586166382,300,1475,0.0328874024526198,9.833333333333334,7.989471890715347,60,6.101694915254237,0.3376610169491525,0.0800882878800862,0.0679160021265284,-0.0621088386588139,5,4,2.620758082497213,,,7,0.2743103705831657,barabasi_albert
barabasi_albert_18.pkl,affinity_periodic,6,6,6,-17.10000000000009,827.0,752.0,75.0,0.004166726797444992,0.13870776526378187,343.0,72494.0,36.05210781097412,300,1475,0.0328874024526198,9.833333333333334,7.989471890715347,60,6.101694915254237,0.3376610169491525,0.0800882878800862,0.0679160021265284,-0.0621088386588139,5,4,2.620758082497213,,,7,0.2743103705831657,barabasi_albert
barabasi_albert_18.pkl,affinity_reactive,47,22,49,-16.000000000000025,854.0,754.0,100.0,0.009186191637033903,0.2786458333333333,351.0,55860.0,28.02248954772949,300,1475,0.0328874024526198,9.833333333333334,7.989471890715347,60,6.101694915254237,0.3376610169491525,0.0800882878800862,0.0679160021265284,-0.0621088386588139,5,4,2.620758082497213,,,7,0.2743103705831657,barabasi_albert
barabasi_albert_18.pkl,baseline,4,4,4,-18.900000000000084,856.0,771.0,85.0,0.006389465175172293,0.2148997134670487,211.0,16832.0,6.368768930435181,300,1475,0.0328874024526198,9.833333333333334,7.989471890715347,60,6.101694915254237,0.3376610169491525,0.0800882878800862,0.0679160021265284,-0.0621088386588139,5,4,2.620758082497213,,,7,0.2743103705831657,barabasi_albert
barabasi_albert_18.pkl,periodic,32,16,32,-12.40000000000009,826.0,745.0,81.0,0.003151633436258849,0.10489949748743718,234.0,65061.0,24.11978507041931,300,1475,0.0328874024526198,9.833333333333334,7.989471890715347,60,6.101694915254237,0.3376610169491525,0.0800882878800862,0.0679160021265284,-0.0621088386588139,5,4,2.620758082497213,,,7,0.2743103705831657,barabasi_albert
barabasi_albert_18.pkl,reactive,49,18,49,-19.50000000000006,856.0,746.0,110.0,0.006785166390424956,0.2148997134670487,233.0,65687.0,24.347878217697144,300,1475,0.0328874024526198,9.833333333333334,7.989471890715347,60,6.101694915254237,0.3376610169491525,0.0800882878800862,0.0679160021265284,-0.0621088386588139,5,4,2.620758082497213,,,7,0.2743103705831657,barabasi_albert
barabasi_albert_19.pkl,affinity,4,4,4,-17.60000000000008,857.0,781.0,76.0,0.00817917670678644,0.2538787023977433,269.0,16636.0,8.526472091674805,300,1475,0.0328874024526198,9.833333333333334,8.324052803320253,67,6.813559322033898,0.3371954802259886,0.0917380472795543,0.0768342739866598,-0.0670773071177409,5,4,2.6118840579710145,,,8,0.2652968687158862,barabasi_albert
barabasi_albert_19.pkl,affinity_periodic,49,13,49,-16.00000000000006,833.0,753.0,80.0,0.004363494148842857,0.13213399503722084,341.0,62672.0,31.34263277053833,300,1475,0.0328874024526198,9.833333333333334,8.324052803320253,67,6.813559322033898,0.3371954802259886,0.0917380472795543,0.0768342739866598,-0.0670773071177409,5,4,2.6118840579710145,,,8,0.2652968687158862,barabasi_albert
barabasi_albert_19.pkl,affinity_reactive,49,22,49,-18.20000000000001,857.0,754.0,103.0,0.009441168354478731,0.2538787023977433,317.0,54981.0,27.78049945831299,300,1475,0.0328874024526198,9.833333333333334,8.324052803320253,67,6.813559322033898,0.3371954802259886,0.0917380472795543,0.0768342739866598,-0.0670773071177409,5,4,2.6118840579710145,,,8,0.2652968687158862,barabasi_albert
barabasi_albert_19.pkl,baseline,8,8,8,-13.9000000000001,878.0,787.0,91.0,0.006998304967203864,0.2033898305084746,184.0,25831.0,9.885809898376465,300,1475,0.0328874024526198,9.833333333333334,8.324052803320253,67,6.813559322033898,0.3371954802259886,0.0917380472795543,0.0768342739866598,-0.0670773071177409,5,4,2.6118840579710145,,,8,0.2652968687158862,barabasi_albert
barabasi_albert_19.pkl,periodic,16,11,16,-13.30000000000012,824.0,740.0,84.0,0.002966641807334548,0.10583446404341927,217.0,62252.0,23.39202618598938,300,1475,0.0328874024526198,9.833333333333334,8.324052803320253,67,6.813559322033898,0.3371954802259886,0.0917380472795543,0.0768342739866598,-0.0670773071177409,5,4,2.6118840579710145,,,8,0.2652968687158862,barabasi_albert
barabasi_albert_19.pkl,reactive,36,21,36,-16.700000000000063,878.0,742.0,136.0,0.007291027083576843,0.2033898305084746,220.0,61652.0,23.078577756881717,300,1475,0.0328874024526198,9.833333333333334,8.324052803320253,67,6.813559322033898,0.3371954802259886,0.0917380472795543,0.0768342739866598,-0.0670773071177409,5,4,2.6118840579710145,,,8,0.2652968687158862,barabasi_albert
barabasi_albert_2.pkl,affinity,4,4,4,-18.200000000000095,870.0,791.0,79.0,0.007728081789540876,0.24181360201511334,294.0,27264.0,14.002801418304443,300,1475,0.0328874024526198,9.833333333333334,8.487186223292836,61,6.203389830508474,0.3490621468926553,0.0941018814252673,0.0743759979830237,-0.077029582023268,5,4,2.605886287625418,,,9,0.2669628267739155,barabasi_albert
barabasi_albert_2.pkl,affinity_periodic,41,18,41,-13.80000000000005,839.0,757.0,82.0,0.004441990988141015,0.12931538911644236,365.0,70281.0,35.392993688583374,300,1475,0.0328874024526198,9.833333333333334,8.487186223292836,61,6.203389830508474,0.3490621468926553,0.0941018814252673,0.0743759979830237,-0.077029582023268,5,4,2.605886287625418,,,9,0.2669628267739155,barabasi_albert
barabasi_albert_2.pkl,affinity_reactive,14,11,15,-18.200000000000095,870.0,771.0,99.0,0.008427259860537165,0.24181360201511334,326.0,78136.0,39.19913959503174,300,1475,0.0328874024526198,9.833333333333334,8.487186223292836,61,6.203389830508474,0.3490621468926553,0.0941018814252673,0.0743759979830237,-0.077029582023268,5,4,2.605886287625418,,,9,0.2669628267739155,barabasi_albert
barabasi_albert_2.pkl,baseline,3,3,3,-12.7000000000001,850.0,796.0,54.0,0.005377479259079178,0.1972972972972973,182.0,16361.0,6.1946117877960205,300,1475,0.0328874024526198,9.833333333333334,8.487186223292836,61,6.203389830508474,0.3490621468926553,0.0941018814252673,0.0743759979830237,-0.077029582023268,5,4,2.605886287625418,,,9,0.2669628267739155,barabasi_albert
barabasi_albert_2.pkl,periodic,31,17,31,-9.900000000000103,824.0,760.0,64.0,0.002756201585154426,0.10012210012210013,217.0,65392.0,24.58714985847473,300,1475,0.0328874024526198,9.833333333333334,8.487186223292836,61,6.203389830508474,0.3490621468926553,0.0941018814252673,0.0743759979830237,-0.077029582023268,5,4,2.605886287625418,,,9,0.2669628267739155,barabasi_albert
barabasi_albert_2.pkl,reactive,32,15,32,-16.50000000000009,850.0,766.0,84.0,0.00560828720655261,0.1972972972972973,207.0,58647.0,21.87131953239441,300,1475,0.0328874024526198,9.833333333333334,8.487186223292836,61,6.203389830508474,0.3490621468926553,0.0941018814252673,0.0743759979830237,-0.077029582023268,5,4,2.605886287625418,,,9,0.2669628267739155,barabasi_albert
barabasi_albert_20.pkl,affinity,3,3,4,-12.300000000000018,842.0,791.0,51.0,0.0071773319211688846,0.25644329896907214,263.0,26965.0,13.712546825408936,300,1475,0.0328874024526198,9.833333333333334,8.946079028761805,76,7.728813559322034,0.349534463276836,0.107027525631269,0.0798191565975834,-0.0930874701718631,5,4,2.5927759197324414,,,6,0.2748490663602413,barabasi_albert
barabasi_albert_20.pkl,affinity_periodic,12,12,12,-16.200000000000085,831.0,741.0,90.0,0.004326060678161283,0.12507444907683143,350.0,77762.0,38.57401156425476,300,1475,0.0328874024526198,9.833333333333334,8.946079028761805,76,7.728813559322034,0.349534463276836,0.107027525631269,0.0798191565975834,-0.0930874701718631,5,4,2.5927759197324414,,,6,0.2748490663602413,barabasi_albert
barabasi_albert_20.pkl,affinity_reactive,37,17,37,-12.300000000000018,842.0,756.0,86.0,0.008942273788607472,0.25644329896907214,326.0,61886.0,30.90159320831299,300,1475,0.0328874024526198,9.833333333333334,8.946079028761805,76,7.728813559322034,0.349534463276836,0.107027525631269,0.0798191565975834,-0.0930874701718631,5,4,2.5927759197324414,,,6,0.2748490663602413,barabasi_albert
barabasi_albert_20.pkl,baseline,1,1,1,-9.20000000000004,848.0,802.0,46.0,0.004950759111591657,0.1945578231292517,175.0,16140.0,6.226125955581665,300,1475,0.0328874024526198,9.833333333333334,8.946079028761805,76,7.728813559322034,0.349534463276836,0.107027525631269,0.0798191565975834,-0.0930874701718631,5,4,2.5927759197324414,,,6,0.2748490663602413,barabasi_albert
barabasi_albert_20.pkl,periodic,31,16,31,-9.599999999999971,806.0,749.0,57.0,0.0027790284678999503,0.10369921164342026,220.0,61595.0,23.067912817001343,300,1475,0.0328874024526198,9.833333333333334,8.946079028761805,76,7.728813559322034,0.349534463276836,0.107027525631269,0.0798191565975834,-0.0930874701718631,5,4,2.5927759197324414,,,6,0.2748490663602413,barabasi_albert
barabasi_albert_20.pkl,reactive,33,15,33,-17.500000000000046,848.0,748.0,100.0,0.0060166453821173145,0.1945578231292517,223.0,64938.0,24.058879613876343,300,1475,0.0328874024526198,9.833333333333334,8.946079028761805,76,7.728813559322034,0.349534463276836,0.107027525631269,0.0798191565975834,-0.0930874701718631,5,4,2.5927759197324414,,,6,0.2748490663602413,barabasi_albert
barabasi_albert_21.pkl,affinity,7,7,7,-21.800000000000058,858.0,752.0,106.0,0.009918326392895197,0.28328611898017,340.0,27151.0,13.881198406219482,300,1475,0.0328874024526198,9.833333333333334,8.020389290434887,68,6.915254237288135,0.3331887005649716,0.0832699088686944,0.0715358120639406,-0.0669217537623772,5,4,2.6183277591973244,,,6,0.2674210858948578,barabasi_albert
barabasi_albert_21.pkl,affinity_periodic,14,14,23,-14.50000000000001,826.0,749.0,77.0,0.004441287252783941,0.13942011104256632,352.0,74788.0,37.2105860710144,300,1475,0.0328874024526198,9.833333333333334,8.020389290434887,68,6.915254237288135,0.3331887005649716,0.0832699088686944,0.0715358120639406,-0.0669217537623772,5,4,2.6183277591973244,,,6,0.2674210858948578,barabasi_albert
barabasi_albert_21.pkl,affinity_reactive,23,13,23,-21.800000000000058,858.0,751.0,107.0,0.0099770279868072,0.28328611898017,353.0,67307.0,33.4784893989563,300,1475,0.0328874024526198,9.833333333333334,8.020389290434887,68,6.915254237288135,0.3331887005649716,0.0832699088686944,0.0715358120639406,-0.0669217537623772,5,4,2.6183277591973244,,,6,0.2674210858948578,barabasi_albert
barabasi_albert_21.pkl,baseline,1,1,1,-3.6000000000001013,888.0,870.0,18.0,0.00467993536558839,0.19968304278922344,140.0,15875.0,5.952756881713867,300,1475,0.0328874024526198,9.833333333333334,8.020389290434887,68,6.915254237288135,0.3331887005649716,0.0832699088686944,0.0715358120639406,-0.0669217537623772,5,4,2.6183277591973244,,,6,0.2674210858948578,barabasi_albert
barabasi_albert_21.pkl,periodic,31,17,31,-14.4,829.0,742.0,87.0,0.003153400925604183,0.10423452768729642,233.0,65296.0,24.33003616333008,300,1475,0.0328874024526198,9.833333333333334,8.020389290434887,68,6.915254237288135,0.3331887005649716,0.0832699088686944,0.0715358120639406,-0.0669217537623772,5,4,2.6183277591973244,,,6,0.2674210858948578,barabasi_albert
barabasi_albert_21.pkl,reactive,49,25,49,-24.30000000000009,888.0,762.0,126.0,0.006032371391967936,0.19968304278922344,215.0,57445.0,21.41465473175049,300,1475,0.0328874024526198,9.833333333333334,8.020389290434887,68,6.915254237288135,0.3331887005649716,0.0832699088686944,0.0715358120639406,-0.0669217537623772,5,4,2.6183277591973244,,,6,0.2674210858948578,barabasi_albert
barabasi_albert_22.pkl,affinity,4,4,4,-15.200000000000125,882.0,814.0,68.0,0.00806677124610933,0.26631853785900783,287.0,16564.0,8.554835557937622,300,1475,0.0328874024526198,9.833333333333334,8.858166435416946,76,7.728813559322034,0.3406689265536722,0.1025079175142324,0.0753634894991922,-0.1081070905409417,5,4,2.583500557413601,,,8,0.2656705544383798,barabasi_albert
barabasi_albert_22.pkl,affinity_periodic,34,9,40,-14.900000000000091,846.0,779.0,67.0,0.004073619371241835,0.14483173076923078,338.0,73964.0,37.21840834617615,300,1475,0.0328874024526198,9.833333333333334,8.858166435416946,76,7.728813559322034,0.3406689265536722,0.1025079175142324,0.0753634894991922,-0.1081070905409417,5,4,2.583500557413601,,,8,0.2656705544383798,barabasi_albert
barabasi_albert_22.pkl,affinity_reactive,49,27,49,-14.999999999999984,882.0,742.0,140.0,0.011843226772530226,0.26631853785900783,395.0,47755.0,23.98397159576416,300,1475,0.0328874024526198,9.833333333333334,8.858166435416946,76,7.728813559322034,0.3406689265536722,0.1025079175142324,0.0753634894991922,-0.1081070905409417,5,4,2.583500557413601,,,8,0.2656705544383798,barabasi_albert
barabasi_albert_22.pkl,baseline,2,2,2,-6.900000000000117,860.0,828.0,32.0,0.005451229239722538,0.2144927536231884,172.0,15994.0,6.159520149230957,300,1475,0.0328874024526198,9.833333333333334,8.858166435416946,76,7.728813559322034,0.3406689265536722,0.1025079175142324,0.0753634894991922,-0.1081070905409417,5,4,2.583500557413601,,,8,0.2656705544383798,barabasi_albert
barabasi_albert_22.pkl,periodic,27,12,27,-11.400000000000002,812.0,748.0,64.0,0.003063089505587972,0.11412358133669609,233.0,69117.0,25.703535556793213,300,1475,0.0328874024526198,9.833333333333334,8.858166435416946,76,7.728813559322034,0.3406689265536722,0.1025079175142324,0.0753634894991922,-0.1081070905409417,5,4,2.583500557413601,,,8,0.2656705544383798,barabasi_albert
barabasi_albert_22.pkl,reactive,21,17,21,-20.300000000000086,860.0,753.0,107.0,0.006107922479916808,0.2144927536231884,232.0,64101.0,23.45637035369873,300,1475,0.0328874024526198,9.833333333333334,8.858166435416946,76,7.728813559322034,0.3406689265536722,0.1025079175142324,0.0753634894991922,-0.1081070905409417,5,4,2.583500557413601,,,8,0.2656705544383798,barabasi_albert
barabasi_albert_23.pkl,affinity,5,5,5,-17.000000000000096,860.0,778.0,82.0,0.00917799045040151,0.30140845070422534,311.0,16703.0,8.5948326587677,300,1475,0.0328874024526198,9.833333333333334,8.685063229469806,66,6.711864406779661,0.3476045197740112,0.1045150052450281,0.0749197728955813,-0.1119768879779941,5,4,2.594715719063545,,,8,0.2728195346164895,barabasi_albert
barabasi_albert_23.pkl,affinity_periodic,13,12,13,-10.499999999999938,816.0,752.0,64.0,0.004417216727570291,0.15036674816625917,357.0,78681.0,40.02806329727173,300,1475,0.0328874024526198,9.833333333333334,8.685063229469806,66,6.711864406779661,0.3476045197740112,0.1045150052450281,0.0749197728955813,-0.1119768879779941,5,4,2.594715719063545,,,8,0.2728195346164895,barabasi_albert
barabasi_albert_23.pkl,affinity_reactive,34,10,39,-17.000000000000096,860.0,756.0,104.0,0.010343621508132159,0.30140845070422534,351.0,58922.0,30.15717959403992,300,1475,0.0328874024526198,9.833333333333334,8.685063229469806,66,6.711864406779661,0.3476045197740112,0.1045150052450281,0.0749197728955813,-0.1119768879779941,5,4,2.594715719063545,,,8,0.2728195346164895,barabasi_albert
barabasi_albert_23.pkl,baseline,5,5,5,-19.500000000000064,870.0,782.0,88.0,0.006302711673470332,0.21791044776119403,202.0,26641.0,9.989557981491089,300,1475,0.0328874024526198,9.833333333333334,8.685063229469806,66,6.711864406779661,0.3476045197740112,0.1045150052450281,0.0749197728955813,-0.1119768879779941,5,4,2.594715719063545,,,8,0.2728195346164895,barabasi_albert
barabasi_albert_23.pkl,periodic,30,11,30,-17.400000000000098,813.0,734.0,79.0,0.0030908592999415734,0.11445012787723785,239.0,71968.0,26.75088572502136,300,1475,0.0328874024526198,9.833333333333334,8.685063229469806,66,6.711864406779661,0.3476045197740112,0.1045150052450281,0.0749197728955813,-0.1119768879779941,5,4,2.594715719063545,,,8,0.2728195346164895,barabasi_albert
barabasi_albert_23.pkl,reactive,43,18,43,-26.100000000000147,870.0,730.0,140.0,0.006935924759221572,0.21791044776119403,250.0,67478.0,25.547089099884037,300,1475,0.0328874024526198,9.833333333333334,8.685063229469806,66,6.711864406779661,0.3476045197740112,0.1045150052450281,0.0749197728955813,-0.1119768879779941,5,4,2.594715719063545,,,8,0.2728195346164895,barabasi_albert
barabasi_albert_24.pkl,affinity,2,2,3,-16.200000000000067,861.0,789.0,72.0,0.007379543523716745,0.26265389876880985,271.0,16753.0,8.856976985931396,300,1475,0.0328874024526198,9.833333333333334,8.52061569734027,73,7.423728813559322,0.3456790960451976,0.0953592462268142,0.0707197588242683,-0.1011234083291081,5,4,2.603032329988852,,,6,0.2663096811261132,barabasi_albert
barabasi_albert_24.pkl,affinity_periodic,32,13,32,-12.599999999999987,827.0,756.0,71.0,0.004065022083329626,0.1327217125382263,330.0,64878.0,32.4561665058136,300,1475,0.0328874024526198,9.833333333333334,8.52061569734027,73,7.423728813559322,0.3456790960451976,0.0953592462268142,0.0707197588242683,-0.1011234083291081,5,4,2.603032329988852,,,6,0.2663096811261132,barabasi_albert
barabasi_albert_24.pkl,affinity_reactive,49,22,49,-16.800000000000086,861.0,750.0,111.0,0.009319554827028903,0.26265389876880985,342.0,58668.0,29.161518096923828,300,1475,0.0328874024526198,9.833333333333334,8.52061569734027,73,7.423728813559322,0.3456790960451976,0.0953592462268142,0.0707197588242683,-0.1011234083291081,5,4,2.603032329988852,,,6,0.2663096811261132,barabasi_albert
barabasi_albert_24.pkl,baseline,3,3,3,-14.900000000000077,875.0,811.0,64.0,0.0055362712511483995,0.2018348623853211,175.0,26809.0,10.21351170539856,300,1475,0.0328874024526198,9.833333333333334,8.52061569734027,73,7.423728813559322,0.3456790960451976,0.0953592462268142,0.0707197588242683,-0.1011234083291081,5,4,2.603032329988852,,,6,0.2663096811261132,barabasi_albert
barabasi_albert_24.pkl,periodic,34,16,34,-13.300000000000146,818.0,737.0,81.0,0.003046947636753178,0.10388782664117271,233.0,70682.0,27.18496012687683,300,1475,0.0328874024526198,9.833333333333334,8.52061569734027,73,7.423728813559322,0.3456790960451976,0.0953592462268142,0.0707197588242683,-0.1011234083291081,5,4,2.603032329988852,,,6,0.2663096811261132,barabasi_albert
barabasi_albert_24.pkl,reactive,36,15,36,-21.90000000000019,875.0,747.0,128.0,0.006488117135511087,0.2018348623853211,228.0,58199.0,21.976645469665527,300,1475,0.0328874024526198,9.833333333333334,8.52061569734027,73,7.423728813559322,0.3456790960451976,0.0953592462268142,0.0707197588242683,-0.1011234083291081,5,4,2.603032329988852,,,6,0.2663096811261132,barabasi_albert
barabasi_albert_25.pkl,affinity,3,3,3,-24.500000000000075,888.0,779.0,109.0,0.00861364822287574,0.28761061946902655,304.0,27189.0,13.72325849533081,300,1475,0.0328874024526198,9.833333333333334,8.237622044338613,69,7.016949152542373,0.339489265536723,0.0937997223211088,0.0732717700871666,-0.071348161606974,5,4,2.6133333333333333,,,9,0.2773759264579144,barabasi_albert
barabasi_albert_25.pkl,affinity_periodic,13,12,47,-19.900000000000002,838.0,736.0,102.0,0.004770269471006012,0.14841218405703174,369.0,71098.0,35.736270904541016,300,1475,0.0328874024526198,9.833333333333334,8.237622044338613,69,7.016949152542373,0.339489265536723,0.0937997223211088,0.0732717700871666,-0.071348161606974,5,4,2.6133333333333333,,,9,0.2773759264579144,barabasi_albert
barabasi_albert_25.pkl,affinity_reactive,21,12,21,-25.10000000000001,888.0,765.0,123.0,0.008845891799140065,0.28761061946902655,322.0,71471.0,36.06118369102478,300,1475,0.0328874024526198,9.833333333333334,8.237622044338613,69,7.016949152542373,0.339489265536723,0.0937997223211088,0.0732717700871666,-0.071348161606974,5,4,2.6133333333333333,,,9,0.2773759264579144,barabasi_albert
barabasi_albert_25.pkl,baseline,5,5,5,-23.600000000000076,871.0,773.0,98.0,0.006961566318753829,0.2128935532233883,214.0,16938.0,6.514470100402832,300,1475,0.0328874024526198,9.833333333333334,8.237622044338613,69,7.016949152542373,0.339489265536723,0.0937997223211088,0.0732717700871666,-0.071348161606974,5,4,2.6133333333333333,,,9,0.2773759264579144,barabasi_albert
barabasi_albert_25.pkl,periodic,47,15,47,-14.500000000000098,824.0,746.0,78.0,0.0030427146587730792,0.11004478566858605,234.0,68191.0,26.068663597106934,300,1475,0.0328874024526198,9.833333333333334,8.237622044338613,69,7.016949152542373,0.339489265536723,0.0937997223211088,0.0732717700871666,-0.071348161606974,5,4,2.6133333333333333,,,9,0.2773759264579144,barabasi_albert
barabasi_albert_25.pkl,reactive,37,21,37,-23.600000000000076,871.0,736.0,135.0,0.00787860117558432,0.2128935532233883,248.0,60043.0,22.91750431060791,300,1475,0.0328874024526198,9.833333333333334,8.237622044338613,69,7.016949152542373,0.339489265536723,0.0937997223211088,0.0732717700871666,-0.071348161606974,5,4,2.6133333333333333,,,9,0.2773759264579144,barabasi_albert
barabasi_albert_26.pkl,affinity,7,7,7,-25.400000000000066,858.0,739.0,119.0,0.009820352619623074,0.2776203966005666,332.0,33569.0,16.99975562095642,300,1475,0.0328874024526198,9.833333333333334,7.823228141293377,54,5.491525423728813,0.3288361581920902,0.0886709416821957,0.0788583795482213,-0.0393377881366042,5,4,2.6391750278706803,,,7,0.2686894570525711,barabasi_albert
barabasi_albert_26.pkl,affinity_periodic,40,15,46,-23.70000000000004,832.0,722.0,110.0,0.004777186551387257,0.13906056860321384,372.0,64104.0,32.51752305030823,300,1475,0.0328874024526198,9.833333333333334,7.823228141293377,54,5.491525423728813,0.3288361581920902,0.0886709416821957,0.0788583795482213,-0.0393377881366042,5,4,2.6391750278706803,,,7,0.2686894570525711,barabasi_albert
barabasi_albert_26.pkl,affinity_reactive,14,12,14,-25.400000000000066,858.0,727.0,131.0,0.010279763751610736,0.2776203966005666,354.0,63479.0,32.264278173446655,300,1475,0.0328874024526198,9.833333333333334,7.823228141293377,54,5.491525423728813,0.3288361581920902,0.0886709416821957,0.0788583795482213,-0.0393377881366042,5,4,2.6391750278706803,,,7,0.2686894570525711,barabasi_albert
barabasi_albert_26.pkl,baseline,3,3,3,-19.800000000000022,852.0,770.0,82.0,0.005943416879752231,0.20260492040520983,200.0,26971.0,10.51470947265625,300,1475,0.0328874024526198,9.833333333333334,7.823228141293377,54,5.491525423728813,0.3288361581920902,0.0886709416821957,0.0788583795482213,-0.0393377881366042,5,4,2.6391750278706803,,,7,0.2686894570525711,barabasi_albert
barabasi_albert_26.pkl,periodic,34,16,34,-11.000000000000098,813.0,739.0,74.0,0.002999476986288092,0.10237203495630462,229.0,61817.0,24.03423047065735,300,1475,0.0328874024526198,9.833333333333334,7.823228141293377,54,5.491525423728813,0.3288361581920902,0.0886709416821957,0.0788583795482213,-0.0393377881366042,5,4,2.6391750278706803,,,7,0.2686894570525711,barabasi_albert
barabasi_albert_26.pkl,reactive,27,17,27,-20.80000000000017,852.0,736.0,116.0,0.00654772365784152,0.20260492040520983,228.0,57624.0,22.178702116012573,300,1475,0.0328874024526198,9.833333333333334,7.823228141293377,54,5.491525423728813,0.3288361581920902,0.0886709416821957,0.0788583795482213,-0.0393377881366042,5,4,2.6391750278706803,,,7,0.2686894570525711,barabasi_albert
barabasi_albert_27.pkl,affinity,5,5,5,-18.600000000000115,857.0,770.0,87.0,0.009067240733781717,0.24743589743589745,305.0,16559.0,8.89342713356018,300,1475,0.0328874024526198,9.833333333333334,7.770897312345528,58,5.898305084745762,0.3350079096045197,0.0775779576995352,0.0704538241827991,-0.0554056756837256,5,4,2.634158305462653,,,8,0.2687004883654122,barabasi_albert
barabasi_albert_27.pkl,affinity_periodic,22,16,30,-14.50000000000011,833.0,747.0,86.0,0.004397506335306215,0.141086186540732,352.0,68472.0,34.43790793418884,300,1475,0.0328874024526198,9.833333333333334,7.770897312345528,58,5.898305084745762,0.3350079096045197,0.0775779576995352,0.0704538241827991,-0.0554056756837256,5,4,2.634158305462653,,,8,0.2687004883654122,barabasi_albert
barabasi_albert_27.pkl,affinity_reactive,48,21,48,-18.600000000000115,857.0,733.0,124.0,0.010803289177913683,0.24743589743589745,373.0,52941.0,26.663520097732544,300,1475,0.0328874024526198,9.833333333333334,7.770897312345528,58,5.898305084745762,0.3350079096045197,0.0775779576995352,0.0704538241827991,-0.0554056756837256,5,4,2.634158305462653,,,8,0.2687004883654122,barabasi_albert
barabasi_albert_27.pkl,baseline,2,2,2,-11.900000000000087,852.0,794.0,58.0,0.0055702526843400095,0.21014492753623187,186.0,16154.0,6.392352104187012,300,1475,0.0328874024526198,9.833333333333334,7.770897312345528,58,5.898305084745762,0.3350079096045197,0.0775779576995352,0.0704538241827991,-0.0554056756837256,5,4,2.634158305462653,,,8,0.2687004883654122,barabasi_albert
barabasi_albert_27.pkl,periodic,9,7,9,-9.700000000000063,818.0,765.0,53.0,0.002720632307016776,0.10489949748743718,212.0,70726.0,27.65093207359314,300,1475,0.0328874024526198,9.833333333333334,7.770897312345528,58,5.898305084745762,0.3350079096045197,0.0775779576995352,0.0704538241827991,-0.0554056756837256,5,4,2.634158305462653,,,8,0.2687004883654122,barabasi_albert
barabasi_albert_27.pkl,reactive,40,18,40,-14.800000000000088,852.0,754.0,98.0,0.006129068353720575,0.21014492753623187,223.0,66685.0,25.362075328826904,300,1475,0.0328874024526198,9.833333333333334,7.770897312345528,58,5.898305084745762,0.3350079096045197,0.0775779576995352,0.0704538241827991,-0.0554056756837256,5,4,2.634158305462653,,,8,0.2687004883654122,barabasi_albert
barabasi_albert_28.pkl,affinity,3,3,3,-16.10000000000003,860.0,790.0,70.0,0.008539593895863602,0.2865013774104683,309.0,16725.0,8.835889101028442,300,1475,0.0328874024526198,9.833333333333334,8.038716237770402,71,7.220338983050847,0.329541242937853,0.0787138999249462,0.0720581754076685,-0.0547883186925522,5,4,2.62546265328874,,,6,0.2714224648089629,barabasi_albert
barabasi_albert_28.pkl,affinity_periodic,9,6,9,-15.700000000000093,844.0,772.0,72.0,0.0040136034849996465,0.14390691977954684,323.0,78325.0,40.41060757637024,300,1475,0.0328874024526198,9.833333333333334,8.038716237770402,71,7.220338983050847,0.329541242937853,0.0787138999249462,0.0720581754076685,-0.0547883186925522,5,4,2.62546265328874,,,6,0.2714224648089629,barabasi_albert
barabasi_albert_28.pkl,affinity_reactive,26,18,26,-16.499999999999986,860.0,766.0,94.0,0.0103993790976681,0.2865013774104683,376.0,70599.0,36.02687311172485,300,1475,0.0328874024526198,9.833333333333334,8.038716237770402,71,7.220338983050847,0.329541242937853,0.0787138999249462,0.0720581754076685,-0.0547883186925522,5,4,2.62546265328874,,,6,0.2714224648089629,barabasi_albert
barabasi_albert_28.pkl,baseline,3,3,3,-11.200000000000047,849.0,799.0,50.0,0.005797489421058038,0.22550335570469798,207.0,16475.0,6.64297342300415,300,1475,0.0328874024526198,9.833333333333334,8.038716237770402,71,7.220338983050847,0.329541242937853,0.0787138999249462,0.0720581754076685,-0.0547883186925522,5,4,2.62546265328874,,,6,0.2714224648089629,barabasi_albert
barabasi_albert_28.pkl,periodic,13,7,13,-9.80000000000011,829.0,782.0,47.0,0.0027815774146375035,0.11172161172161173,224.0,78807.0,30.130359649658203,300,1475,0.0328874024526198,9.833333333333334,8.038716237770402,71,7.220338983050847,0.329541242937853,0.0787138999249462,0.0720581754076685,-0.0547883186925522,5,4,2.62546265328874,,,6,0.2714224648089629,barabasi_albert
barabasi_albert_28.pkl,reactive,49,20,49,-15.000000000000126,849.0,755.0,94.0,0.006414514611765026,0.22550335570469798,243.0,58000.0,22.35957884788513,300,1475,0.0328874024526198,9.833333333333334,8.038716237770402,71,7.220338983050847,0.329541242937853,0.0787138999249462,0.0720581754076685,-0.0547883186925522,5,4,2.62546265328874,,,6,0.2714224648089629,barabasi_albert
barabasi_albert_29.pkl,affinity,5,5,5,-20.80000000000008,857.0,766.0,91.0,0.00847664671359964,0.26639892904953144,309.0,27352.0,14.19994592666626,300,1475,0.0328874024526198,9.833333333333334,8.752957773700432,79,8.033898305084746,0.3370666666666666,0.0946615072626764,0.0720499938732998,-0.0910576056707097,5,4,2.5950278706800445,,,7,0.2694428037920138,barabasi_albert
barabasi_albert_29.pkl,affinity_periodic,49,14,49,-15.20000000000006,832.0,759.0,73.0,0.004280701475041439,0.13772090188909203,336.0,61819.0,31.579711198806763,300,1475,0.0328874024526198,9.833333333333334,8.752957773700432,79,8.033898305084746,0.3370666666666666,0.0946615072626764,0.0720499938732998,-0.0910576056707097,5,4,2.5950278706800445,,,7,0.2694428037920138,barabasi_albert
barabasi_albert_29.pkl,affinity_reactive,15,7,18,-20.80000000000008,857.0,764.0,93.0,0.0085815810668953,0.26639892904953144,317.0,72938.0,37.27124214172363,300,1475,0.0328874024526198,9.833333333333334,8.752957773700432,79,8.033898305084746,0.3370666666666666,0.0946615072626764,0.0720499938732998,-0.0910576056707097,5,4,2.5950278706800445,,,7,0.2694428037920138,barabasi_albert
barabasi_albert_29.pkl,baseline,5,5,5,-16.60000000000011,847.0,774.0,73.0,0.005673991302634124,0.20448179271708683,201.0,27306.0,10.769298553466797,300,1475,0.0328874024526198,9.833333333333334,8.752957773700432,79,8.033898305084746,0.3370666666666666,0.0946615072626764,0.0720499938732998,-0.0910576056707097,5,4,2.5950278706800445,,,7,0.2694428037920138,barabasi_albert
barabasi_albert_29.pkl,periodic,25,11,25,-10.899999999999988,824.0,759.0,65.0,0.0026940521664699825,0.10240592227020358,215.0,66106.0,25.252853393554688,300,1475,0.0328874024526198,9.833333333333334,8.752957773700432,79,8.033898305084746,0.3370666666666666,0.0946615072626764,0.0720499938732998,-0.0910576056707097,5,4,2.5950278706800445,,,7,0.2694428037920138,barabasi_albert
barabasi_albert_29.pkl,reactive,42,20,42,-16.80000000000008,847.0,754.0,93.0,0.00596262080844558,0.20448179271708683,222.0,70270.0,27.00381636619568,300,1475,0.0328874024526198,9.833333333333334,8.752957773700432,79,8.033898305084746,0.3370666666666666,0.0946615072626764,0.0720499938732998,-0.0910576056707097,5,4,2.5950278706800445,,,7,0.2694428037920138,barabasi_albert
barabasi_albert_3.pkl,affinity,6,6,7,-14.600000000000069,847.0,765.0,82.0,0.008848102965180077,0.2574931880108992,295.0,26889.0,14.080646276474,300,1475,0.0328874024526198,9.833333333333334,8.88982482995286,77,7.830508474576271,0.3436203389830508,0.1054765342929861,0.0804218322331347,-0.0866826362923672,5,4,2.599442586399108,,,9,0.2673990232691755,barabasi_albert
barabasi_albert_3.pkl,affinity_periodic,48,13,48,-12.000000000000107,835.0,751.0,84.0,0.004035121870049357,0.1308868501529052,322.0,64200.0,32.77270460128784,300,1475,0.0328874024526198,9.833333333333334,8.88982482995286,77,7.830508474576271,0.3436203389830508,0.1054765342929861,0.0804218322331347,-0.0866826362923672,5,4,2.599442586399108,,,9,0.2673990232691755,barabasi_albert
barabasi_albert_3.pkl,affinity_reactive,45,11,45,-14.600000000000069,847.0,760.0,87.0,0.009540511698121241,0.2574931880108992,318.0,54215.0,28.14025568962097,300,1475,0.0328874024526198,9.833333333333334,8.88982482995286,77,7.830508474576271,0.3436203389830508,0.1054765342929861,0.0804218322331347,-0.0866826362923672,5,4,2.599442586399108,,,9,0.2673990232691755,barabasi_albert
barabasi_albert_3.pkl,baseline,4,4,4,-13.400000000000176,861.0,804.0,57.0,0.006096535490481841,0.20454545454545456,187.0,16173.0,6.185614109039307,300,1475,0.0328874024526198,9.833333333333334,8.88982482995286,77,7.830508474576271,0.3436203389830508,0.1054765342929861,0.0804218322331347,-0.0866826362923672,5,4,2.599442586399108,,,9,0.2673990232691755,barabasi_albert
barabasi_albert_3.pkl,periodic,44,19,44,-14.700000000000061,819.0,722.0,97.0,0.003174021274760669,0.10572139303482588,237.0,61074.0,23.20351505279541,300,1475,0.0328874024526198,9.833333333333334,8.88982482995286,77,7.830508474576271,0.3436203389830508,0.1054765342929861,0.0804218322331347,-0.0866826362923672,5,4,2.599442586399108,,,9,0.2673990232691755,barabasi_albert
barabasi_albert_3.pkl,reactive,46,24,46,-16.40000000000008,861.0,737.0,124.0,0.00729498436414874,0.20454545454545456,243.0,55603.0,21.395841360092163,300,1475,0.0328874024526198,9.833333333333334,8.88982482995286,77,7.830508474576271,0.3436203389830508,0.1054765342929861,0.0804218322331347,-0.0866826362923672,5,4,2.599442586399108,,,9,0.2673990232691755,barabasi_albert
barabasi_albert_4.pkl,affinity,5,5,5,-22.90000000000005,864.0,772.0,92.0,0.008111441913343967,0.2542857142857143,269.0,26940.0,13.803571224212646,300,1475,0.0328874024526198,9.833333333333334,8.528070248465637,71,7.220338983050847,0.3457333333333332,0.0967329403148546,0.0756840431763032,-0.0749207552112458,5,4,2.6043701226309923,,,7,0.2579166906061477,barabasi_albert
barabasi_albert_4.pkl,affinity_periodic,24,16,29,-13.400000000000066,838.0,750.0,88.0,0.004512868736803122,0.13024142312579415,346.0,64790.0,33.05602049827576,300,1475,0.0328874024526198,9.833333333333334,8.528070248465637,71,7.220338983050847,0.3457333333333332,0.0967329403148546,0.0756840431763032,-0.0749207552112458,5,4,2.6043701226309923,,,7,0.2579166906061477,barabasi_albert
barabasi_albert_4.pkl,affinity_reactive,49,29,49,-22.90000000000005,864.0,740.0,124.0,0.010192068589303277,0.2542857142857143,340.0,56685.0,28.752139568328857,300,1475,0.0328874024526198,9.833333333333334,8.528070248465637,71,7.220338983050847,0.3457333333333332,0.0967329403148546,0.0756840431763032,-0.0749207552112458,5,4,2.6043701226309923,,,7,0.2579166906061477,barabasi_albert
barabasi_albert_4.pkl,baseline,4,4,4,-17.20000000000008,886.0,811.0,75.0,0.005536968787736201,0.1986754966887417,161.0,16205.0,6.3797454833984375,300,1475,0.0328874024526198,9.833333333333334,8.528070248465637,71,7.220338983050847,0.3457333333333332,0.0967329403148546,0.0756840431763032,-0.0749207552112458,5,4,2.6043701226309923,,,7,0.2579166906061477,barabasi_albert
barabasi_albert_4.pkl,periodic,30,11,30,-16.20000000000001,827.0,750.0,77.0,0.002963936869717547,0.102803738317757,219.0,71919.0,28.00416731834412,300,1475,0.0328874024526198,9.833333333333334,8.528070248465637,71,7.220338983050847,0.3457333333333332,0.0967329403148546,0.0756840431763032,-0.0749207552112458,5,4,2.6043701226309923,,,7,0.2579166906061477,barabasi_albert
barabasi_albert_4.pkl,reactive,39,16,39,-22.000000000000075,886.0,734.0,152.0,0.007051868425696459,0.1986754966887417,221.0,70001.0,26.831189393997192,300,1475,0.0328874024526198,9.833333333333334,8.528070248465637,71,7.220338983050847,0.3457333333333332,0.0967329403148546,0.0756840431763032,-0.0749207552112458,5,4,2.6043701226309923,,,7,0.2579166906061477,barabasi_albert
barabasi_albert_5.pkl,affinity,5,5,6,-16.699999999999996,865.0,786.0,79.0,0.008883799815833685,0.26049204052098407,287.0,26712.0,13.954522132873535,300,1475,0.0328874024526198,9.833333333333334,8.402433686841059,71,7.220338983050847,0.3397785310734462,0.0912505553503875,0.0708531207598371,-0.0776246052344786,5,4,2.6077591973244147,,,8,0.2667688595231255,barabasi_albert
barabasi_albert_5.pkl,affinity_periodic,45,8,45,-14.60000000000013,837.0,771.0,66.0,0.00405152353187472,0.130625,317.0,72181.0,36.7108006477356,300,1475,0.0328874024526198,9.833333333333334,8.402433686841059,71,7.220338983050847,0.3397785310734462,0.0912505553503875,0.0708531207598371,-0.0776246052344786,5,4,2.6077591973244147,,,8,0.2667688595231255,barabasi_albert
barabasi_albert_5.pkl,affinity_reactive,44,16,44,-16.699999999999996,865.0,770.0,95.0,0.009672379745734629,0.26049204052098407,319.0,56363.0,29.208200693130493,300,1475,0.0328874024526198,9.833333333333334,8.402433686841059,71,7.220338983050847,0.3397785310734462,0.0912505553503875,0.0708531207598371,-0.0776246052344786,5,4,2.6077591973244147,,,8,0.2667688595231255,barabasi_albert
barabasi_albert_5.pkl,baseline,2,2,2,-14.00000000000009,864.0,801.0,63.0,0.005209792131999212,0.20726172465960666,172.0,26916.0,10.626521110534668,300,1475,0.0328874024526198,9.833333333333334,8.402433686841059,71,7.220338983050847,0.3397785310734462,0.0912505553503875,0.0708531207598371,-0.0776246052344786,5,4,2.6077591973244147,,,8,0.2667688595231255,barabasi_albert
barabasi_albert_5.pkl,periodic,20,5,20,-14.000000000000062,830.0,766.0,64.0,0.0026730320480016006,0.10335917312661498,205.0,71863.0,27.079012393951416,300,1475,0.0328874024526198,9.833333333333334,8.402433686841059,71,7.220338983050847,0.3397785310734462,0.0912505553503875,0.0708531207598371,-0.0776246052344786,5,4,2.6077591973244147,,,8,0.2667688595231255,barabasi_albert
barabasi_albert_5.pkl,reactive,22,14,22,-16.30000000000008,864.0,769.0,95.0,0.0057273708163729144,0.20726172465960666,199.0,66695.0,25.883694410324097,300,1475,0.0328874024526198,9.833333333333334,8.402433686841059,71,7.220338983050847,0.3397785310734462,0.0912505553503875,0.0708531207598371,-0.0776246052344786,5,4,2.6077591973244147,,,8,0.2667688595231255,barabasi_albert
barabasi_albert_6.pkl,affinity,5,5,5,-30.200000000000102,870.0,740.0,130.0,0.009402670719644164,0.28149300155520995,311.0,17283.0,9.0251727104187,300,1475,0.0328874024526198,9.833333333333334,8.059491727890082,67,6.813559322033898,0.3382508474576271,0.0865161447740467,0.0676781002638522,-0.0803078721020423,5,4,2.6219843924191752,,,9,0.2630775064636598,barabasi_albert
barabasi_albert_6.pkl,affinity_periodic,14,10,15,-14.8000000000001,828.0,745.0,83.0,0.004452925546540634,0.14147286821705427,347.0,76581.0,39.262237787246704,300,1475,0.0328874024526198,9.833333333333334,8.059491727890082,67,6.813559322033898,0.3382508474576271,0.0865161447740467,0.0676781002638522,-0.0803078721020423,5,4,2.6219843924191752,,,9,0.2630775064636598,barabasi_albert
barabasi_albert_6.pkl,affinity_reactive,44,14,49,-30.200000000000102,870.0,734.0,136.0,0.009868682536410777,0.28149300155520995,337.0,56191.0,28.33945178985596,300,1475,0.0328874024526198,9.833333333333334,8.059491727890082,67,6.813559322033898,0.3382508474576271,0.0865161447740467,0.0676781002638522,-0.0803078721020423,5,4,2.6219843924191752,,,9,0.2630775064636598,barabasi_albert
barabasi_albert_6.pkl,baseline,5,5,5,-16.10000000000014,863.0,793.0,70.0,0.00631992938752038,0.22451994091580502,205.0,16722.0,6.766596555709839,300,1475,0.0328874024526198,9.833333333333334,8.059491727890082,67,6.813559322033898,0.3382508474576271,0.0865161447740467,0.0676781002638522,-0.0803078721020423,5,4,2.6219843924191752,,,9,0.2630775064636598,barabasi_albert
barabasi_albert_6.pkl,periodic,31,16,31,-14.30000000000005,826.0,748.0,78.0,0.0031030207977696287,0.11061946902654868,235.0,61670.0,23.305904626846317,300,1475,0.0328874024526198,9.833333333333334,8.059491727890082,67,6.813559322033898,0.3382508474576271,0.0865161447740467,0.0676781002638522,-0.0803078721020423,5,4,2.6219843924191752,,,9,0.2630775064636598,barabasi_albert
barabasi_albert_6.pkl,reactive,37,17,37,-16.10000000000014,863.0,771.0,92.0,0.006618240947820899,0.22451994091580502,226.0,57395.0,22.6737642288208,300,1475,0.0328874024526198,9.833333333333334,8.059491727890082,67,6.813559322033898,0.3382508474576271,0.0865161447740467,0.0676781002638522,-0.0803078721020423,5,4,2.6219843924191752,,,9,0.2630775064636598,barabasi_albert
barabasi_albert_7.pkl,affinity,4,4,4,-22.40000000000009,860.0,768.0,92.0,0.007970998443443782,0.27071005917159763,273.0,16888.0,8.904292821884155,300,1475,0.0328874024526198,9.833333333333334,8.511583031840509,62,6.305084745762711,0.3492836158192089,0.0911042647894588,0.0690276613579212,-0.1092495486700815,5,4,2.597547380156076,,,6,0.2714114334961218,barabasi_albert
barabasi_albert_7.pkl,affinity_periodic,35,9,35,-18.100000000000158,820.0,739.0,81.0,0.003949808604811438,0.135625,313.0,62313.0,31.47825312614441,300,1475,0.0328874024526198,9.833333333333334,8.511583031840509,62,6.305084745762711,0.3492836158192089,0.0911042647894588,0.0690276613579212,-0.1092495486700815,5,4,2.597547380156076,,,6,0.2714114334961218,barabasi_albert
barabasi_albert_7.pkl,affinity_reactive,25,18,25,-22.40000000000009,860.0,741.0,119.0,0.009048178502009768,0.27071005917159763,316.0,56595.0,28.30198884010315,300,1475,0.0328874024526198,9.833333333333334,8.511583031840509,62,6.305084745762711,0.3492836158192089,0.0911042647894588,0.0690276613579212,-0.1092495486700815,5,4,2.597547380156076,,,6,0.2714114334961218,barabasi_albert
barabasi_albert_7.pkl,baseline,2,2,2,-12.300000000000075,862.0,810.0,52.0,0.005646615845516395,0.19640179910044978,170.0,16049.0,6.105481147766113,300,1475,0.0328874024526198,9.833333333333334,8.511583031840509,62,6.305084745762711,0.3492836158192089,0.0911042647894588,0.0690276613579212,-0.1092495486700815,5,4,2.597547380156076,,,6,0.2714114334961218,barabasi_albert
barabasi_albert_7.pkl,periodic,33,16,33,-13.900000000000128,818.0,744.0,74.0,0.002785108317975769,0.09679446888749214,217.0,73202.0,28.27202868461609,300,1475,0.0328874024526198,9.833333333333334,8.511583031840509,62,6.305084745762711,0.3492836158192089,0.0911042647894588,0.0690276613579212,-0.1092495486700815,5,4,2.597547380156076,,,6,0.2714114334961218,barabasi_albert
barabasi_albert_7.pkl,reactive,49,16,49,-18.800000000000132,862.0,754.0,108.0,0.006662040523003865,0.19640179910044978,217.0,57136.0,22.15508198738098,300,1475,0.0328874024526198,9.833333333333334,8.511583031840509,62,6.305084745762711,0.3492836158192089,0.0911042647894588,0.0690276613579212,-0.1092495486700815,5,4,2.597547380156076,,,6,0.2714114334961218,barabasi_albert
barabasi_albert_8.pkl,affinity,6,6,6,-23.700000000000145,887.0,786.0,101.0,0.009533690140112145,0.26368876080691644,316.0,17395.0,8.820353031158447,300,1475,0.0328874024526198,9.833333333333334,8.923619904288257,67,6.813559322033898,0.3528949152542371,0.1029085463082754,0.0756797946578968,-0.1032608856875606,5,4,2.583634336677815,,,6,0.267840735420856,barabasi_albert
barabasi_albert_8.pkl,affinity_periodic,43,13,43,-18.600000000000165,864.0,770.0,94.0,0.004394408643663907,0.13221601489757914,344.0,73831.0,37.386112213134766,300,1475,0.0328874024526198,9.833333333333334,8.923619904288257,67,6.813559322033898,0.3528949152542371,0.1029085463082754,0.0756797946578968,-0.1032608856875606,5,4,2.583634336677815,,,6,0.267840735420856,barabasi_albert
barabasi_albert_8.pkl,affinity_reactive,44,16,44,-23.700000000000145,887.0,779.0,108.0,0.009879185723930099,0.26368876080691644,334.0,55641.0,28.83332872390747,300,1475,0.0328874024526198,9.833333333333334,8.923619904288257,67,6.813559322033898,0.3528949152542371,0.1029085463082754,0.0756797946578968,-0.1032608856875606,5,4,2.583634336677815,,,6,0.267840735420856,barabasi_albert
barabasi_albert_8.pkl,baseline,1,1,1,-4.400000000000094,869.0,847.0,22.0,0.004988948403281578,0.2099125364431487,161.0,15931.0,6.403523206710815,300,1475,0.0328874024526198,9.833333333333334,8.923619904288257,67,6.813559322033898,0.3528949152542371,0.1029085463082754,0.0756797946578968,-0.1032608856875606,5,4,2.583634336677815,,,6,0.267840735420856,barabasi_albert
barabasi_albert_8.pkl,periodic,34,16,34,-14.800000000000082,838.0,748.0,90.0,0.0030750064176861772,0.1021671826625387,240.0,71848.0,27.976564168930054,300,1475,0.0328874024526198,9.833333333333334,8.923619904288257,67,6.813559322033898,0.3528949152542371,0.1029085463082754,0.0756797946578968,-0.1032608856875606,5,4,2.583634336677815,,,6,0.267840735420856,barabasi_albert
barabasi_albert_8.pkl,reactive,40,24,40,-17.500000000000078,869.0,742.0,127.0,0.006899218188714817,0.2099125364431487,249.0,63143.0,24.336612224578857,300,1475,0.0328874024526198,9.833333333333334,8.923619904288257,67,6.813559322033898,0.3528949152542371,0.1029085463082754,0.0756797946578968,-0.1032608856875606,5,4,2.583634336677815,,,6,0.267840735420856,barabasi_albert
barabasi_albert_9.pkl,affinity,5,5,5,-24.80000000000009,878.0,770.0,108.0,0.009031146102918166,0.2612994350282486,310.0,26984.0,13.72695517539978,300,1475,0.0328874024526198,9.833333333333334,8.92474420282406,69,7.016949152542373,0.3466011299435028,0.1061303871319752,0.0714600794000882,-0.1174863692553384,5,4,2.586934225195095,,,7,0.2594534903763286,barabasi_albert
barabasi_albert_9.pkl,affinity_periodic,15,12,30,-21.00000000000009,825.0,735.0,90.0,0.004347353020249557,0.1383177570093458,344.0,64732.0,32.7394802570343,300,1475,0.0328874024526198,9.833333333333334,8.92474420282406,69,7.016949152542373,0.3466011299435028,0.1061303871319752,0.0714600794000882,-0.1174863692553384,5,4,2.586934225195095,,,7,0.2594534903763286,barabasi_albert
barabasi_albert_9.pkl,affinity_reactive,30,12,30,-25.400000000000112,878.0,759.0,119.0,0.009220469470202946,0.2612994350282486,327.0,56448.0,28.6823787689209,300,1475,0.0328874024526198,9.833333333333334,8.92474420282406,69,7.016949152542373,0.3466011299435028,0.1061303871319752,0.0714600794000882,-0.1174863692553384,5,4,2.586934225195095,,,7,0.2594534903763286,barabasi_albert
barabasi_albert_9.pkl,baseline,1,1,1,-6.200000000000025,853.0,822.0,31.0,0.004706349206349206,0.19722222222222222,162.0,16059.0,6.367882966995239,300,1475,0.0328874024526198,9.833333333333334,8.92474420282406,69,7.016949152542373,0.3466011299435028,0.1061303871319752,0.0714600794000882,-0.1174863692553384,5,4,2.586934225195095,,,7,0.2594534903763286,barabasi_albert
barabasi_albert_9.pkl,periodic,48,19,48,-10.80000000000015,821.0,741.0,80.0,0.0030207058234525247,0.09671532846715329,231.0,68239.0,26.015226364135746,300,1475,0.0328874024526198,9.833333333333334,8.92474420282406,69,7.016949152542373,0.3466011299435028,0.1061303871319752,0.0714600794000882,-0.1174863692553384,5,4,2.586934225195095,,,7,0.2594534903763286,barabasi_albert
barabasi_albert_9.pkl,reactive,39,22,39,-15.300000000000164,853.0,753.0,100.0,0.005848863853681462,0.19722222222222222,218.0,64532.0,24.629300832748413,300,1475,0.0328874024526198,9.833333333333334,8.92474420282406,69,7.016949152542373,0.3466011299435028,0.1061303871319752,0.0714600794000882,-0.1174863692553384,5,4,2.586934225195095,,,7,0.2594534903763286,barabasi_albert
planted_partition_0.pkl,affinity,8,8,8,-28.800000000000022,528.0,399.0,129.0,0.010132408240759205,0.2998624484181568,369.0,27577.0,9.868537425994871,300,985,0.0219620958751393,6.566666666666666,2.546994206349808,13,1.9796954314720807,0.2194416243654822,0.0392380582380582,0.0418410041841004,0.0188791708625973,4,6,3.3712151616499444,,,5,0.4773392769718364,planted_partition
planted_partition_0.pkl,affinity_periodic,47,23,49,-26.80000000000009,502.0,346.0,156.0,0.005548544765850732,0.1530550514216576,449.0,69912.0,24.11306619644165,300,985,0.0219620958751393,6.566666666666666,2.546994206349808,13,1.9796954314720807,0.2194416243654822,0.0392380582380582,0.0418410041841004,0.0188791708625973,4,6,3.3712151616499444,,,5,0.4773392769718364,planted_partition
planted_partition_0.pkl,affinity_reactive,19,16,19,-28.800000000000022,528.0,354.0,174.0,0.011529433549354023,0.2998624484181568,422.0,61031.0,21.160293340682983,300,985,0.0219620958751393,6.566666666666666,2.546994206349808,13,1.9796954314720807,0.2194416243654822,0.0392380582380582,0.0418410041841004,0.0188791708625973,4,6,3.3712151616499444,,,5,0.4773392769718364,planted_partition
planted_partition_0.pkl,baseline,4,4,4,-25.100000000000087,541.0,439.0,102.0,0.00652226663927941,0.20317002881844382,211.0,33678.0,9.4022536277771,300,985,0.0219620958751393,6.566666666666666,2.546994206349808,13,1.9796954314720807,0.2194416243654822,0.0392380582380582,0.0418410041841004,0.0188791708625973,4,6,3.3712151616499444,,,5,0.4773392769718364,planted_partition
planted_partition_0.pkl,periodic,20,10,20,-20.20000000000002,499.0,402.0,97.0,0.003119712643653758,0.10407523510971786,244.0,73573.0,19.994725465774536,300,985,0.0219620958751393,6.566666666666666,2.546994206349808,13,1.9796954314720807,0.2194416243654822,0.0392380582380582,0.0418410041841004,0.0188791708625973,4,6,3.3712151616499444,,,5,0.4773392769718364,planted_partition
planted_partition_0.pkl,reactive,21,19,21,-25.500000000000046,541.0,391.0,150.0,0.007312510590270955,0.20317002881844382,250.0,70085.0,19.59942650794983,300,985,0.0219620958751393,6.566666666666666,2.546994206349808,13,1.9796954314720807,0.2194416243654822,0.0392380582380582,0.0418410041841004,0.0188791708625973,4,6,3.3712151616499444,,,5,0.4773392769718364,planted_partition
planted_partition_1.pkl,affinity,3,3,3,-13.100000000000028,465.0,406.0,59.0,0.007814053806281834,0.2916666666666667,279.0,16464.0,5.498048543930054,300,932,0.0207803790412486,6.213333333333333,2.420886447742873,13,2.092274678111588,0.2181616595135906,0.0438612128612128,0.0455100261551874,-0.0462409978629279,4,6,3.447157190635452,,,5,0.4941614553592808,planted_partition
planted_partition_1.pkl,affinity_periodic,49,21,49,-15.100000000000026,438.0,335.0,103.0,0.004718116466675264,0.14416615760537568,370.0,67244.0,21.645729541778564,300,932,0.0207803790412486,6.213333333333333,2.420886447742873,13,2.092274678111588,0.2181616595135906,0.0438612128612128,0.0455100261551874,-0.0462409978629279,4,6,3.447157190635452,,,5,0.4941614553592808,planted_partition
planted_partition_1.pkl,affinity_reactive,39,20,44,-13.500000000000094,465.0,365.0,100.0,0.010032793033600544,0.2916666666666667,349.0,55173.0,18.44335174560547,300,932,0.0207803790412486,6.213333333333333,2.420886447742873,13,2.092274678111588,0.2181616595135906,0.0438612128612128,0.0455100261551874,-0.0462409978629279,4,6,3.447157190635452,,,5,0.4941614553592808,planted_partition
planted_partition_1.pkl,baseline,2,2,2,-8.70000000000003,470.0,429.0,41.0,0.004832271843684065,0.19872611464968154,184.0,16428.0,4.434772491455078,300,932,0.0207803790412486,6.213333333333333,2.420886447742873,13,2.092274678111588,0.2181616595135906,0.0438612128612128,0.0455100261551874,-0.0462409978629279,4,6,3.447157190635452,,,5,0.4941614553592808,planted_partition
planted_partition_1.pkl,periodic,38,32,38,-13.300000000000054,449.0,287.0,162.0,0.003848021281046185,0.0995875073659399,300.0,69555.0,18.75471568107605,300,932,0.0207803790412486,6.213333333333333,2.420886447742873,13,2.092274678111588,0.2181616595135906,0.0438612128612128,0.0455100261551874,-0.0462409978629279,4,6,3.447157190635452,,,5,0.4941614553592808,planted_partition
planted_partition_1.pkl,reactive,9,9,9,-11.70000000000007,470.0,374.0,96.0,0.00614371570945029,0.19872611464968154,222.0,69691.0,18.529725551605225,300,932,0.0207803790412486,6.213333333333333,2.420886447742873,13,2.092274678111588,0.2181616595135906,0.0438612128612128,0.0455100261551874,-0.0462409978629279,4,6,3.447157190635452,,,5,0.4941614553592808,planted_partition
planted_partition_10.pkl,affinity,4,4,4,-25.100000000000104,480.0,371.0,109.0,0.008683655026079444,0.2623413258110014,301.0,16753.0,5.604847431182861,300,886,0.0197547380156075,5.906666666666666,2.3344065058749144,13,2.2009029345372464,0.2202784048156507,0.0456450771450771,0.0406819062378922,0.0302795705681387,4,7,3.5460259028978025,,,6,0.5041630785379798,planted_partition
planted_partition_10.pkl,affinity_periodic,49,20,49,-17.70000000000008,437.0,263.0,174.0,0.005579764847717136,0.14487415592387967,443.0,76503.0,23.688156366348267,300,886,0.0197547380156075,5.906666666666666,2.3344065058749144,13,2.2009029345372464,0.2202784048156507,0.0456450771450771,0.0406819062378922,0.0302795705681387,4,7,3.5460259028978025,,,6,0.5041630785379798,planted_partition
planted_partition_10.pkl,affinity_reactive,34,23,34,-25.100000000000104,480.0,313.0,167.0,0.010617035970049832,0.2623413258110014,381.0,58247.0,18.1207811832428,300,886,0.0197547380156075,5.906666666666666,2.3344065058749144,13,2.2009029345372464,0.2202784048156507,0.0456450771450771,0.0406819062378922,0.0302795705681387,4,7,3.5460259028978025,,,6,0.5041630785379798,planted_partition
planted_partition_10.pkl,baseline,5,5,5,-15.800000000000022,454.0,385.0,69.0,0.005622263760848352,0.19747899159663865,195.0,16997.0,4.27959942817688,300,886,0.0197547380156075,5.906666666666666,2.3344065058749144,13,2.2009029345372464,0.2202784048156507,0.0456450771450771,0.0406819062378922,0.0302795705681387,4,7,3.5460259028978025,,,6,0.5041630785379798,planted_partition
planted_partition_10.pkl,periodic,34,27,34,-17.900000000000052,430.0,264.0,166.0,0.0040645832634988895,0.10006176652254478,304.0,64609.0,15.788312911987305,300,886,0.0197547380156075,5.906666666666666,2.3344065058749144,13,2.2009029345372464,0.2202784048156507,0.0456450771450771,0.0406819062378922,0.0302795705681387,4,7,3.5460259028978025,,,6,0.5041630785379798,planted_partition
planted_partition_10.pkl,reactive,23,20,23,-15.800000000000022,454.0,285.0,169.0,0.007733752285140338,0.19747899159663865,271.0,53317.0,13.57266902923584,300,886,0.0197547380156075,5.906666666666666,2.3344065058749144,13,2.2009029345372464,0.2202784048156507,0.0456450771450771,0.0406819062378922,0.0302795705681387,4,7,3.5460259028978025,,,6,0.5041630785379798,planted_partition
planted_partition_11.pkl,affinity,6,6,6,-14.100000000000088,456.0,391.0,65.0,0.007677002506145765,0.24142480211081793,269.0,17481.0,6.184739589691162,300,924,0.0206020066889632,6.16,2.3521995683539587,16,2.5974025974025974,0.2106313131313131,0.0333141025641025,0.0343163538873994,0.0470321557063482,4,7,3.451036789297659,,,4,0.4872689089409869,planted_partition
planted_partition_11.pkl,affinity_periodic,15,13,16,-20.600000000000037,441.0,311.0,130.0,0.004766688042505208,0.12235009085402786,386.0,65486.0,20.66967797279358,300,924,0.0206020066889632,6.16,2.3521995683539587,16,2.5974025974025974,0.2106313131313131,0.0333141025641025,0.0343163538873994,0.0470321557063482,4,7,3.451036789297659,,,4,0.4872689089409869,planted_partition
planted_partition_11.pkl,affinity_reactive,49,29,49,-14.100000000000088,456.0,335.0,121.0,0.009908412088270589,0.24142480211081793,349.0,53917.0,17.360068559646606,300,924,0.0206020066889632,6.16,2.3521995683539587,16,2.5974025974025974,0.2106313131313131,0.0333141025641025,0.0343163538873994,0.0470321557063482,4,7,3.451036789297659,,,4,0.4872689089409869,planted_partition
planted_partition_11.pkl,baseline,7,7,7,-22.800000000000107,463.0,357.0,106.0,0.00583977934867641,0.18653576437587657,207.0,33941.0,8.816263675689697,300,924,0.0206020066889632,6.16,2.3521995683539587,16,2.5974025974025974,0.2106313131313131,0.0333141025641025,0.0343163538873994,0.0470321557063482,4,7,3.451036789297659,,,4,0.4872689089409869,planted_partition
planted_partition_11.pkl,periodic,13,10,13,-22.200000000000003,428.0,321.0,107.0,0.0030042653415943577,0.09949622166246852,239.0,73220.0,18.495707750320435,300,924,0.0206020066889632,6.16,2.3521995683539587,16,2.5974025974025974,0.2106313131313131,0.0333141025641025,0.0343163538873994,0.0470321557063482,4,7,3.451036789297659,,,4,0.4872689089409869,planted_partition
planted_partition_11.pkl,reactive,37,12,37,-22.800000000000107,463.0,351.0,112.0,0.005892646080271748,0.18653576437587657,213.0,75900.0,19.399425745010376,300,924,0.0206020066889632,6.16,2.3521995683539587,16,2.5974025974025974,0.2106313131313131,0.0333141025641025,0.0343163538873994,0.0470321557063482,4,7,3.451036789297659,,,4,0.4872689089409869,planted_partition
planted_partition_12.pkl,affinity,5,5,5,-20.700000000000024,456.0,368.0,88.0,0.0088252416330739,0.2679083094555874,304.0,27056.0,8.764188289642334,300,867,0.0193311036789297,5.78,2.4573145197205486,15,2.5951557093425603,0.234951941560938,0.029522052022052,0.0344759262928472,-0.0279911949590263,4,7,3.5259977703455965,,,6,0.4845381534118498,planted_partition
planted_partition_12.pkl,affinity_periodic,41,9,41,-16.90000000000007,427.0,345.0,82.0,0.004351984524203653,0.13906056860321384,344.0,61951.0,19.145707607269287,300,867,0.0193311036789297,5.78,2.4573145197205486,15,2.5951557093425603,0.234951941560938,0.029522052022052,0.0344759262928472,-0.0279911949590263,4,7,3.5259977703455965,,,6,0.4845381534118498,planted_partition
planted_partition_12.pkl,affinity_reactive,13,10,14,-20.700000000000024,456.0,358.0,98.0,0.009355861717488376,0.2679083094555874,325.0,63252.0,19.755860090255737,300,867,0.0193311036789297,5.78,2.4573145197205486,15,2.5951557093425603,0.234951941560938,0.029522052022052,0.0344759262928472,-0.0279911949590263,4,7,3.5259977703455965,,,6,0.4845381534118498,planted_partition
planted_partition_12.pkl,baseline,3,3,3,-17.20000000000004,439.0,360.0,79.0,0.005641597229152819,0.1989100817438692,197.0,26895.0,7.088593482971191,300,867,0.0193311036789297,5.78,2.4573145197205486,15,2.5951557093425603,0.234951941560938,0.029522052022052,0.0344759262928472,-0.0279911949590263,4,7,3.5259977703455965,,,6,0.4845381534118498,planted_partition
planted_partition_12.pkl,periodic,26,13,26,-18.200000000000067,394.0,291.0,103.0,0.003344061545518757,0.10886850152905199,260.0,70803.0,17.294858932495117,300,867,0.0193311036789297,5.78,2.4573145197205486,15,2.5951557093425603,0.234951941560938,0.029522052022052,0.0344759262928472,-0.0279911949590263,4,7,3.5259977703455965,,,6,0.4845381534118498,planted_partition
planted_partition_12.pkl,reactive,26,21,26,-19.800000000000068,439.0,291.0,148.0,0.007024415777597557,0.1989100817438692,257.0,62890.0,15.493139743804932,300,867,0.0193311036789297,5.78,2.4573145197205486,15,2.5951557093425603,0.234951941560938,0.029522052022052,0.0344759262928472,-0.0279911949590263,4,7,3.5259977703455965,,,6,0.4845381534118498,planted_partition
planted_partition_13.pkl,affinity,4,4,4,-21.200000000000028,456.0,365.0,91.0,0.008891066894078224,0.28489208633093527,314.0,27019.0,8.830259561538696,300,883,0.0196878483835005,5.886666666666667,2.3406732778271304,14,2.378255945639864,0.2216232540581351,0.0386699596699596,0.0379820802493182,0.0027754621843276,4,8,3.5243032329988853,,,6,0.4703824217091686,planted_partition
planted_partition_13.pkl,affinity_periodic,7,7,9,-16.10000000000005,421.0,337.0,84.0,0.004263305252542316,0.1424129353233831,342.0,72626.0,22.98524022102356,300,883,0.0196878483835005,5.886666666666667,2.3406732778271304,14,2.378255945639864,0.2216232540581351,0.0386699596699596,0.0379820802493182,0.0027754621843276,4,8,3.5243032329988853,,,6,0.4703824217091686,planted_partition
planted_partition_13.pkl,affinity_reactive,49,25,49,-21.200000000000028,456.0,340.0,116.0,0.010532024162452507,0.28489208633093527,374.0,54448.0,17.601248502731323,300,883,0.0196878483835005,5.886666666666667,2.3406732778271304,14,2.378255945639864,0.2216232540581351,0.0386699596699596,0.0379820802493182,0.0027754621843276,4,8,3.5243032329988853,,,6,0.4703824217091686,planted_partition
planted_partition_13.pkl,baseline,5,5,5,-18.500000000000043,449.0,370.0,79.0,0.006095101413953383,0.20665742024965325,210.0,33396.0,8.778096675872803,300,883,0.0196878483835005,5.886666666666667,2.3406732778271304,14,2.378255945639864,0.2216232540581351,0.0386699596699596,0.0379820802493182,0.0027754621843276,4,8,3.5243032329988853,,,6,0.4703824217091686,planted_partition
planted_partition_13.pkl,periodic,4,4,4,-17.40000000000005,431.0,358.0,73.0,0.0027654619718210315,0.10166358595194085,223.0,89278.0,22.78159713745117,300,883,0.0196878483835005,5.886666666666667,2.3406732778271304,14,2.378255945639864,0.2216232540581351,0.0386699596699596,0.0379820802493182,0.0027754621843276,4,8,3.5243032329988853,,,6,0.4703824217091686,planted_partition
planted_partition_13.pkl,reactive,9,9,9,-18.500000000000043,449.0,359.0,90.0,0.00619563343317978,0.20665742024965325,219.0,74122.0,18.58231544494629,300,883,0.0196878483835005,5.886666666666667,2.3406732778271304,14,2.378255945639864,0.2216232540581351,0.0386699596699596,0.0379820802493182,0.0027754621843276,4,8,3.5243032329988853,,,6,0.4703824217091686,planted_partition
planted_partition_14.pkl,affinity,6,6,7,-19.50000000000001,432.0,349.0,83.0,0.007465418126940753,0.240473061760841,279.0,27565.0,8.413640022277832,300,868,0.0193534002229654,5.786666666666667,2.405641826529332,15,2.592165898617511,0.2312711213517664,0.0355988455988455,0.0358565737051792,-0.0218539321601413,4,7,3.5089896972009607,,,9,0.4771974346450339,planted_partition
planted_partition_14.pkl,affinity_periodic,14,6,23,-15.300000000000027,416.0,344.0,72.0,0.0038242287880404617,0.1212856276531231,305.0,75637.0,23.797390460968018,300,868,0.0193534002229654,5.786666666666667,2.405641826529332,15,2.592165898617511,0.2312711213517664,0.0355988455988455,0.0358565737051792,-0.0218539321601413,4,7,3.5089896972009607,,,9,0.4771974346450339,planted_partition
planted_partition_14.pkl,affinity_reactive,10,8,14,-19.50000000000001,432.0,344.0,88.0,0.007483473836191954,0.240473061760841,285.0,67528.0,21.08875679969788,300,868,0.0193534002229654,5.786666666666667,2.405641826529332,15,2.592165898617511,0.2312711213517664,0.0355988455988455,0.0358565737051792,-0.0218539321601413,4,7,3.5089896972009607,,,9,0.4771974346450339,planted_partition
planted_partition_14.pkl,baseline,3,3,3,-12.800000000000043,424.0,368.0,56.0,0.005081908543103904,0.18488529014844804,183.0,16792.0,4.333742618560791,300,868,0.0193534002229654,5.786666666666667,2.405641826529332,15,2.592165898617511,0.2312711213517664,0.0355988455988455,0.0358565737051792,-0.0218539321601413,4,7,3.5089896972009607,,,9,0.4771974346450339,planted_partition
planted_partition_14.pkl,periodic,5,5,5,-16.10000000000007,401.0,332.0,69.0,0.002515587562174794,0.0925700365408039,204.0,79027.0,20.34254574775696,300,868,0.0193534002229654,5.786666666666667,2.405641826529332,15,2.592165898617511,0.2312711213517664,0.0355988455988455,0.0358565737051792,-0.0218539321601413,4,7,3.5089896972009607,,,9,0.4771974346450339,planted_partition
planted_partition_14.pkl,reactive,24,16,24,-13.600000000000007,424.0,347.0,77.0,0.005414611151322648,0.18488529014844804,201.0,67426.0,17.245384693145752,300,868,0.0193534002229654,5.786666666666667,2.405641826529332,15,2.592165898617511,0.2312711213517664,0.0355988455988455,0.0358565737051792,-0.0218539321601413,4,7,3.5089896972009607,,,9,0.4771974346450339,planted_partition
planted_partition_15.pkl,affinity,6,6,6,-24.800000000000054,469.0,358.0,111.0,0.008834860836685892,0.26685393258426965,308.0,17474.0,5.8174707889556885,300,886,0.0197547380156075,5.906666666666666,2.454527361996913,15,2.539503386004515,0.2319638826185099,0.028048507048507,0.0337271341463414,-0.0504597277128214,4,6,3.501592501592502,,,8,0.478034282977238,planted_partition
planted_partition_15.pkl,affinity_periodic,49,13,49,-18.80000000000008,445.0,305.0,140.0,0.004880312735725523,0.1357409713574097,385.0,72042.0,22.61698627471924,300,886,0.0197547380156075,5.906666666666666,2.454527361996913,15,2.539503386004515,0.2319638826185099,0.028048507048507,0.0337271341463414,-0.0504597277128214,4,6,3.501592501592502,,,8,0.478034282977238,planted_partition
planted_partition_15.pkl,affinity_reactive,27,14,27,-24.800000000000054,469.0,317.0,152.0,0.00968649677264763,0.26685393258426965,360.0,64177.0,20.473642110824585,300,886,0.0197547380156075,5.906666666666666,2.454527361996913,15,2.539503386004515,0.2319638826185099,0.028048507048507,0.0337271341463414,-0.0504597277128214,4,6,3.501592501592502,,,8,0.478034282977238,planted_partition
planted_partition_15.pkl,baseline,4,4,4,-13.300000000000011,449.0,391.0,58.0,0.005056687291589071,0.17709720372836218,175.0,16512.0,4.214112043380737,300,886,0.0197547380156075,5.906666666666666,2.454527361996913,15,2.539503386004515,0.2319638826185099,0.028048507048507,0.0337271341463414,-0.0504597277128214,4,6,3.501592501592502,,,8,0.478034282977238,planted_partition
planted_partition_15.pkl,periodic,22,11,22,-14.10000000000005,417.0,338.0,79.0,0.0026554715895407786,0.09025270758122744,214.0,73609.0,18.73456835746765,300,886,0.0197547380156075,5.906666666666666,2.454527361996913,15,2.539503386004515,0.2319638826185099,0.028048507048507,0.0337271341463414,-0.0504597277128214,4,6,3.501592501592502,,,8,0.478034282977238,planted_partition
planted_partition_15.pkl,reactive,49,40,49,-15.800000000000036,449.0,289.0,160.0,0.006534238353086731,0.17709720372836218,262.0,59821.0,15.178343772888184,300,886,0.0197547380156075,5.906666666666666,2.454527361996913,15,2.539503386004515,0.2319638826185099,0.028048507048507,0.0337271341463414,-0.0504597277128214,4,6,3.501592501592502,,,8,0.478034282977238,planted_partition
planted_partition_16.pkl,affinity,6,6,7,-32.70000000000007,461.0,314.0,147.0,0.009616648655503981,0.2650273224043716,351.0,33735.0,10.43817377090454,300,886,0.0197547380156075,5.906666666666666,2.2497764041011696,12,2.031602708803612,0.2125507900677199,0.0425045695045695,0.0352664576802507,0.0228620205476434,4,8,3.532352285395764,,,6,0.4794253728681419,planted_partition
planted_partition_16.pkl,affinity_periodic,42,12,42,-18.60000000000003,421.0,327.0,94.0,0.00420301977610796,0.1351186853317103,340.0,71200.0,22.23160552978516,300,886,0.0197547380156075,5.906666666666666,2.2497764041011696,12,2.031602708803612,0.2125507900677199,0.0425045695045695,0.0352664576802507,0.0228620205476434,4,8,3.532352285395764,,,6,0.4794253728681419,planted_partition
planted_partition_16.pkl,affinity_reactive,42,14,42,-32.70000000000007,461.0,293.0,168.0,0.010181478606540817,0.2650273224043716,373.0,67109.0,20.332401514053345,300,886,0.0197547380156075,5.906666666666666,2.2497764041011696,12,2.031602708803612,0.2125507900677199,0.0425045695045695,0.0352664576802507,0.0228620205476434,4,8,3.532352285395764,,,6,0.4794253728681419,planted_partition
planted_partition_16.pkl,baseline,3,3,3,-16.50000000000002,457.0,386.0,71.0,0.005895092915815117,0.21142857142857144,205.0,16774.0,4.571702241897583,300,886,0.0197547380156075,5.906666666666666,2.2497764041011696,12,2.031602708803612,0.2125507900677199,0.0425045695045695,0.0352664576802507,0.0228620205476434,4,8,3.532352285395764,,,6,0.4794253728681419,planted_partition
planted_partition_16.pkl,periodic,12,8,12,-11.700000000000012,424.0,364.0,60.0,0.002792703711914309,0.10872235872235872,226.0,72647.0,18.269267559051517,300,886,0.0197547380156075,5.906666666666666,2.2497764041011696,12,2.031602708803612,0.2125507900677199,0.0425045695045695,0.0352664576802507,0.0228620205476434,4,8,3.532352285395764,,,6,0.4794253728681419,planted_partition
planted_partition_16.pkl,reactive,35,14,35,-17.10000000000005,457.0,351.0,106.0,0.006590070302370746,0.21142857142857144,234.0,66241.0,16.586575031280518,300,886,0.0197547380156075,5.906666666666666,2.2497764041011696,12,2.031602708803612,0.2125507900677199,0.0425045695045695,0.0352664576802507,0.0228620205476434,4,8,3.532352285395764,,,6,0.4794253728681419,planted_partition
planted_partition_17.pkl,affinity,5,5,5,-16.30000000000005,441.0,369.0,72.0,0.00819583410818969,0.26382978723404255,281.0,27028.0,8.416983366012573,300,847,0.0188851727982162,5.6466666666666665,2.4334257247926216,13,2.3022432113341207,0.2421881149153875,0.0339586524586524,0.0323584318606098,-0.0100067125806139,4,7,3.617776867776868,,,8,0.5115993805486131,planted_partition
planted_partition_17.pkl,affinity_periodic,39,24,39,-26.50000000000003,419.0,236.0,183.0,0.005517305089990427,0.1348663766314481,431.0,68689.0,19.620047330856323,300,847,0.0188851727982162,5.6466666666666665,2.4334257247926216,13,2.3022432113341207,0.2421881149153875,0.0339586524586524,0.0323584318606098,-0.0100067125806139,4,7,3.617776867776868,,,8,0.5115993805486131,planted_partition
planted_partition_17.pkl,affinity_reactive,41,19,41,-16.30000000000005,441.0,331.0,110.0,0.00991796613775542,0.26382978723404255,347.0,58088.0,17.710461139678955,300,847,0.0188851727982162,5.6466666666666665,2.4334257247926216,13,2.3022432113341207,0.2421881149153875,0.0339586524586524,0.0323584318606098,-0.0100067125806139,4,7,3.617776867776868,,,8,0.5115993805486131,planted_partition
planted_partition_17.pkl,baseline,3,3,3,-9.100000000000072,412.0,370.0,42.0,0.00499076635755617,0.18863049095607234,185.0,16480.0,4.048477649688721,300,847,0.0188851727982162,5.6466666666666665,2.4334257247926216,13,2.3022432113341207,0.2421881149153875,0.0339586524586524,0.0323584318606098,-0.0100067125806139,4,7,3.617776867776868,,,8,0.5115993805486131,planted_partition
planted_partition_17.pkl,periodic,4,4,4,-14.600000000000023,395.0,333.0,62.0,0.0025203216395912626,0.09431751611013474,213.0,89390.0,22.096279859542847,300,847,0.0188851727982162,5.6466666666666665,2.4334257247926216,13,2.3022432113341207,0.2421881149153875,0.0339586524586524,0.0323584318606098,-0.0100067125806139,4,7,3.617776867776868,,,8,0.5115993805486131,planted_partition
planted_partition_17.pkl,reactive,33,14,33,-12.800000000000072,412.0,320.0,92.0,0.005728968914005538,0.18863049095607234,227.0,72194.0,16.878219842910767,300,847,0.0188851727982162,5.6466666666666665,2.4334257247926216,13,2.3022432113341207,0.2421881149153875,0.0339586524586524,0.0323584318606098,-0.0100067125806139,4,7,3.617776867776868,,,8,0.5115993805486131,planted_partition
planted_partition_18.pkl,affinity,4,4,4,-14.000000000000034,426.0,364.0,62.0,0.0073473158642929125,0.23087071240105542,261.0,16748.0,5.358721494674683,300,871,0.0194202898550724,5.806666666666667,2.4101143248995145,15,2.583237657864524,0.231044776119403,0.0394668109668109,0.0397626112759643,-0.0129731303807204,4,7,3.57355629877369,,,5,0.4990496163534531,planted_partition
planted_partition_18.pkl,affinity_periodic,43,12,43,-17.200000000000014,413.0,324.0,89.0,0.0038378349944215963,0.11231231231231231,310.0,71658.0,22.218158721923828,300,871,0.0194202898550724,5.806666666666667,2.4101143248995145,15,2.583237657864524,0.231044776119403,0.0394668109668109,0.0397626112759643,-0.0129731303807204,4,7,3.57355629877369,,,5,0.4990496163534531,planted_partition
planted_partition_18.pkl,affinity_reactive,49,26,49,-14.000000000000034,426.0,308.0,118.0,0.009799315781492039,0.23087071240105542,348.0,52178.0,16.038771152496338,300,871,0.0194202898550724,5.806666666666667,2.4101143248995145,15,2.583237657864524,0.231044776119403,0.0394668109668109,0.0397626112759643,-0.0129731303807204,4,7,3.57355629877369,,,5,0.4990496163534531,planted_partition
planted_partition_18.pkl,baseline,4,4,4,-14.800000000000066,425.0,358.0,67.0,0.005354892783056811,0.19746121297602257,191.0,33828.0,8.647309064865112,300,871,0.0194202898550724,5.806666666666667,2.4101143248995145,15,2.583237657864524,0.231044776119403,0.0394668109668109,0.0397626112759643,-0.0129731303807204,4,7,3.57355629877369,,,5,0.4990496163534531,planted_partition
planted_partition_18.pkl,periodic,23,10,23,-9.200000000000033,405.0,352.0,53.0,0.002481373471853851,0.09568480300187618,197.0,76833.0,18.620546340942383,300,871,0.0194202898550724,5.806666666666667,2.4101143248995145,15,2.583237657864524,0.231044776119403,0.0394668109668109,0.0397626112759643,-0.0129731303807204,4,7,3.57355629877369,,,5,0.4990496163534531,planted_partition
planted_partition_18.pkl,reactive,14,7,14,-14.800000000000066,425.0,355.0,70.0,0.005360305237702584,0.19746121297602257,194.0,83510.0,20.941394805908203,300,871,0.0194202898550724,5.806666666666667,2.4101143248995145,15,2.583237657864524,0.231044776119403,0.0394668109668109,0.0397626112759643,-0.0129731303807204,4,7,3.57355629877369,,,5,0.4990496163534531,planted_partition
planted_partition_19.pkl,affinity,6,5,6,-26.600000000000012,465.0,351.0,114.0,0.009004241340902688,0.2772133526850508,308.0,17433.0,5.545769929885864,300,884,0.0197101449275362,5.8933333333333335,2.4044180813498226,14,2.3755656108597285,0.230180995475113,0.0359460169460169,0.0398843930635838,0.0295491063918651,4,7,3.539910813823857,,,6,0.4826823263241948,planted_partition
planted_partition_19.pkl,affinity_periodic,45,22,45,-17.100000000000044,436.0,293.0,143.0,0.005126619810166335,0.13341645885286782,406.0,78088.0,23.848732709884644,300,884,0.0197101449275362,5.8933333333333335,2.4044180813498226,14,2.3755656108597285,0.230180995475113,0.0359460169460169,0.0398843930635838,0.0295491063918651,4,7,3.539910813823857,,,6,0.4826823263241948,planted_partition
planted_partition_19.pkl,affinity_reactive,38,14,39,-26.600000000000012,465.0,331.0,134.0,0.009974199049725583,0.2772133526850508,345.0,54618.0,16.75457000732422,300,884,0.0197101449275362,5.8933333333333335,2.4044180813498226,14,2.3755656108597285,0.230180995475113,0.0359460169460169,0.0398843930635838,0.0295491063918651,4,7,3.539910813823857,,,6,0.4826823263241948,planted_partition
planted_partition_19.pkl,baseline,4,4,4,-23.600000000000033,473.0,373.0,100.0,0.005761625106007059,0.1904047976011994,199.0,34022.0,8.878910064697266,300,884,0.0197101449275362,5.8933333333333335,2.4044180813498226,14,2.3755656108597285,0.230180995475113,0.0359460169460169,0.0398843930635838,0.0295491063918651,4,7,3.539910813823857,,,6,0.4826823263241948,planted_partition
planted_partition_19.pkl,periodic,15,7,15,-18.399999999999995,431.0,350.0,81.0,0.0027202110673916575,0.09439899307740718,215.0,72259.0,18.8337721824646,300,884,0.0197101449275362,5.8933333333333335,2.4044180813498226,14,2.3755656108597285,0.230180995475113,0.0359460169460169,0.0398843930635838,0.0295491063918651,4,7,3.539910813823857,,,6,0.4826823263241948,planted_partition
planted_partition_19.pkl,reactive,23,12,23,-23.600000000000033,473.0,363.0,110.0,0.005923070697919293,0.1904047976011994,208.0,61036.0,15.441912174224854,300,884,0.0197101449275362,5.8933333333333335,2.4044180813498226,14,2.3755656108597285,0.230180995475113,0.0359460169460169,0.0398843930635838,0.0295491063918651,4,7,3.539910813823857,,,6,0.4826823263241948,planted_partition
planted_partition_2.pkl,affinity,7,7,7,-22.80000000000009,466.0,359.0,107.0,0.008512353365377753,0.2379746835443038,312.0,27276.0,8.554882526397705,300,885,0.0197324414715719,5.9,2.601131732078446,15,2.542372881355932,0.245713747645951,0.0412996077996078,0.043754674644727,0.009319597982813,4,7,3.580535117056856,,,5,0.5156551437964825,planted_partition
planted_partition_2.pkl,affinity_periodic,31,16,31,-17.200000000000014,441.0,313.0,128.0,0.004741554413565909,0.125,382.0,66843.0,20.45848321914673,300,885,0.0197324414715719,5.9,2.601131732078446,15,2.542372881355932,0.245713747645951,0.0412996077996078,0.043754674644727,0.009319597982813,4,7,3.580535117056856,,,5,0.5156551437964825,planted_partition
planted_partition_2.pkl,affinity_reactive,19,15,43,-22.80000000000009,466.0,346.0,120.0,0.008918045681169495,0.2379746835443038,337.0,64028.0,19.62471556663513,300,885,0.0197324414715719,5.9,2.601131732078446,15,2.542372881355932,0.245713747645951,0.0412996077996078,0.043754674644727,0.009319597982813,4,7,3.580535117056856,,,5,0.5156551437964825,planted_partition
planted_partition_2.pkl,baseline,4,4,4,-17.400000000000023,462.0,384.0,78.0,0.005693583430060403,0.20220082530949107,205.0,16869.0,4.108134746551514,300,885,0.0197324414715719,5.9,2.601131732078446,15,2.542372881355932,0.245713747645951,0.0412996077996078,0.043754674644727,0.009319597982813,4,7,3.580535117056856,,,5,0.5156551437964825,planted_partition
planted_partition_2.pkl,periodic,38,15,38,-12.200000000000026,430.0,360.0,70.0,0.0028935714167467176,0.1039119804400978,231.0,62726.0,15.172815561294556,300,885,0.0197324414715719,5.9,2.601131732078446,15,2.542372881355932,0.245713747645951,0.0412996077996078,0.043754674644727,0.009319597982813,4,7,3.580535117056856,,,5,0.5156551437964825,planted_partition
planted_partition_2.pkl,reactive,43,11,43,-18.000000000000025,462.0,370.0,92.0,0.0059066290096910935,0.20220082530949107,218.0,57571.0,14.259164333343506,300,885,0.0197324414715719,5.9,2.601131732078446,15,2.542372881355932,0.245713747645951,0.0412996077996078,0.043754674644727,0.009319597982813,4,7,3.580535117056856,,,5,0.5156551437964825,planted_partition
planted_partition_20.pkl,affinity,6,6,7,-28.200000000000074,488.0,354.0,134.0,0.009296673775773196,0.26038781163434904,331.0,27327.0,8.713823318481445,300,930,0.0207357859531772,6.2,2.5927606960064504,16,2.5806451612903225,0.231716845878136,0.0507309727309727,0.0498202362609142,-0.0309228023350635,4,7,3.4553177257525083,,,6,0.5024164643311365,planted_partition
planted_partition_20.pkl,affinity_periodic,26,13,26,-29.40000000000007,467.0,324.0,143.0,0.00469536506406543,0.13022410660205935,382.0,72937.0,22.456191778182983,300,930,0.0207357859531772,6.2,2.5927606960064504,16,2.5806451612903225,0.231716845878136,0.0507309727309727,0.0498202362609142,-0.0309228023350635,4,7,3.4553177257525083,,,6,0.5024164643311365,planted_partition
planted_partition_20.pkl,affinity_reactive,48,27,49,-28.200000000000074,488.0,301.0,187.0,0.01075961385995874,0.26038781163434904,401.0,61775.0,19.15058946609497,300,930,0.0207357859531772,6.2,2.5927606960064504,16,2.5806451612903225,0.231716845878136,0.0507309727309727,0.0498202362609142,-0.0309228023350635,4,7,3.4553177257525083,,,6,0.5024164643311365,planted_partition
planted_partition_20.pkl,baseline,3,3,3,-14.600000000000032,474.0,409.0,65.0,0.005640672969530323,0.2036775106082037,194.0,27022.0,7.024547100067139,300,930,0.0207357859531772,6.2,2.5927606960064504,16,2.5806451612903225,0.231716845878136,0.0507309727309727,0.0498202362609142,-0.0309228023350635,4,7,3.4553177257525083,,,6,0.5024164643311365,planted_partition
planted_partition_20.pkl,periodic,44,18,44,-12.700000000000035,453.0,360.0,93.0,0.0030377616047282457,0.09718826405867971,241.0,65000.0,16.555652141571045,300,930,0.0207357859531772,6.2,2.5927606960064504,16,2.5806451612903225,0.231716845878136,0.0507309727309727,0.0498202362609142,-0.0309228023350635,4,7,3.4553177257525083,,,6,0.5024164643311365,planted_partition
planted_partition_20.pkl,reactive,16,10,16,-14.800000000000045,474.0,400.0,74.0,0.005751918774341823,0.2036775106082037,202.0,68605.0,17.553431749343872,300,930,0.0207357859531772,6.2,2.5927606960064504,16,2.5806451612903225,0.231716845878136,0.0507309727309727,0.0498202362609142,-0.0309228023350635,4,7,3.4553177257525083,,,6,0.5024164643311365,planted_partition
planted_partition_21.pkl,affinity,4,4,4,-18.200000000000077,461.0,387.0,74.0,0.0072225180165719815,0.24611398963730569,263.0,16666.0,5.365919828414917,300,894,0.0199331103678929,5.96,2.1926603013974635,12,2.0134228187919465,0.2063310961968678,0.0352491582491582,0.0320201824180089,-0.0380170831642132,4,6,3.497407465601221,,,5,0.458041804923702,planted_partition
planted_partition_21.pkl,affinity_periodic,5,5,5,-17.10000000000005,437.0,364.0,73.0,0.0036358381266783147,0.12772397094430993,295.0,78944.0,23.9551362991333,300,894,0.0199331103678929,5.96,2.1926603013974635,12,2.0134228187919465,0.2063310961968678,0.0352491582491582,0.0320201824180089,-0.0380170831642132,4,6,3.497407465601221,,,5,0.458041804923702,planted_partition
planted_partition_21.pkl,affinity_reactive,35,16,40,-18.200000000000077,461.0,336.0,125.0,0.008951391263841986,0.24611398963730569,320.0,63097.0,19.15044116973877,300,894,0.0199331103678929,5.96,2.1926603013974635,12,2.0134228187919465,0.2063310961968678,0.0352491582491582,0.0320201824180089,-0.0380170831642132,4,6,3.497407465601221,,,5,0.458041804923702,planted_partition
planted_partition_21.pkl,baseline,7,7,7,-21.50000000000003,457.0,350.0,107.0,0.006150979905427158,0.19382022471910113,218.0,27360.0,6.7181477546691895,300,894,0.0199331103678929,5.96,2.1926603013974635,12,2.0134228187919465,0.2063310961968678,0.0352491582491582,0.0320201824180089,-0.0380170831642132,4,6,3.497407465601221,,,5,0.458041804923702,planted_partition
planted_partition_21.pkl,periodic,38,13,38,-19.20000000000003,428.0,304.0,124.0,0.0033487353493977445,0.0991890205864005,263.0,71641.0,16.937423706054688,300,894,0.0199331103678929,5.96,2.1926603013974635,12,2.0134228187919465,0.2063310961968678,0.0352491582491582,0.0320201824180089,-0.0380170831642132,4,6,3.497407465601221,,,5,0.458041804923702,planted_partition
planted_partition_21.pkl,reactive,40,17,40,-21.50000000000003,457.0,331.0,126.0,0.006393336395169266,0.19382022471910113,235.0,68180.0,16.736809015274048,300,894,0.0199331103678929,5.96,2.1926603013974635,12,2.0134228187919465,0.2063310961968678,0.0352491582491582,0.0320201824180089,-0.0380170831642132,4,6,3.497407465601221,,,5,0.458041804923702,planted_partition
planted_partition_22.pkl,affinity,6,6,6,-23.200000000000042,486.0,371.0,115.0,0.00874455228938847,0.26262626262626265,293.0,27031.0,8.607580423355103,300,937,0.0208918617614269,6.246666666666667,2.5312407011541764,14,2.24119530416222,0.2270508715759516,0.0343384578384578,0.0377936670071501,0.0235830270825581,4,7,3.4439855446566856,,,8,0.48801666118052,planted_partition
planted_partition_22.pkl,affinity_periodic,36,16,36,-33.199999999999996,459.0,284.0,175.0,0.004994692026040795,0.13111668757841907,388.0,63453.0,19.113996028900143,300,937,0.0208918617614269,6.246666666666667,2.5312407011541764,14,2.24119530416222,0.2270508715759516,0.0343384578384578,0.0377936670071501,0.0235830270825581,4,7,3.4439855446566856,,,8,0.48801666118052,planted_partition
planted_partition_22.pkl,affinity_reactive,49,37,49,-23.200000000000042,486.0,305.0,181.0,0.01115786396957454,0.26262626262626265,397.0,51855.0,16.245276927947998,300,937,0.0208918617614269,6.246666666666667,2.5312407011541764,14,2.24119530416222,0.2270508715759516,0.0343384578384578,0.0377936670071501,0.0235830270825581,4,7,3.4439855446566856,,,8,0.48801666118052,planted_partition
planted_partition_22.pkl,baseline,4,4,4,-20.200000000000077,492.0,403.0,89.0,0.006049313931957358,0.18856259659969088,188.0,26775.0,6.940600395202637,300,937,0.0208918617614269,6.246666666666667,2.5312407011541764,14,2.24119530416222,0.2270508715759516,0.0343384578384578,0.0377936670071501,0.0235830270825581,4,7,3.4439855446566856,,,8,0.48801666118052,planted_partition
planted_partition_22.pkl,periodic,46,34,46,-21.80000000000004,457.0,296.0,161.0,0.0035434823927571685,0.09143222506393862,273.0,71487.0,17.736162185668945,300,937,0.0208918617614269,6.246666666666667,2.5312407011541764,14,2.24119530416222,0.2270508715759516,0.0343384578384578,0.0377936670071501,0.0235830270825581,4,7,3.4439855446566856,,,8,0.48801666118052,planted_partition
planted_partition_22.pkl,reactive,21,12,21,-20.200000000000077,492.0,390.0,102.0,0.006206871788250249,0.18856259659969088,200.0,73397.0,18.430634021759037,300,937,0.0208918617614269,6.246666666666667,2.5312407011541764,14,2.24119530416222,0.2270508715759516,0.0343384578384578,0.0377936670071501,0.0235830270825581,4,7,3.4439855446566856,,,8,0.48801666118052,planted_partition
planted_partition_23.pkl,affinity,6,6,6,-19.80000000000001,447.0,351.0,96.0,0.008125481313632601,0.2472972972972973,295.0,17411.0,5.627364873886108,300,881,0.0196432552954292,5.873333333333333,2.421466612904997,15,2.553916004540296,0.2282368520620505,0.0329019129019129,0.0284332688588007,-0.029221216847208,4,6,3.5259141208951537,,,5,0.4727827087421295,planted_partition
planted_partition_23.pkl,affinity_periodic,10,10,10,-14.700000000000061,423.0,336.0,87.0,0.004199755884474591,0.1289134438305709,337.0,86818.0,26.26229739189148,300,881,0.0196432552954292,5.873333333333333,2.421466612904997,15,2.553916004540296,0.2282368520620505,0.0329019129019129,0.0284332688588007,-0.029221216847208,4,6,3.5259141208951537,,,5,0.4727827087421295,planted_partition
planted_partition_23.pkl,affinity_reactive,47,19,47,-19.80000000000001,447.0,327.0,120.0,0.008928179120209405,0.2472972972972973,338.0,58947.0,18.57044816017151,300,881,0.0196432552954292,5.873333333333333,2.421466612904997,15,2.553916004540296,0.2282368520620505,0.0329019129019129,0.0284332688588007,-0.029221216847208,4,6,3.5259141208951537,,,5,0.4727827087421295,planted_partition
planted_partition_23.pkl,baseline,4,4,4,-17.900000000000016,450.0,373.0,77.0,0.005670041776778225,0.1866151866151866,203.0,16607.0,4.273762702941895,300,881,0.0196432552954292,5.873333333333333,2.421466612904997,15,2.553916004540296,0.2282368520620505,0.0329019129019129,0.0284332688588007,-0.029221216847208,4,6,3.5259141208951537,,,5,0.4727827087421295,planted_partition
planted_partition_23.pkl,periodic,20,8,20,-11.700000000000033,422.0,360.0,62.0,0.0026034920202794177,0.09619952494061758,213.0,78569.0,19.48973846435547,300,881,0.0196432552954292,5.873333333333333,2.421466612904997,15,2.553916004540296,0.2282368520620505,0.0329019129019129,0.0284332688588007,-0.029221216847208,4,6,3.5259141208951537,,,5,0.4727827087421295,planted_partition
planted_partition_23.pkl,reactive,49,21,49,-19.30000000000004,450.0,325.0,125.0,0.006699942762771219,0.1866151866151866,241.0,54514.0,14.227768182754517,300,881,0.0196432552954292,5.873333333333333,2.421466612904997,15,2.553916004540296,0.2282368520620505,0.0329019129019129,0.0284332688588007,-0.029221216847208,4,6,3.5259141208951537,,,5,0.4727827087421295,planted_partition
planted_partition_24.pkl,affinity,5,5,5,-27.700000000000042,490.0,372.0,118.0,0.008863220525037631,0.24525547445255474,317.0,27384.0,8.956537008285522,300,917,0.0204459308807134,6.113333333333333,2.5288612760292373,13,2.1264994547437297,0.2324609233006178,0.0412154512154512,0.0387953941541186,-0.02036488841301,4,7,3.46232407802294,,,6,0.4951670196660915,planted_partition
planted_partition_24.pkl,affinity_periodic,17,5,17,-20.800000000000022,458.0,372.0,86.0,0.004021130179957659,0.12429378531073447,322.0,86236.0,27.86180591583252,300,917,0.0204459308807134,6.113333333333333,2.5288612760292373,13,2.1264994547437297,0.2324609233006178,0.0412154512154512,0.0387953941541186,-0.02036488841301,4,7,3.46232407802294,,,6,0.4951670196660915,planted_partition
planted_partition_24.pkl,affinity_reactive,10,9,11,-27.700000000000042,490.0,363.0,127.0,0.009104951155735345,0.24525547445255474,329.0,79149.0,25.316120386123657,300,917,0.0204459308807134,6.113333333333333,2.5288612760292373,13,2.1264994547437297,0.2324609233006178,0.0412154512154512,0.0387953941541186,-0.02036488841301,4,7,3.46232407802294,,,6,0.4951670196660915,planted_partition
planted_partition_24.pkl,baseline,3,3,3,-18.40000000000004,489.0,405.0,84.0,0.004951108194038794,0.17008797653958943,174.0,27148.0,7.322010278701782,300,917,0.0204459308807134,6.113333333333333,2.5288612760292373,13,2.1264994547437297,0.2324609233006178,0.0412154512154512,0.0387953941541186,-0.02036488841301,4,7,3.46232407802294,,,6,0.4951670196660915,planted_partition
planted_partition_24.pkl,periodic,5,5,5,-18.10000000000002,448.0,364.0,84.0,0.002604601687320579,0.09219858156028368,205.0,72453.0,18.417033910751343,300,917,0.0204459308807134,6.113333333333333,2.5288612760292373,13,2.1264994547437297,0.2324609233006178,0.0412154512154512,0.0387953941541186,-0.02036488841301,4,7,3.46232407802294,,,6,0.4951670196660915,planted_partition
planted_partition_24.pkl,reactive,48,20,48,-19.50000000000004,489.0,355.0,134.0,0.0059761371622931115,0.17008797653958943,220.0,64103.0,16.820331573486328,300,917,0.0204459308807134,6.113333333333333,2.5288612760292373,13,2.1264994547437297,0.2324609233006178,0.0412154512154512,0.0387953941541186,-0.02036488841301,4,7,3.46232407802294,,,6,0.4951670196660915,planted_partition
planted_partition_25.pkl,affinity,5,5,5,-20.700000000000063,460.0,368.0,92.0,0.00905830085522346,0.28551532033426186,298.0,16574.0,5.526636123657227,300,912,0.0203344481605351,6.08,2.3746712499102904,15,2.4671052631578947,0.2180555555555554,0.0336767676767676,0.0383491599707815,-0.0122260660729344,4,6,3.476824313707885,,,7,0.4782018265235457,planted_partition
planted_partition_25.pkl,affinity_periodic,49,21,49,-23.60000000000005,426.0,265.0,161.0,0.005426129087274122,0.1422360248447205,420.0,69875.0,21.360179901123047,300,912,0.0203344481605351,6.08,2.3746712499102904,15,2.4671052631578947,0.2180555555555554,0.0336767676767676,0.0383491599707815,-0.0122260660729344,4,6,3.476824313707885,,,7,0.4782018265235457,planted_partition
planted_partition_25.pkl,affinity_reactive,46,27,46,-20.700000000000063,460.0,267.0,193.0,0.012908805193748945,0.28551532033426186,433.0,49723.0,15.412611246109009,300,912,0.0203344481605351,6.08,2.3746712499102904,15,2.4671052631578947,0.2180555555555554,0.0336767676767676,0.0383491599707815,-0.0122260660729344,4,6,3.476824313707885,,,7,0.4782018265235457,planted_partition
planted_partition_25.pkl,baseline,3,3,3,-13.600000000000085,454.0,393.0,61.0,0.005373770687609454,0.20451527224435592,198.0,27020.0,7.2199366092681885,300,912,0.0203344481605351,6.08,2.3746712499102904,15,2.4671052631578947,0.2180555555555554,0.0336767676767676,0.0383491599707815,-0.0122260660729344,4,6,3.476824313707885,,,7,0.4782018265235457,planted_partition
planted_partition_25.pkl,periodic,17,7,17,-17.600000000000048,435.0,354.0,81.0,0.002815696528703359,0.1012582384661474,230.0,72279.0,18.633498907089237,300,912,0.0203344481605351,6.08,2.3746712499102904,15,2.4671052631578947,0.2180555555555554,0.0336767676767676,0.0383491599707815,-0.0122260660729344,4,6,3.476824313707885,,,7,0.4782018265235457,planted_partition
planted_partition_25.pkl,reactive,49,24,49,-20.400000000000045,454.0,318.0,136.0,0.00676460695531371,0.20451527224435592,255.0,55861.0,14.513575553894045,300,912,0.0203344481605351,6.08,2.3746712499102904,15,2.4671052631578947,0.2180555555555554,0.0336767676767676,0.0383491599707815,-0.0122260660729344,4,6,3.476824313707885,,,7,0.4782018265235457,planted_partition
planted_partition_26.pkl,affinity,5,5,5,-22.700000000000056,473.0,375.0,98.0,0.0080421134329804,0.24206349206349206,281.0,17155.0,5.636220455169678,300,902,0.0201114827201783,6.013333333333334,2.364697627984363,13,2.161862527716186,0.2211714708056171,0.029599012099012,0.0296752519596864,-0.0353625329509574,4,7,3.4958305462653287,,,5,0.47855099040811,planted_partition
planted_partition_26.pkl,affinity_periodic,40,22,40,-14.900000000000043,443.0,306.0,137.0,0.005106098265788324,0.1238725195429946,393.0,63562.0,19.655260801315308,300,902,0.0201114827201783,6.013333333333334,2.364697627984363,13,2.161862527716186,0.2211714708056171,0.029599012099012,0.0296752519596864,-0.0353625329509574,4,7,3.4958305462653287,,,5,0.47855099040811,planted_partition
planted_partition_26.pkl,affinity_reactive,49,22,49,-22.700000000000056,473.0,329.0,144.0,0.009616019547385595,0.24206349206349206,340.0,57888.0,18.222949981689453,300,902,0.0201114827201783,6.013333333333334,2.364697627984363,13,2.161862527716186,0.2211714708056171,0.029599012099012,0.0296752519596864,-0.0353625329509574,4,7,3.4958305462653287,,,5,0.47855099040811,planted_partition
planted_partition_26.pkl,baseline,3,3,3,-10.300000000000072,463.0,418.0,45.0,0.004891258474779836,0.18620689655172415,172.0,27035.0,6.805371046066284,300,902,0.0201114827201783,6.013333333333334,2.364697627984363,13,2.161862527716186,0.2211714708056171,0.029599012099012,0.0296752519596864,-0.0353625329509574,4,7,3.4958305462653287,,,5,0.47855099040811,planted_partition
planted_partition_26.pkl,periodic,34,12,34,-16.40000000000003,441.0,358.0,83.0,0.0027862133423299036,0.09476923076923077,225.0,66970.0,17.14983630180359,300,902,0.0201114827201783,6.013333333333334,2.364697627984363,13,2.161862527716186,0.2211714708056171,0.029599012099012,0.0296752519596864,-0.0353625329509574,4,7,3.4958305462653287,,,5,0.47855099040811,planted_partition
planted_partition_26.pkl,reactive,21,13,21,-11.100000000000064,463.0,384.0,79.0,0.005496515622808934,0.18620689655172415,198.0,57612.0,14.798226356506348,300,902,0.0201114827201783,6.013333333333334,2.364697627984363,13,2.161862527716186,0.2211714708056171,0.029599012099012,0.0296752519596864,-0.0353625329509574,4,7,3.4958305462653287,,,5,0.47855099040811,planted_partition
planted_partition_27.pkl,affinity,8,8,9,-22.70000000000003,455.0,335.0,120.0,0.009369714277459805,0.25390070921985813,314.0,18066.0,5.499222755432129,300,862,0.0192196209587513,5.746666666666667,2.237373838797921,12,2.088167053364269,0.2160750193348799,0.0289160654160654,0.0316115702479338,-0.0242506561844058,4,7,3.546564611344302,,,8,0.4884031093717196,planted_partition
planted_partition_27.pkl,affinity_periodic,23,13,23,-19.20000000000006,417.0,315.0,102.0,0.0044432167995239,0.13713212273011896,353.0,72666.0,22.16964101791382,300,862,0.0192196209587513,5.746666666666667,2.237373838797921,12,2.088167053364269,0.2160750193348799,0.0289160654160654,0.0316115702479338,-0.0242506561844058,4,7,3.546564611344302,,,8,0.4884031093717196,planted_partition
planted_partition_27.pkl,affinity_reactive,48,24,49,-22.70000000000003,455.0,309.0,146.0,0.01059279082941819,0.25390070921985813,363.0,53658.0,16.06667137145996,300,862,0.0192196209587513,5.746666666666667,2.237373838797921,12,2.088167053364269,0.2160750193348799,0.0289160654160654,0.0316115702479338,-0.0242506561844058,4,7,3.546564611344302,,,8,0.4884031093717196,planted_partition
planted_partition_27.pkl,baseline,4,4,4,-21.20000000000003,464.0,379.0,85.0,0.00554959830951319,0.18495297805642633,181.0,33886.0,8.952293157577515,300,862,0.0192196209587513,5.746666666666667,2.237373838797921,12,2.088167053364269,0.2160750193348799,0.0289160654160654,0.0316115702479338,-0.0242506561844058,4,7,3.546564611344302,,,8,0.4884031093717196,planted_partition
planted_partition_27.pkl,periodic,44,24,44,-11.200000000000074,425.0,311.0,114.0,0.003173759839003038,0.09393346379647749,240.0,70170.0,17.587231159210205,300,862,0.0192196209587513,5.746666666666667,2.237373838797921,12,2.088167053364269,0.2160750193348799,0.0289160654160654,0.0316115702479338,-0.0242506561844058,4,7,3.546564611344302,,,8,0.4884031093717196,planted_partition
planted_partition_27.pkl,reactive,4,4,4,-21.20000000000003,464.0,379.0,85.0,0.005534685378341218,0.18495297805642633,181.0,75341.0,19.47126817703247,300,862,0.0192196209587513,5.746666666666667,2.237373838797921,12,2.088167053364269,0.2160750193348799,0.0289160654160654,0.0316115702479338,-0.0242506561844058,4,7,3.546564611344302,,,8,0.4884031093717196,planted_partition
planted_partition_28.pkl,affinity,6,6,6,-21.200000000000074,475.0,371.0,104.0,0.008760291905209334,0.25546448087431695,302.0,17225.0,5.9646077156066895,300,926,0.0206465997770345,6.173333333333333,2.424089434718516,14,2.267818574514039,0.2201187904967601,0.0444086284086284,0.0428647027694478,0.001793264315048,4,7,3.4840133779264213,,,6,0.4911000424501677,planted_partition
planted_partition_28.pkl,affinity_periodic,26,11,43,-24.60000000000005,457.0,308.0,149.0,0.004907103696699036,0.12776412776412777,393.0,63970.0,19.802916526794437,300,926,0.0206465997770345,6.173333333333333,2.424089434718516,14,2.267818574514039,0.2201187904967601,0.0444086284086284,0.0428647027694478,0.001793264315048,4,7,3.4840133779264213,,,6,0.4911000424501677,planted_partition
planted_partition_28.pkl,affinity_reactive,45,28,45,-21.200000000000074,475.0,285.0,190.0,0.011865033801919273,0.25546448087431695,399.0,46926.0,14.70192050933838,300,926,0.0206465997770345,6.173333333333333,2.424089434718516,14,2.267818574514039,0.2201187904967601,0.0444086284086284,0.0428647027694478,0.001793264315048,4,7,3.4840133779264213,,,6,0.4911000424501677,planted_partition
planted_partition_28.pkl,baseline,3,3,3,-10.700000000000085,473.0,428.0,45.0,0.00495779917853727,0.18467852257181944,172.0,26924.0,7.360953569412231,300,926,0.0206465997770345,6.173333333333333,2.424089434718516,14,2.267818574514039,0.2201187904967601,0.0444086284086284,0.0428647027694478,0.001793264315048,4,7,3.4840133779264213,,,6,0.4911000424501677,planted_partition
planted_partition_28.pkl,periodic,16,14,16,-10.000000000000071,458.0,378.0,80.0,0.0027318672106100028,0.09124767225325885,216.0,71566.0,19.14974904060364,300,926,0.0206465997770345,6.173333333333333,2.424089434718516,14,2.267818574514039,0.2201187904967601,0.0444086284086284,0.0428647027694478,0.001793264315048,4,7,3.4840133779264213,,,6,0.4911000424501677,planted_partition
planted_partition_28.pkl,reactive,44,20,44,-11.300000000000065,473.0,376.0,97.0,0.006084042252892784,0.18467852257181944,219.0,63365.0,16.671623945236206,300,926,0.0206465997770345,6.173333333333333,2.424089434718516,14,2.267818574514039,0.2201187904967601,0.0444086284086284,0.0428647027694478,0.001793264315048,4,7,3.4840133779264213,,,6,0.4911000424501677,planted_partition
planted_partition_29.pkl,affinity,4,4,4,-25.00000000000005,475.0,367.0,108.0,0.008919758996730245,0.27953890489913547,302.0,16490.0,5.59872579574585,300,909,0.020267558528428,6.06,2.583016307371511,15,2.4752475247524752,0.2369380271360468,0.0464596329596329,0.0460961229229944,-0.0457713819340155,4,7,3.490314471055644,,,6,0.5099978094619142,planted_partition
planted_partition_29.pkl,affinity_periodic,48,27,49,-22.800000000000093,432.0,244.0,188.0,0.005538425805621873,0.1382063882063882,439.0,70556.0,20.896870136260983,300,909,0.020267558528428,6.06,2.583016307371511,15,2.4752475247524752,0.2369380271360468,0.0464596329596329,0.0460961229229944,-0.0457713819340155,4,7,3.490314471055644,,,6,0.5099978094619142,planted_partition
planted_partition_29.pkl,affinity_reactive,35,26,35,-25.80000000000006,475.0,287.0,188.0,0.01175471356847312,0.27953890489913547,393.0,55276.0,17.2036612033844,300,909,0.020267558528428,6.06,2.583016307371511,15,2.4752475247524752,0.2369380271360468,0.0464596329596329,0.0460961229229944,-0.0457713819340155,4,7,3.490314471055644,,,6,0.5099978094619142,planted_partition
planted_partition_29.pkl,baseline,6,6,6,-22.70000000000005,467.0,360.0,107.0,0.006220422477856131,0.19350282485875706,211.0,17182.0,4.473871946334839,300,909,0.020267558528428,6.06,2.583016307371511,15,2.4752475247524752,0.2369380271360468,0.0464596329596329,0.0460961229229944,-0.0457713819340155,4,7,3.490314471055644,,,6,0.5099978094619142,planted_partition
planted_partition_29.pkl,periodic,47,28,47,-26.600000000000062,442.0,269.0,173.0,0.0037562498619576183,0.09663341645885287,289.0,63618.0,16.162129402160645,300,909,0.020267558528428,6.06,2.583016307371511,15,2.4752475247524752,0.2369380271360468,0.0464596329596329,0.0460961229229944,-0.0457713819340155,4,7,3.490314471055644,,,6,0.5099978094619142,planted_partition
planted_partition_29.pkl,reactive,44,34,44,-22.70000000000005,467.0,251.0,216.0,0.008266705242238251,0.19350282485875706,292.0,55952.0,14.241652488708496,300,909,0.020267558528428,6.06,2.583016307371511,15,2.4752475247524752,0.2369380271360468,0.0464596329596329,0.0460961229229944,-0.0457713819340155,4,7,3.490314471055644,,,6,0.5099978094619142,planted_partition
planted_partition_3.pkl,affinity,4,4,4,-21.90000000000006,458.0,365.0,93.0,0.007971117990640826,0.24469413233458176,309.0,17291.0,5.699043273925781,300,907,0.0202229654403567,6.046666666666667,2.54020952620296,14,2.3153252480705624,0.2354244762954795,0.0370094905094905,0.0384337784193432,0.0291219452426476,4,7,3.4596524529410435,,,7,0.4720591649658602,planted_partition
planted_partition_3.pkl,affinity_periodic,48,26,48,-16.500000000000085,430.0,286.0,144.0,0.005298702461950723,0.12868949232585597,418.0,67398.0,20.46934127807617,300,907,0.0202229654403567,6.046666666666667,2.54020952620296,14,2.3153252480705624,0.2354244762954795,0.0370094905094905,0.0384337784193432,0.0291219452426476,4,7,3.4596524529410435,,,7,0.4720591649658602,planted_partition
planted_partition_3.pkl,affinity_reactive,41,12,41,-21.90000000000006,458.0,358.0,100.0,0.00842085734736035,0.24469413233458176,327.0,55627.0,17.83138418197632,300,907,0.0202229654403567,6.046666666666667,2.54020952620296,14,2.3153252480705624,0.2354244762954795,0.0370094905094905,0.0384337784193432,0.0291219452426476,4,7,3.4596524529410435,,,7,0.4720591649658602,planted_partition
planted_partition_3.pkl,baseline,4,4,4,-13.30000000000007,455.0,399.0,56.0,0.005175072750089359,0.1991643454038997,182.0,27003.0,7.329118967056274,300,907,0.0202229654403567,6.046666666666667,2.54020952620296,14,2.3153252480705624,0.2354244762954795,0.0370094905094905,0.0384337784193432,0.0291219452426476,4,7,3.4596524529410435,,,7,0.4720591649658602,planted_partition
planted_partition_3.pkl,periodic,32,19,32,-12.100000000000056,432.0,323.0,109.0,0.0032601653285934816,0.09858287122612445,255.0,71816.0,18.3926374912262,300,907,0.0202229654403567,6.046666666666667,2.54020952620296,14,2.3153252480705624,0.2354244762954795,0.0370094905094905,0.0384337784193432,0.0291219452426476,4,7,3.4596524529410435,,,7,0.4720591649658602,planted_partition
planted_partition_3.pkl,reactive,20,10,20,-13.70000000000001,455.0,382.0,73.0,0.005503713040251725,0.1991643454038997,197.0,76666.0,20.094943046569824,300,907,0.0202229654403567,6.046666666666667,2.54020952620296,14,2.3153252480705624,0.2354244762954795,0.0370094905094905,0.0384337784193432,0.0291219452426476,4,7,3.4596524529410435,,,7,0.4720591649658602,planted_partition
planted_partition_4.pkl,affinity,3,3,3,-11.100000000000055,427.0,380.0,47.0,0.006761263923303027,0.25,266.0,27151.0,8.860134840011597,300,886,0.0197547380156075,5.906666666666666,2.357218094712996,13,2.2009029345372464,0.2235176824680209,0.0286734376734376,0.0330243337195828,0.0233219799520643,4,7,3.541401988732015,,,6,0.4979388430004738,planted_partition
planted_partition_4.pkl,affinity_periodic,49,11,49,-13.300000000000054,418.0,356.0,62.0,0.003951395320700348,0.1266044340723454,328.0,73195.0,23.27239489555359,300,886,0.0197547380156075,5.906666666666666,2.357218094712996,13,2.2009029345372464,0.2235176824680209,0.0286734376734376,0.0330243337195828,0.0233219799520643,4,7,3.541401988732015,,,6,0.4979388430004738,planted_partition
planted_partition_4.pkl,affinity_reactive,30,18,35,-11.300000000000018,427.0,347.0,80.0,0.00824774496810396,0.25,317.0,60487.0,19.04693055152893,300,886,0.0197547380156075,5.906666666666666,2.357218094712996,13,2.2009029345372464,0.2235176824680209,0.0286734376734376,0.0330243337195828,0.0233219799520643,4,7,3.541401988732015,,,6,0.4979388430004738,planted_partition
planted_partition_4.pkl,baseline,5,5,5,-16.10000000000002,444.0,373.0,71.0,0.0051561814644988805,0.17662337662337663,192.0,27381.0,7.241544723510742,300,886,0.0197547380156075,5.906666666666666,2.357218094712996,13,2.2009029345372464,0.2235176824680209,0.0286734376734376,0.0330243337195828,0.0233219799520643,4,7,3.541401988732015,,,6,0.4979388430004738,planted_partition
planted_partition_4.pkl,periodic,25,10,25,-10.200000000000042,422.0,363.0,59.0,0.002413641848650599,0.09101796407185629,199.0,75084.0,19.21470141410828,300,886,0.0197547380156075,5.906666666666666,2.357218094712996,13,2.2009029345372464,0.2235176824680209,0.0286734376734376,0.0330243337195828,0.0233219799520643,4,7,3.541401988732015,,,6,0.4979388430004738,planted_partition
planted_partition_4.pkl,reactive,41,24,41,-16.10000000000002,444.0,336.0,108.0,0.005957324825544293,0.17662337662337663,226.0,62197.0,16.203839778900146,300,886,0.0197547380156075,5.906666666666666,2.357218094712996,13,2.2009029345372464,0.2235176824680209,0.0286734376734376,0.0330243337195828,0.0233219799520643,4,7,3.541401988732015,,,6,0.4979388430004738,planted_partition
planted_partition_5.pkl,affinity,8,7,8,-19.000000000000068,486.0,392.0,94.0,0.009164497148024475,0.2574931880108992,323.0,27812.0,9.176140546798706,300,921,0.0205351170568561,6.14,2.420729871416448,14,2.280130293159609,0.2195114006514658,0.0340914085914085,0.0272727272727272,-0.0179196641588429,4,6,3.455810905475335,,,8,0.4752222540527987,planted_partition
planted_partition_5.pkl,affinity_periodic,41,21,41,-13.500000000000027,458.0,310.0,148.0,0.005231841890016424,0.1275820170109356,411.0,72247.0,23.259851694107056,300,921,0.0205351170568561,6.14,2.420729871416448,14,2.280130293159609,0.2195114006514658,0.0340914085914085,0.0272727272727272,-0.0179196641588429,4,6,3.455810905475335,,,8,0.4752222540527987,planted_partition
planted_partition_5.pkl,affinity_reactive,36,13,36,-19.000000000000068,486.0,385.0,101.0,0.009288973723195449,0.2574931880108992,332.0,65095.0,20.577720880508423,300,921,0.0205351170568561,6.14,2.420729871416448,14,2.280130293159609,0.2195114006514658,0.0340914085914085,0.0272727272727272,-0.0179196641588429,4,6,3.455810905475335,,,8,0.4752222540527987,planted_partition
planted_partition_5.pkl,baseline,7,7,7,-21.10000000000005,476.0,369.0,107.0,0.006613364086849447,0.21732954545454544,231.0,27737.0,7.759368181228638,300,921,0.0205351170568561,6.14,2.420729871416448,14,2.280130293159609,0.2195114006514658,0.0340914085914085,0.0272727272727272,-0.0179196641588429,4,6,3.455810905475335,,,8,0.4752222540527987,planted_partition
planted_partition_5.pkl,periodic,22,15,22,-21.20000000000004,438.0,313.0,125.0,0.003408876103736288,0.11014312383322962,268.0,72329.0,18.81112504005432,300,921,0.0205351170568561,6.14,2.420729871416448,14,2.280130293159609,0.2195114006514658,0.0340914085914085,0.0272727272727272,-0.0179196641588429,4,6,3.455810905475335,,,8,0.4752222540527987,planted_partition
planted_partition_5.pkl,reactive,18,16,18,-21.10000000000005,476.0,323.0,153.0,0.007345450598871194,0.21732954545454544,263.0,63260.0,16.51774501800537,300,921,0.0205351170568561,6.14,2.420729871416448,14,2.280130293159609,0.2195114006514658,0.0340914085914085,0.0272727272727272,-0.0179196641588429,4,6,3.455810905475335,,,8,0.4752222540527987,planted_partition
planted_partition_6.pkl,affinity,5,5,5,-25.400000000000045,485.0,368.0,117.0,0.008239538502028966,0.27555555555555555,287.0,33765.0,10.500353574752808,300,919,0.0204905239687848,6.126666666666667,2.498954073292191,14,2.2850924918389555,0.2248639825897713,0.0299677729677729,0.0334809565987599,-0.0432995901737494,4,7,3.460101905681129,,,6,0.4972885321486547,planted_partition
planted_partition_6.pkl,affinity_periodic,16,12,45,-20.899999999999995,436.0,340.0,96.0,0.00443115724927891,0.14116177389131793,350.0,71901.0,22.00625705718994,300,919,0.0204905239687848,6.126666666666667,2.498954073292191,14,2.2850924918389555,0.2248639825897713,0.0299677729677729,0.0334809565987599,-0.0432995901737494,4,7,3.460101905681129,,,6,0.4972885321486547,planted_partition
planted_partition_6.pkl,affinity_reactive,18,11,35,-25.400000000000045,485.0,356.0,129.0,0.008634178399616855,0.27555555555555555,308.0,73176.0,22.66434407234192,300,919,0.0204905239687848,6.126666666666667,2.498954073292191,14,2.2850924918389555,0.2248639825897713,0.0299677729677729,0.0334809565987599,-0.0432995901737494,4,7,3.460101905681129,,,6,0.4972885321486547,planted_partition
planted_partition_6.pkl,baseline,3,3,3,-15.500000000000012,482.0,418.0,64.0,0.00529907515264876,0.19553805774278216,195.0,16871.0,4.242037296295166,300,919,0.0204905239687848,6.126666666666667,2.498954073292191,14,2.2850924918389555,0.2248639825897713,0.0299677729677729,0.0334809565987599,-0.0432995901737494,4,7,3.460101905681129,,,6,0.4972885321486547,planted_partition
planted_partition_6.pkl,periodic,10,7,10,-13.800000000000043,458.0,382.0,76.0,0.0028027149039879934,0.09779367918902802,227.0,85368.0,20.994065046310425,300,919,0.0204905239687848,6.126666666666667,2.498954073292191,14,2.2850924918389555,0.2248639825897713,0.0299677729677729,0.0334809565987599,-0.0432995901737494,4,7,3.460101905681129,,,6,0.4972885321486547,planted_partition
planted_partition_6.pkl,reactive,44,24,44,-15.900000000000036,482.0,362.0,120.0,0.0068723409441848494,0.19553805774278216,243.0,59037.0,14.732765436172484,300,919,0.0204905239687848,6.126666666666667,2.498954073292191,14,2.2850924918389555,0.2248639825897713,0.0299677729677729,0.0334809565987599,-0.0432995901737494,4,7,3.460101905681129,,,6,0.4972885321486547,planted_partition
planted_partition_7.pkl,affinity,5,5,5,-24.200000000000063,457.0,355.0,102.0,0.008678191032972812,0.26877470355731226,317.0,27362.0,8.350912809371948,300,899,0.0200445930880713,5.993333333333333,2.232315613636471,14,2.335928809788654,0.2057990359658879,0.0284304029304029,0.0309514711501719,-0.0100595071428352,4,6,3.487647714604236,,,5,0.4819092032798772,planted_partition
planted_partition_7.pkl,affinity_periodic,23,9,23,-18.10000000000006,428.0,341.0,87.0,0.00424866771581015,0.13508667065152422,345.0,71920.0,21.48376703262329,300,899,0.0200445930880713,5.993333333333333,2.232315613636471,14,2.335928809788654,0.2057990359658879,0.0284304029304029,0.0309514711501719,-0.0100595071428352,4,6,3.487647714604236,,,5,0.4819092032798772,planted_partition
planted_partition_7.pkl,affinity_reactive,32,20,34,-24.200000000000063,457.0,325.0,132.0,0.010119142453448873,0.26877470355731226,369.0,53573.0,16.02851390838623,300,899,0.0200445930880713,5.993333333333333,2.232315613636471,14,2.335928809788654,0.2057990359658879,0.0284304029304029,0.0309514711501719,-0.0100595071428352,4,6,3.487647714604236,,,5,0.4819092032798772,planted_partition
planted_partition_7.pkl,baseline,2,2,2,-7.500000000000042,441.0,407.0,34.0,0.004744938352231737,0.19363762102351315,169.0,26961.0,6.720051765441895,300,899,0.0200445930880713,5.993333333333333,2.232315613636471,14,2.335928809788654,0.2057990359658879,0.0284304029304029,0.0309514711501719,-0.0100595071428352,4,6,3.487647714604236,,,5,0.4819092032798772,planted_partition
planted_partition_7.pkl,periodic,15,4,15,-9.100000000000048,427.0,380.0,47.0,0.002402338333261598,0.0944686140459913,194.0,84851.0,20.707000017166138,300,899,0.0200445930880713,5.993333333333333,2.232315613636471,14,2.335928809788654,0.2057990359658879,0.0284304029304029,0.0309514711501719,-0.0100595071428352,4,6,3.487647714604236,,,5,0.4819092032798772,planted_partition
planted_partition_7.pkl,reactive,23,13,23,-8.400000000000015,441.0,371.0,70.0,0.005536347988291619,0.19363762102351315,201.0,69745.0,16.680526733398438,300,899,0.0200445930880713,5.993333333333333,2.232315613636471,14,2.335928809788654,0.2057990359658879,0.0284304029304029,0.0309514711501719,-0.0100595071428352,4,6,3.487647714604236,,,5,0.4819092032798772,planted_partition
planted_partition_8.pkl,affinity,6,6,6,-22.70000000000005,460.0,355.0,105.0,0.009334822222568293,0.25096525096525096,328.0,17001.0,5.305243492126465,300,873,0.0194648829431438,5.82,2.2740943288972004,14,2.405498281786941,0.2185910652920961,0.0378059718059718,0.0409556313993174,-0.0198754411750561,4,7,3.578974358974359,,,5,0.5019373360677785,planted_partition
planted_partition_8.pkl,affinity_periodic,22,14,39,-19.100000000000016,423.0,314.0,109.0,0.0045387651214975275,0.13898916967509026,374.0,72937.0,21.39561080932617,300,873,0.0194648829431438,5.82,2.2740943288972004,14,2.405498281786941,0.2185910652920961,0.0378059718059718,0.0409556313993174,-0.0198754411750561,4,7,3.578974358974359,,,5,0.5019373360677785,planted_partition
planted_partition_8.pkl,affinity_reactive,21,20,48,-22.70000000000005,460.0,325.0,135.0,0.010403058465372,0.25096525096525096,372.0,61100.0,18.02081036567688,300,873,0.0194648829431438,5.82,2.2740943288972004,14,2.405498281786941,0.2185910652920961,0.0378059718059718,0.0409556313993174,-0.0198754411750561,4,7,3.578974358974359,,,5,0.5019373360677785,planted_partition
planted_partition_8.pkl,baseline,3,3,3,-7.3000000000000655,444.0,411.0,33.0,0.004535484353064514,0.1843501326259947,162.0,16344.0,4.000606536865234,300,873,0.0194648829431438,5.82,2.2740943288972004,14,2.405498281786941,0.2185910652920961,0.0378059718059718,0.0409556313993174,-0.0198754411750561,4,7,3.578974358974359,,,5,0.5019373360677785,planted_partition
planted_partition_8.pkl,periodic,11,11,11,-14.500000000000073,415.0,340.0,75.0,0.002670361380028919,0.09665653495440729,217.0,72523.0,16.95547914505005,300,873,0.0194648829431438,5.82,2.2740943288972004,14,2.405498281786941,0.2185910652920961,0.0378059718059718,0.0409556313993174,-0.0198754411750561,4,7,3.578974358974359,,,5,0.5019373360677785,planted_partition
planted_partition_8.pkl,reactive,49,16,49,-13.900000000000057,444.0,342.0,102.0,0.006066066224793196,0.1843501326259947,214.0,64360.0,15.321930646896362,300,873,0.0194648829431438,5.82,2.2740943288972004,14,2.405498281786941,0.2185910652920961,0.0378059718059718,0.0409556313993174,-0.0198754411750561,4,7,3.578974358974359,,,5,0.5019373360677785,planted_partition
planted_partition_9.pkl,affinity,5,5,5,-21.60000000000006,470.0,372.0,98.0,0.009010862814798473,0.28983516483516486,333.0,27475.0,8.60395860671997,300,922,0.0205574136008918,6.1466666666666665,2.38553799536148,14,2.27765726681128,0.2154338394793926,0.0347035187035187,0.0364546104360257,0.0210734516915087,4,6,3.4834782608695654,,,5,0.4983236950701342,planted_partition
planted_partition_9.pkl,affinity_periodic,25,11,25,-28.000000000000057,431.0,295.0,136.0,0.004961799403286515,0.1535141800246609,396.0,72159.0,21.68779444694519,300,922,0.0205574136008918,6.1466666666666665,2.38553799536148,14,2.27765726681128,0.2154338394793926,0.0347035187035187,0.0364546104360257,0.0210734516915087,4,6,3.4834782608695654,,,5,0.4983236950701342,planted_partition
planted_partition_9.pkl,affinity_reactive,40,16,40,-21.60000000000006,470.0,350.0,120.0,0.009700442842501232,0.28983516483516486,359.0,55066.0,17.103216886520386,300,922,0.0205574136008918,6.1466666666666665,2.38553799536148,14,2.27765726681128,0.2154338394793926,0.0347035187035187,0.0364546104360257,0.0210734516915087,4,6,3.4834782608695654,,,5,0.4983236950701342,planted_partition
planted_partition_9.pkl,baseline,2,2,2,-8.900000000000066,481.0,440.0,41.0,0.006073159473796509,0.23307086614173228,181.0,16012.0,4.058708190917969,300,922,0.0205574136008918,6.1466666666666665,2.38553799536148,14,2.27765726681128,0.2154338394793926,0.0347035187035187,0.0364546104360257,0.0210734516915087,4,6,3.4834782608695654,,,5,0.4983236950701342,planted_partition
planted_partition_9.pkl,periodic,34,21,34,-22.000000000000046,453.0,289.0,164.0,0.0039028006832460514,0.10800260247234873,288.0,63091.0,15.245442152023315,300,922,0.0205574136008918,6.1466666666666665,2.38553799536148,14,2.27765726681128,0.2154338394793926,0.0347035187035187,0.0364546104360257,0.0210734516915087,4,6,3.4834782608695654,,,5,0.4983236950701342,planted_partition
planted_partition_9.pkl,reactive,44,27,44,-15.900000000000064,481.0,343.0,138.0,0.00810469367800169,0.23307086614173228,259.0,54338.0,13.527334213256836,300,922,0.0205574136008918,6.1466666666666665,2.38553799536148,14,2.27765726681128,0.2154338394793926,0.0347035187035187,0.0364546104360257,0.0210734516915087,4,6,3.4834782608695654,,,5,0.4983236950701342,planted_partition
random_regular_0.pkl,affinity,6,6,6,-16.30000000000013,854.0,780.0,74.0,0.005510694719958237,0.19815059445178335,197.0,17060.0,9.15099835395813,300,1500,0.0334448160535117,10.0,0.0,10,1.0,0.0,0.0275555555555555,0.0275555555555555,,10,4,2.715406911928651,,,7,0.2745777777777778,random_regular
random_regular_0.pkl,affinity_periodic,40,14,40,-13.800000000000107,824.0,742.0,82.0,0.0029109759240443784,0.09898020395920816,233.0,77543.0,40.12174725532532,300,1500,0.0334448160535117,10.0,0.0,10,1.0,0.0,0.0275555555555555,0.0275555555555555,,10,4,2.715406911928651,,,7,0.2745777777777778,random_regular
random_regular_0.pkl,affinity_reactive,43,12,43,-16.30000000000013,854.0,766.0,88.0,0.005680433821210611,0.19815059445178335,208.0,64835.0,33.89704465866089,300,1500,0.0334448160535117,10.0,0.0,10,1.0,0.0,0.0275555555555555,0.0275555555555555,,10,4,2.715406911928651,,,7,0.2745777777777778,random_regular
random_regular_0.pkl,baseline,6,6,6,-16.30000000000013,854.0,780.0,74.0,0.005510694719958237,0.19815059445178335,197.0,17060.0,6.879899024963379,300,1500,0.0334448160535117,10.0,0.0,10,1.0,0.0,0.0275555555555555,0.0275555555555555,,10,4,2.715406911928651,,,7,0.2745777777777778,random_regular
random_regular_0.pkl,periodic,40,14,40,-13.800000000000107,824.0,742.0,82.0,0.0029109759240443784,0.09898020395920816,233.0,77543.0,30.06422519683838,300,1500,0.0334448160535117,10.0,0.0,10,1.0,0.0,0.0275555555555555,0.0275555555555555,,10,4,2.715406911928651,,,7,0.2745777777777778,random_regular
random_regular_0.pkl,reactive,43,12,43,-16.30000000000013,854.0,766.0,88.0,0.005680433821210611,0.19815059445178335,208.0,64835.0,25.111183166503903,300,1500,0.0334448160535117,10.0,0.0,10,1.0,0.0,0.0275555555555555,0.0275555555555555,,10,4,2.715406911928651,,,7,0.2745777777777778,random_regular
random_regular_1.pkl,affinity,2,2,2,-14.40000000000011,834.0,769.0,65.0,0.004905646860690131,0.1968503937007874,183.0,16565.0,8.83106780052185,300,1500,0.0334448160535117,10.0,0.0,10,1.0,0.0,0.0328888888888888,0.0328888888888888,,10,4,2.7176142697881827,,,8,0.2818666666666667,random_regular
random_regular_1.pkl,affinity_periodic,20,13,20,-9.000000000000066,799.0,728.0,71.0,0.0028435983872319858,0.10453172205438066,229.0,71770.0,36.51204061508179,300,1500,0.0334448160535117,10.0,0.0,10,1.0,0.0,0.0328888888888888,0.0328888888888888,,10,4,2.7176142697881827,,,8,0.2818666666666667,random_regular
random_regular_1.pkl,affinity_reactive,41,14,41,-15.800000000000088,834.0,738.0,96.0,0.00568933434833357,0.1968503937007874,211.0,64945.0,33.29925990104675,300,1500,0.0334448160535117,10.0,0.0,10,1.0,0.0,0.0328888888888888,0.0328888888888888,,10,4,2.7176142697881827,,,8,0.2818666666666667,random_regular
random_regular_1.pkl,baseline,2,2,2,-14.40000000000011,834.0,769.0,65.0,0.004905646860690131,0.1968503937007874,183.0,16565.0,6.376192092895508,300,1500,0.0334448160535117,10.0,0.0,10,1.0,0.0,0.0328888888888888,0.0328888888888888,,10,4,2.7176142697881827,,,8,0.2818666666666667,random_regular
random_regular_1.pkl,periodic,20,13,20,-9.000000000000066,799.0,728.0,71.0,0.0028435983872319858,0.10453172205438066,229.0,71770.0,27.617839097976685,300,1500,0.0334448160535117,10.0,0.0,10,1.0,0.0,0.0328888888888888,0.0328888888888888,,10,4,2.7176142697881827,,,8,0.2818666666666667,random_regular
random_regular_1.pkl,reactive,41,14,41,-15.800000000000088,834.0,738.0,96.0,0.00568933434833357,0.1968503937007874,211.0,64945.0,25.116358757019043,300,1500,0.0334448160535117,10.0,0.0,10,1.0,0.0,0.0328888888888888,0.0328888888888888,,10,4,2.7176142697881827,,,8,0.2818666666666667,random_regular
random_regular_10.pkl,affinity,5,5,5,-10.700000000000061,836.0,787.0,49.0,0.00557523946658109,0.21419354838709678,205.0,17073.0,9.092857837677002,300,1500,0.0334448160535117,10.0,0.0,10,1.0,0.0,0.0264444444444444,0.0264444444444444,,10,4,2.714358974358974,,,7,0.2807111111111111,random_regular
random_regular_10.pkl,affinity_periodic,14,12,14,-10.200000000000104,809.0,737.0,72.0,0.002934666744733012,0.10894020130254589,240.0,71933.0,36.89682197570801,300,1500,0.0334448160535117,10.0,0.0,10,1.0,0.0,0.0264444444444444,0.0264444444444444,,10,4,2.714358974358974,,,7,0.2807111111111111,random_regular
random_regular_10.pkl,affinity_reactive,36,20,36,-10.700000000000061,836.0,740.0,96.0,0.00652813218228931,0.21419354838709678,243.0,65748.0,33.81077241897583,300,1500,0.0334448160535117,10.0,0.0,10,1.0,0.0,0.0264444444444444,0.0264444444444444,,10,4,2.714358974358974,,,7,0.2807111111111111,random_regular
random_regular_10.pkl,baseline,5,5,5,-10.700000000000061,836.0,787.0,49.0,0.00557523946658109,0.21419354838709678,205.0,17073.0,6.758591413497925,300,1500,0.0334448160535117,10.0,0.0,10,1.0,0.0,0.0264444444444444,0.0264444444444444,,10,4,2.714358974358974,,,7,0.2807111111111111,random_regular
random_regular_10.pkl,periodic,14,12,14,-10.200000000000104,809.0,737.0,72.0,0.002934666744733012,0.10894020130254589,240.0,71933.0,27.442015171051025,300,1500,0.0334448160535117,10.0,0.0,10,1.0,0.0,0.0264444444444444,0.0264444444444444,,10,4,2.714358974358974,,,7,0.2807111111111111,random_regular
random_regular_10.pkl,reactive,36,20,36,-10.700000000000061,836.0,740.0,96.0,0.00652813218228931,0.21419354838709678,243.0,65748.0,25.430396795272827,300,1500,0.0334448160535117,10.0,0.0,10,1.0,0.0,0.0264444444444444,0.0264444444444444,,10,4,2.714358974358974,,,7,0.2807111111111111,random_regular
random_regular_11.pkl,affinity,5,5,5,-22.899999999999984,872.0,776.0,96.0,0.006161580860274301,0.21449704142011836,215.0,34185.0,17.776395559310913,300,1500,0.0334448160535117,10.0,0.0,10,1.0,0.0,0.0302222222222222,0.0302222222222222,,10,4,2.712396878483835,,,7,0.2803555555555555,random_regular
random_regular_11.pkl,affinity_periodic,32,13,32,-15.100000000000055,839.0,761.0,78.0,0.002953416508581044,0.10583016476552598,233.0,73290.0,37.48363280296326,300,1500,0.0334448160535117,10.0,0.0,10,1.0,0.0,0.0302222222222222,0.0302222222222222,,10,4,2.712396878483835,,,7,0.2803555555555555,random_regular
random_regular_11.pkl,affinity_reactive,29,15,29,-22.899999999999984,872.0,746.0,126.0,0.006810187087716087,0.21449704142011836,243.0,71581.0,36.61292815208435,300,1500,0.0334448160535117,10.0,0.0,10,1.0,0.0,0.0302222222222222,0.0302222222222222,,10,4,2.712396878483835,,,7,0.2803555555555555,random_regular
random_regular_11.pkl,baseline,5,5,5,-22.899999999999984,872.0,776.0,96.0,0.006161580860274301,0.21449704142011836,215.0,34185.0,13.2327139377594,300,1500,0.0334448160535117,10.0,0.0,10,1.0,0.0,0.0302222222222222,0.0302222222222222,,10,4,2.712396878483835,,,7,0.2803555555555555,random_regular
random_regular_11.pkl,periodic,32,13,32,-15.100000000000055,839.0,761.0,78.0,0.002953416508581044,0.10583016476552598,233.0,73290.0,28.626885890960693,300,1500,0.0334448160535117,10.0,0.0,10,1.0,0.0,0.0302222222222222,0.0302222222222222,,10,4,2.712396878483835,,,7,0.2803555555555555,random_regular
random_regular_11.pkl,reactive,29,15,29,-22.899999999999984,872.0,746.0,126.0,0.006810187087716087,0.21449704142011836,243.0,71581.0,27.477072954177856,300,1500,0.0334448160535117,10.0,0.0,10,1.0,0.0,0.0302222222222222,0.0302222222222222,,10,4,2.712396878483835,,,7,0.2803555555555555,random_regular
random_regular_12.pkl,affinity,3,3,3,-13.999999999999988,828.0,769.0,59.0,0.005862859037821797,0.21642764015645372,211.0,26839.0,13.956674814224243,300,1500,0.0334448160535117,10.0,0.0,10,1.0,0.0,0.0295555555555555,0.0295555555555555,,10,4,2.716254180602007,,,7,0.2805555555555555,random_regular
random_regular_12.pkl,affinity_periodic,32,6,32,-18.200000000000166,811.0,734.0,77.0,0.0028257128510461465,0.10703547805171378,234.0,83170.0,42.419846296310425,300,1500,0.0334448160535117,10.0,0.0,10,1.0,0.0,0.0295555555555555,0.0295555555555555,,10,4,2.716254180602007,,,7,0.2805555555555555,random_regular
random_regular_12.pkl,affinity_reactive,45,16,45,-13.999999999999988,828.0,735.0,93.0,0.0066567127844033005,0.21642764015645372,242.0,55528.0,28.5935173034668,300,1500,0.0334448160535117,10.0,0.0,10,1.0,0.0,0.0295555555555555,0.0295555555555555,,10,4,2.716254180602007,,,7,0.2805555555555555,random_regular
random_regular_12.pkl,baseline,3,3,3,-13.999999999999988,828.0,769.0,59.0,0.005862859037821797,0.21642764015645372,211.0,26839.0,10.395116090774536,300,1500,0.0334448160535117,10.0,0.0,10,1.0,0.0,0.0295555555555555,0.0295555555555555,,10,4,2.716254180602007,,,7,0.2805555555555555,random_regular
random_regular_12.pkl,periodic,32,6,32,-18.200000000000166,811.0,734.0,77.0,0.0028257128510461465,0.10703547805171378,234.0,83170.0,31.930777311325077,300,1500,0.0334448160535117,10.0,0.0,10,1.0,0.0,0.0295555555555555,0.0295555555555555,,10,4,2.716254180602007,,,7,0.2805555555555555,random_regular
random_regular_12.pkl,reactive,45,16,45,-13.999999999999988,828.0,735.0,93.0,0.0066567127844033005,0.21642764015645372,242.0,55528.0,21.384551763534542,300,1500,0.0334448160535117,10.0,0.0,10,1.0,0.0,0.0295555555555555,0.0295555555555555,,10,4,2.716254180602007,,,7,0.2805555555555555,random_regular
random_regular_13.pkl,affinity,5,5,5,-18.8000000000001,867.0,785.0,82.0,0.006449314830183805,0.22779369627507162,213.0,26629.0,13.76980972290039,300,1500,0.0334448160535117,10.0,0.0,10,1.0,0.0,0.0273333333333333,0.0273333333333333,,10,4,2.715117056856187,,,7,0.2879555555555556,random_regular
random_regular_13.pkl,affinity_periodic,6,3,6,-12.10000000000006,824.0,764.0,60.0,0.0028294584331998085,0.11783238815374922,227.0,72306.0,37.31867289543152,300,1500,0.0334448160535117,10.0,0.0,10,1.0,0.0,0.0273333333333333,0.0273333333333333,,10,4,2.715117056856187,,,7,0.2879555555555556,random_regular
random_regular_13.pkl,affinity_reactive,30,14,30,-22.400000000000098,867.0,745.0,122.0,0.006896574162683065,0.22779369627507162,253.0,63091.0,32.480175495147705,300,1500,0.0334448160535117,10.0,0.0,10,1.0,0.0,0.0273333333333333,0.0273333333333333,,10,4,2.715117056856187,,,7,0.2879555555555556,random_regular
random_regular_13.pkl,baseline,5,5,5,-18.8000000000001,867.0,785.0,82.0,0.006449314830183805,0.22779369627507162,213.0,26629.0,10.387973070144652,300,1500,0.0334448160535117,10.0,0.0,10,1.0,0.0,0.0273333333333333,0.0273333333333333,,10,4,2.715117056856187,,,7,0.2879555555555556,random_regular
random_regular_13.pkl,periodic,6,3,6,-12.10000000000006,824.0,764.0,60.0,0.0028294584331998085,0.11783238815374922,227.0,72306.0,27.876553773880005,300,1500,0.0334448160535117,10.0,0.0,10,1.0,0.0,0.0273333333333333,0.0273333333333333,,10,4,2.715117056856187,,,7,0.2879555555555556,random_regular
random_regular_13.pkl,reactive,30,14,30,-22.400000000000098,867.0,745.0,122.0,0.006896574162683065,0.22779369627507162,253.0,63091.0,24.471986293792725,300,1500,0.0334448160535117,10.0,0.0,10,1.0,0.0,0.0273333333333333,0.0273333333333333,,10,4,2.715117056856187,,,7,0.2879555555555556,random_regular
random_regular_14.pkl,affinity,4,4,4,-14.300000000000058,855.0,795.0,60.0,0.005552329178105294,0.2097902097902098,185.0,16449.0,8.669251441955566,300,1500,0.0334448160535117,10.0,0.0,10,1.0,0.0,0.0266666666666666,0.0266666666666666,,10,4,2.716454849498328,,,8,0.2802666666666666,random_regular
random_regular_14.pkl,affinity_periodic,11,7,11,-16.40000000000005,830.0,752.0,78.0,0.002800804184393365,0.1029593094944513,224.0,77803.0,39.71613049507141,300,1500,0.0334448160535117,10.0,0.0,10,1.0,0.0,0.0266666666666666,0.0266666666666666,,10,4,2.716454849498328,,,8,0.2802666666666666,random_regular
random_regular_14.pkl,affinity_reactive,21,18,21,-14.300000000000058,855.0,737.0,118.0,0.007013666199919397,0.2097902097902098,238.0,55201.0,28.469989776611328,300,1500,0.0334448160535117,10.0,0.0,10,1.0,0.0,0.0266666666666666,0.0266666666666666,,10,4,2.716454849498328,,,8,0.2802666666666666,random_regular
random_regular_14.pkl,baseline,4,4,4,-14.300000000000058,855.0,795.0,60.0,0.005552329178105294,0.2097902097902098,185.0,16449.0,6.6492884159088135,300,1500,0.0334448160535117,10.0,0.0,10,1.0,0.0,0.0266666666666666,0.0266666666666666,,10,4,2.716454849498328,,,8,0.2802666666666666,random_regular
random_regular_14.pkl,periodic,11,7,11,-16.40000000000005,830.0,752.0,78.0,0.002800804184393365,0.1029593094944513,224.0,77803.0,29.93484044075012,300,1500,0.0334448160535117,10.0,0.0,10,1.0,0.0,0.0266666666666666,0.0266666666666666,,10,4,2.716454849498328,,,8,0.2802666666666666,random_regular
random_regular_14.pkl,reactive,21,18,21,-14.300000000000058,855.0,737.0,118.0,0.007013666199919397,0.2097902097902098,238.0,55201.0,21.20942521095276,300,1500,0.0334448160535117,10.0,0.0,10,1.0,0.0,0.0266666666666666,0.0266666666666666,,10,4,2.716454849498328,,,8,0.2802666666666666,random_regular
random_regular_15.pkl,affinity,4,4,4,-17.500000000000085,840.0,766.0,74.0,0.00544537028117489,0.18997361477572558,199.0,16981.0,8.918695211410522,300,1500,0.0334448160535117,10.0,0.0,10,1.0,0.0,0.0264444444444444,0.0264444444444444,,10,4,2.7113043478260868,,,7,0.2869777777777778,random_regular
random_regular_15.pkl,affinity_periodic,41,15,41,-15.50000000000007,822.0,739.0,83.0,0.0028217704468415728,0.09503885236102809,224.0,62033.0,31.82356119155884,300,1500,0.0334448160535117,10.0,0.0,10,1.0,0.0,0.0264444444444444,0.0264444444444444,,10,4,2.7113043478260868,,,7,0.2869777777777778,random_regular
random_regular_15.pkl,affinity_reactive,33,14,33,-17.500000000000085,840.0,749.0,91.0,0.005844613727884485,0.18997361477572558,216.0,64608.0,33.07489514350891,300,1500,0.0334448160535117,10.0,0.0,10,1.0,0.0,0.0264444444444444,0.0264444444444444,,10,4,2.7113043478260868,,,7,0.2869777777777778,random_regular
random_regular_15.pkl,baseline,4,4,4,-17.500000000000085,840.0,766.0,74.0,0.00544537028117489,0.18997361477572558,199.0,16981.0,6.668468713760376,300,1500,0.0334448160535117,10.0,0.0,10,1.0,0.0,0.0264444444444444,0.0264444444444444,,10,4,2.7113043478260868,,,7,0.2869777777777778,random_regular
random_regular_15.pkl,periodic,41,15,41,-15.50000000000007,822.0,739.0,83.0,0.0028217704468415728,0.09503885236102809,224.0,62033.0,23.967853546142575,300,1500,0.0334448160535117,10.0,0.0,10,1.0,0.0,0.0264444444444444,0.0264444444444444,,10,4,2.7113043478260868,,,7,0.2869777777777778,random_regular
random_regular_15.pkl,reactive,33,14,33,-17.500000000000085,840.0,749.0,91.0,0.005844613727884485,0.18997361477572558,216.0,64608.0,24.711567401885983,300,1500,0.0334448160535117,10.0,0.0,10,1.0,0.0,0.0264444444444444,0.0264444444444444,,10,4,2.7113043478260868,,,7,0.2869777777777778,random_regular
random_regular_16.pkl,affinity,2,2,2,-14.800000000000038,858.0,790.0,68.0,0.005496746861652819,0.20857988165680474,185.0,16358.0,8.860644102096558,300,1500,0.0334448160535117,10.0,0.0,10,1.0,0.0,0.0244444444444444,0.0244444444444444,,10,4,2.7114604236343367,,,8,0.2841333333333333,random_regular
random_regular_16.pkl,affinity_periodic,6,6,6,-16.500000000000135,824.0,742.0,82.0,0.002835754197813259,0.101716465352829,224.0,72326.0,37.672829151153564,300,1500,0.0334448160535117,10.0,0.0,10,1.0,0.0,0.0244444444444444,0.0244444444444444,,10,4,2.7114604236343367,,,8,0.2841333333333333,random_regular
random_regular_16.pkl,affinity_reactive,27,19,27,-16.000000000000092,858.0,751.0,107.0,0.006337880923014453,0.20857988165680474,220.0,55222.0,28.37690830230713,300,1500,0.0334448160535117,10.0,0.0,10,1.0,0.0,0.0244444444444444,0.0244444444444444,,10,4,2.7114604236343367,,,8,0.2841333333333333,random_regular
random_regular_16.pkl,baseline,2,2,2,-14.800000000000038,858.0,790.0,68.0,0.005496746861652819,0.20857988165680474,185.0,16358.0,6.396013259887695,300,1500,0.0334448160535117,10.0,0.0,10,1.0,0.0,0.0244444444444444,0.0244444444444444,,10,4,2.7114604236343367,,,8,0.2841333333333333,random_regular
random_regular_16.pkl,periodic,6,6,6,-16.500000000000135,824.0,742.0,82.0,0.002835754197813259,0.101716465352829,224.0,72326.0,27.69254803657532,300,1500,0.0334448160535117,10.0,0.0,10,1.0,0.0,0.0244444444444444,0.0244444444444444,,10,4,2.7114604236343367,,,8,0.2841333333333333,random_regular
random_regular_16.pkl,reactive,27,19,27,-16.000000000000092,858.0,751.0,107.0,0.006337880923014453,0.20857988165680474,220.0,55222.0,21.184961795806885,300,1500,0.0334448160535117,10.0,0.0,10,1.0,0.0,0.0244444444444444,0.0244444444444444,,10,4,2.7114604236343367,,,8,0.2841333333333333,random_regular
random_regular_17.pkl,affinity,4,4,4,-26.00000000000002,864.0,758.0,106.0,0.006640008739712358,0.20052770448548812,228.0,26859.0,14.108505249023438,300,1500,0.0334448160535117,10.0,0.0,10,1.0,0.0,0.0262222222222222,0.0262222222222222,,10,4,2.712107023411371,,,7,0.2793111111111111,random_regular
random_regular_17.pkl,affinity_periodic,49,18,49,-14.000000000000052,829.0,746.0,83.0,0.0029829316599481247,0.1047277079593058,242.0,67932.0,36.04677581787109,300,1500,0.0334448160535117,10.0,0.0,10,1.0,0.0,0.0262222222222222,0.0262222222222222,,10,4,2.712107023411371,,,7,0.2793111111111111,random_regular
random_regular_17.pkl,affinity_reactive,16,12,16,-26.00000000000002,864.0,740.0,124.0,0.007029883811729404,0.20052770448548812,244.0,65603.0,35.493913888931274,300,1500,0.0334448160535117,10.0,0.0,10,1.0,0.0,0.0262222222222222,0.0262222222222222,,10,4,2.712107023411371,,,7,0.2793111111111111,random_regular
random_regular_17.pkl,baseline,4,4,4,-26.00000000000002,864.0,758.0,106.0,0.006640008739712358,0.20052770448548812,228.0,26859.0,10.519721746444702,300,1500,0.0334448160535117,10.0,0.0,10,1.0,0.0,0.0262222222222222,0.0262222222222222,,10,4,2.712107023411371,,,7,0.2793111111111111,random_regular
random_regular_17.pkl,periodic,49,18,49,-14.000000000000052,829.0,746.0,83.0,0.0029829316599481247,0.1047277079593058,242.0,67932.0,26.126460552215576,300,1500,0.0334448160535117,10.0,0.0,10,1.0,0.0,0.0262222222222222,0.0262222222222222,,10,4,2.712107023411371,,,7,0.2793111111111111,random_regular
random_regular_17.pkl,reactive,16,12,16,-26.00000000000002,864.0,740.0,124.0,0.007029883811729404,0.20052770448548812,244.0,65603.0,25.460081100463867,300,1500,0.0334448160535117,10.0,0.0,10,1.0,0.0,0.0262222222222222,0.0262222222222222,,10,4,2.712107023411371,,,7,0.2793111111111111,random_regular
random_regular_18.pkl,affinity,4,4,4,-18.600000000000108,845.0,765.0,80.0,0.005573744267860746,0.1991869918699187,203.0,27078.0,14.613276481628418,300,1500,0.0334448160535117,10.0,0.0,10,1.0,0.0,0.0273333333333333,0.0273333333333333,,10,4,2.7198216276477147,,,6,0.2844666666666667,random_regular
random_regular_18.pkl,affinity_periodic,21,6,21,-12.500000000000115,817.0,752.0,65.0,0.0027346468630824474,0.10159118727050184,220.0,78927.0,41.90825843811035,300,1500,0.0334448160535117,10.0,0.0,10,1.0,0.0,0.0273333333333333,0.0273333333333333,,10,4,2.7198216276477147,,,6,0.2844666666666667,random_regular
random_regular_18.pkl,affinity_reactive,48,18,48,-18.600000000000108,845.0,741.0,104.0,0.005918186589485271,0.1991869918699187,223.0,67193.0,35.88074517250061,300,1500,0.0334448160535117,10.0,0.0,10,1.0,0.0,0.0273333333333333,0.0273333333333333,,10,4,2.7198216276477147,,,6,0.2844666666666667,random_regular
random_regular_18.pkl,baseline,4,4,4,-18.600000000000108,845.0,765.0,80.0,0.005573744267860746,0.1991869918699187,203.0,27078.0,11.410039901733398,300,1500,0.0334448160535117,10.0,0.0,10,1.0,0.0,0.0273333333333333,0.0273333333333333,,10,4,2.7198216276477147,,,6,0.2844666666666667,random_regular
random_regular_18.pkl,periodic,21,6,21,-12.500000000000115,817.0,752.0,65.0,0.0027346468630824474,0.10159118727050184,220.0,78927.0,31.89441061019897,300,1500,0.0334448160535117,10.0,0.0,10,1.0,0.0,0.0273333333333333,0.0273333333333333,,10,4,2.7198216276477147,,,6,0.2844666666666667,random_regular
random_regular_18.pkl,reactive,48,18,48,-18.600000000000108,845.0,741.0,104.0,0.005918186589485271,0.1991869918699187,223.0,67193.0,27.624462842941284,300,1500,0.0334448160535117,10.0,0.0,10,1.0,0.0,0.0273333333333333,0.0273333333333333,,10,4,2.7198216276477147,,,6,0.2844666666666667,random_regular
random_regular_19.pkl,affinity,4,4,4,-16.00000000000007,839.0,772.0,67.0,0.004808859985570393,0.17834394904458598,185.0,27409.0,14.473371505737305,300,1500,0.0334448160535117,10.0,0.0,10,1.0,0.0,0.0288888888888888,0.0288888888888888,,10,4,2.710345596432553,,,7,0.2818666666666666,random_regular
random_regular_19.pkl,affinity_periodic,31,6,31,-17.40000000000016,827.0,751.0,76.0,0.002471550514518606,0.08767772511848342,205.0,79406.0,41.79666996002197,300,1500,0.0334448160535117,10.0,0.0,10,1.0,0.0,0.0288888888888888,0.0288888888888888,,10,4,2.710345596432553,,,7,0.2818666666666666,random_regular
random_regular_19.pkl,affinity_reactive,12,5,12,-16.200000000000106,839.0,770.0,69.0,0.004813170147614582,0.17834394904458598,187.0,69038.0,37.01646089553833,300,1500,0.0334448160535117,10.0,0.0,10,1.0,0.0,0.0288888888888888,0.0288888888888888,,10,4,2.710345596432553,,,7,0.2818666666666666,random_regular
random_regular_19.pkl,baseline,4,4,4,-16.00000000000007,839.0,772.0,67.0,0.004808859985570393,0.17834394904458598,185.0,27409.0,10.924346446990969,300,1500,0.0334448160535117,10.0,0.0,10,1.0,0.0,0.0288888888888888,0.0288888888888888,,10,4,2.710345596432553,,,7,0.2818666666666666,random_regular
random_regular_19.pkl,periodic,31,6,31,-17.40000000000016,827.0,751.0,76.0,0.002471550514518606,0.08767772511848342,205.0,79406.0,32.13358545303345,300,1500,0.0334448160535117,10.0,0.0,10,1.0,0.0,0.0288888888888888,0.0288888888888888,,10,4,2.710345596432553,,,7,0.2818666666666666,random_regular
random_regular_19.pkl,reactive,12,5,12,-16.200000000000106,839.0,770.0,69.0,0.004813170147614582,0.17834394904458598,187.0,69038.0,28.358074188232425,300,1500,0.0334448160535117,10.0,0.0,10,1.0,0.0,0.0288888888888888,0.0288888888888888,,10,4,2.710345596432553,,,7,0.2818666666666666,random_regular
random_regular_2.pkl,affinity,2,2,2,-10.600000000000097,833.0,783.0,50.0,0.004701088254046423,0.1850443599493029,180.0,27004.0,14.3852858543396,300,1500,0.0334448160535117,10.0,0.0,10,1.0,0.0,0.0248888888888888,0.0248888888888888,,10,4,2.717859531772575,,,7,0.2805333333333333,random_regular
random_regular_2.pkl,affinity_periodic,34,11,34,-10.40000000000009,812.0,750.0,62.0,0.002594094073903565,0.09387755102040816,212.0,70627.0,37.59770178794861,300,1500,0.0334448160535117,10.0,0.0,10,1.0,0.0,0.0248888888888888,0.0248888888888888,,10,4,2.717859531772575,,,7,0.2805333333333333,random_regular
random_regular_2.pkl,affinity_reactive,39,17,39,-12.100000000000128,833.0,743.0,90.0,0.005415490376941394,0.1850443599493029,214.0,69573.0,36.90363478660584,300,1500,0.0334448160535117,10.0,0.0,10,1.0,0.0,0.0248888888888888,0.0248888888888888,,10,4,2.717859531772575,,,7,0.2805333333333333,random_regular
random_regular_2.pkl,baseline,2,2,2,-10.600000000000097,833.0,783.0,50.0,0.004701088254046423,0.1850443599493029,180.0,27004.0,11.495915651321411,300,1500,0.0334448160535117,10.0,0.0,10,1.0,0.0,0.0248888888888888,0.0248888888888888,,10,4,2.717859531772575,,,7,0.2805333333333333,random_regular
random_regular_2.pkl,periodic,34,11,34,-10.40000000000009,812.0,750.0,62.0,0.002594094073903565,0.09387755102040816,212.0,70627.0,28.63624119758606,300,1500,0.0334448160535117,10.0,0.0,10,1.0,0.0,0.0248888888888888,0.0248888888888888,,10,4,2.717859531772575,,,7,0.2805333333333333,random_regular
random_regular_2.pkl,reactive,39,17,39,-12.100000000000128,833.0,743.0,90.0,0.005415490376941394,0.1850443599493029,214.0,69573.0,28.662431716918945,300,1500,0.0334448160535117,10.0,0.0,10,1.0,0.0,0.0248888888888888,0.0248888888888888,,10,4,2.717859531772575,,,7,0.2805333333333333,random_regular
random_regular_20.pkl,affinity,6,6,6,-24.70000000000005,871.0,759.0,112.0,0.006346028981171865,0.20149253731343283,215.0,33784.0,18.147806644439697,300,1500,0.0334448160535117,10.0,0.0,10,1.0,0.0,0.0291111111111111,0.0291111111111111,,10,4,2.714559643255296,,,7,0.2756,random_regular
random_regular_20.pkl,affinity_periodic,16,6,16,-18.1,832.0,749.0,83.0,0.0028014453450116634,0.10018785222291797,224.0,72330.0,38.23382568359375,300,1500,0.0334448160535117,10.0,0.0,10,1.0,0.0,0.0291111111111111,0.0291111111111111,,10,4,2.714559643255296,,,7,0.2756,random_regular
random_regular_20.pkl,affinity_reactive,43,10,43,-25.60000000000009,871.0,748.0,123.0,0.006339796789181704,0.20149253731343283,224.0,75334.0,39.8962869644165,300,1500,0.0334448160535117,10.0,0.0,10,1.0,0.0,0.0291111111111111,0.0291111111111111,,10,4,2.714559643255296,,,7,0.2756,random_regular
random_regular_20.pkl,baseline,6,6,6,-24.70000000000005,871.0,759.0,112.0,0.006346028981171865,0.20149253731343283,215.0,33784.0,13.958958864212036,300,1500,0.0334448160535117,10.0,0.0,10,1.0,0.0,0.0291111111111111,0.0291111111111111,,10,4,2.714559643255296,,,7,0.2756,random_regular
random_regular_20.pkl,periodic,16,6,16,-18.1,832.0,749.0,83.0,0.0028014453450116634,0.10018785222291797,224.0,72330.0,28.81477451324463,300,1500,0.0334448160535117,10.0,0.0,10,1.0,0.0,0.0291111111111111,0.0291111111111111,,10,4,2.714559643255296,,,7,0.2756,random_regular
random_regular_20.pkl,reactive,43,10,43,-25.60000000000009,871.0,748.0,123.0,0.006339796789181704,0.20149253731343283,224.0,75334.0,30.14222478866577,300,1500,0.0334448160535117,10.0,0.0,10,1.0,0.0,0.0291111111111111,0.0291111111111111,,10,4,2.714559643255296,,,7,0.2756,random_regular
random_regular_21.pkl,affinity,5,5,5,-28.20000000000002,888.0,772.0,116.0,0.006511951662492298,0.1921875,203.0,33521.0,17.626840591430664,300,1500,0.0334448160535117,10.0,0.0,10,1.0,0.0,0.0264444444444444,0.0264444444444444,,10,4,2.712798216276477,,,7,0.2857111111111111,random_regular
random_regular_21.pkl,affinity_periodic,40,19,40,-17.60000000000014,843.0,736.0,107.0,0.0030811899273863103,0.09569685292228645,233.0,70738.0,37.45739150047302,300,1500,0.0334448160535117,10.0,0.0,10,1.0,0.0,0.0264444444444444,0.0264444444444444,,10,4,2.712798216276477,,,7,0.2857111111111111,random_regular
random_regular_21.pkl,affinity_reactive,49,15,49,-28.400000000000084,888.0,753.0,135.0,0.006762307779311072,0.1921875,219.0,61600.0,32.961283683776855,300,1500,0.0334448160535117,10.0,0.0,10,1.0,0.0,0.0264444444444444,0.0264444444444444,,10,4,2.712798216276477,,,7,0.2857111111111111,random_regular
random_regular_21.pkl,baseline,5,5,5,-28.20000000000002,888.0,772.0,116.0,0.006511951662492298,0.1921875,203.0,33521.0,13.087751626968384,300,1500,0.0334448160535117,10.0,0.0,10,1.0,0.0,0.0264444444444444,0.0264444444444444,,10,4,2.712798216276477,,,7,0.2857111111111111,random_regular
random_regular_21.pkl,periodic,40,19,40,-17.60000000000014,843.0,736.0,107.0,0.0030811899273863103,0.09569685292228645,233.0,70738.0,28.51943325996399,300,1500,0.0334448160535117,10.0,0.0,10,1.0,0.0,0.0264444444444444,0.0264444444444444,,10,4,2.712798216276477,,,7,0.2857111111111111,random_regular
random_regular_21.pkl,reactive,49,15,49,-28.400000000000084,888.0,753.0,135.0,0.006762307779311072,0.1921875,219.0,61600.0,25.55985927581787,300,1500,0.0334448160535117,10.0,0.0,10,1.0,0.0,0.0264444444444444,0.0264444444444444,,10,4,2.712798216276477,,,7,0.2857111111111111,random_regular
random_regular_22.pkl,affinity,6,6,6,-18.50000000000009,836.0,753.0,83.0,0.006210985137679553,0.22317596566523606,215.0,26891.0,14.091273546218872,300,1500,0.0334448160535117,10.0,0.0,10,1.0,0.0,0.03,0.03,,10,4,2.716231884057971,,,6,0.2812444444444444,random_regular
random_regular_22.pkl,affinity_periodic,21,6,21,-17.300000000000043,819.0,740.0,79.0,0.0028401976049507037,0.10599369085173502,226.0,72521.0,37.74434232711792,300,1500,0.0334448160535117,10.0,0.0,10,1.0,0.0,0.03,0.03,,10,4,2.716231884057971,,,6,0.2812444444444444,random_regular
random_regular_22.pkl,affinity_reactive,8,8,8,-18.50000000000009,836.0,750.0,86.0,0.006229090410805458,0.22317596566523606,218.0,66627.0,34.99082899093628,300,1500,0.0334448160535117,10.0,0.0,10,1.0,0.0,0.03,0.03,,10,4,2.716231884057971,,,6,0.2812444444444444,random_regular
random_regular_22.pkl,baseline,6,6,6,-18.50000000000009,836.0,753.0,83.0,0.006210985137679553,0.22317596566523606,215.0,26891.0,11.283374309539797,300,1500,0.0334448160535117,10.0,0.0,10,1.0,0.0,0.03,0.03,,10,4,2.716231884057971,,,6,0.2812444444444444,random_regular
random_regular_22.pkl,periodic,21,6,21,-17.300000000000043,819.0,740.0,79.0,0.0028401976049507037,0.10599369085173502,226.0,72521.0,28.980459690093998,300,1500,0.0334448160535117,10.0,0.0,10,1.0,0.0,0.03,0.03,,10,4,2.716231884057971,,,6,0.2812444444444444,random_regular
random_regular_22.pkl,reactive,8,8,8,-18.50000000000009,836.0,750.0,86.0,0.006229090410805458,0.22317596566523606,218.0,66627.0,26.06925773620605,300,1500,0.0334448160535117,10.0,0.0,10,1.0,0.0,0.03,0.03,,10,4,2.716231884057971,,,6,0.2812444444444444,random_regular
random_regular_23.pkl,affinity,3,3,3,-27.100000000000087,867.0,758.0,109.0,0.006063889721826099,0.19203413940256045,210.0,27033.0,13.991384744644163,300,1500,0.0334448160535117,10.0,0.0,10,1.0,0.0,0.0284444444444444,0.0284444444444444,,10,4,2.715496098104794,,,8,0.2725333333333333,random_regular
random_regular_23.pkl,affinity_periodic,43,12,43,-17.300000000000043,819.0,726.0,93.0,0.003052734419327485,0.10381488430268918,234.0,63522.0,33.54508996009827,300,1500,0.0334448160535117,10.0,0.0,10,1.0,0.0,0.0284444444444444,0.0284444444444444,,10,4,2.715496098104794,,,8,0.2725333333333333,random_regular
random_regular_23.pkl,affinity_reactive,18,7,18,-27.300000000000033,867.0,749.0,118.0,0.006291641868968094,0.19203413940256045,218.0,67755.0,36.05085730552673,300,1500,0.0334448160535117,10.0,0.0,10,1.0,0.0,0.0284444444444444,0.0284444444444444,,10,4,2.715496098104794,,,8,0.2725333333333333,random_regular
random_regular_23.pkl,baseline,3,3,3,-27.100000000000087,867.0,758.0,109.0,0.006063889721826099,0.19203413940256045,210.0,27033.0,10.538148164749146,300,1500,0.0334448160535117,10.0,0.0,10,1.0,0.0,0.0284444444444444,0.0284444444444444,,10,4,2.715496098104794,,,8,0.2725333333333333,random_regular
random_regular_23.pkl,periodic,43,12,43,-17.300000000000043,819.0,726.0,93.0,0.003052734419327485,0.10381488430268918,234.0,63522.0,25.20028614997864,300,1500,0.0334448160535117,10.0,0.0,10,1.0,0.0,0.0284444444444444,0.0284444444444444,,10,4,2.715496098104794,,,8,0.2725333333333333,random_regular
random_regular_23.pkl,reactive,18,7,18,-27.300000000000033,867.0,749.0,118.0,0.006291641868968094,0.19203413940256045,218.0,67755.0,27.22142791748047,300,1500,0.0334448160535117,10.0,0.0,10,1.0,0.0,0.0284444444444444,0.0284444444444444,,10,4,2.715496098104794,,,8,0.2725333333333333,random_regular
random_regular_24.pkl,affinity,4,4,4,-16.500000000000085,856.0,785.0,71.0,0.005691062556025057,0.20566318926974664,188.0,26830.0,14.105629920959473,300,1500,0.0334448160535117,10.0,0.0,10,1.0,0.0,0.0264444444444444,0.0264444444444444,,10,4,2.7101003344481605,,,7,0.2728222222222222,random_regular
random_regular_24.pkl,affinity_periodic,40,15,40,-15.500000000000083,830.0,744.0,86.0,0.0029801759566489812,0.10025062656641603,232.0,64084.0,33.81511735916138,300,1500,0.0334448160535117,10.0,0.0,10,1.0,0.0,0.0264444444444444,0.0264444444444444,,10,4,2.7101003344481605,,,7,0.2728222222222222,random_regular
random_regular_24.pkl,affinity_reactive,17,13,17,-17.10000000000011,856.0,766.0,90.0,0.006075308829869753,0.20566318926974664,205.0,70378.0,37.0415256023407,300,1500,0.0334448160535117,10.0,0.0,10,1.0,0.0,0.0264444444444444,0.0264444444444444,,10,4,2.7101003344481605,,,7,0.2728222222222222,random_regular
random_regular_24.pkl,baseline,4,4,4,-16.500000000000085,856.0,785.0,71.0,0.005691062556025057,0.20566318926974664,188.0,26830.0,10.962316036224363,300,1500,0.0334448160535117,10.0,0.0,10,1.0,0.0,0.0264444444444444,0.0264444444444444,,10,4,2.7101003344481605,,,7,0.2728222222222222,random_regular
random_regular_24.pkl,periodic,40,15,40,-15.500000000000083,830.0,744.0,86.0,0.0029801759566489812,0.10025062656641603,232.0,64084.0,25.14568901062012,300,1500,0.0334448160535117,10.0,0.0,10,1.0,0.0,0.0264444444444444,0.0264444444444444,,10,4,2.7101003344481605,,,7,0.2728222222222222,random_regular
random_regular_24.pkl,reactive,17,13,17,-17.10000000000011,856.0,766.0,90.0,0.006075308829869753,0.20566318926974664,205.0,70378.0,28.045165300369263,300,1500,0.0334448160535117,10.0,0.0,10,1.0,0.0,0.0264444444444444,0.0264444444444444,,10,4,2.7101003344481605,,,7,0.2728222222222222,random_regular
random_regular_25.pkl,affinity,4,4,4,-13.500000000000165,840.0,782.0,58.0,0.005460649868288516,0.20675675675675675,198.0,17263.0,9.548757791519163,300,1500,0.0334448160535117,10.0,0.0,10,1.0,0.0,0.0246666666666666,0.0246666666666666,,10,4,2.711549609810479,,,7,0.2850666666666667,random_regular
random_regular_25.pkl,affinity_periodic,33,11,33,-13.200000000000065,816.0,745.0,71.0,0.0028431268243663214,0.10429447852760736,229.0,72470.0,38.05277872085571,300,1500,0.0334448160535117,10.0,0.0,10,1.0,0.0,0.0246666666666666,0.0246666666666666,,10,4,2.711549609810479,,,7,0.2850666666666667,random_regular
random_regular_25.pkl,affinity_reactive,23,18,23,-13.500000000000165,840.0,761.0,79.0,0.005845938545282587,0.20675675675675675,219.0,57018.0,30.66205334663391,300,1500,0.0334448160535117,10.0,0.0,10,1.0,0.0,0.0246666666666666,0.0246666666666666,,10,4,2.711549609810479,,,7,0.2850666666666667,random_regular
random_regular_25.pkl,baseline,4,4,4,-13.500000000000165,840.0,782.0,58.0,0.005460649868288516,0.20675675675675675,198.0,17263.0,7.222307443618774,300,1500,0.0334448160535117,10.0,0.0,10,1.0,0.0,0.0246666666666666,0.0246666666666666,,10,4,2.711549609810479,,,7,0.2850666666666667,random_regular
random_regular_25.pkl,periodic,33,11,33,-13.200000000000065,816.0,745.0,71.0,0.0028431268243663214,0.10429447852760736,229.0,72470.0,30.16504573822021,300,1500,0.0334448160535117,10.0,0.0,10,1.0,0.0,0.0246666666666666,0.0246666666666666,,10,4,2.711549609810479,,,7,0.2850666666666667,random_regular
random_regular_25.pkl,reactive,23,18,23,-13.500000000000165,840.0,761.0,79.0,0.005845938545282587,0.20675675675675675,219.0,57018.0,23.22983741760254,300,1500,0.0334448160535117,10.0,0.0,10,1.0,0.0,0.0246666666666666,0.0246666666666666,,10,4,2.711549609810479,,,7,0.2850666666666667,random_regular
random_regular_26.pkl,affinity,4,4,4,-18.900000000000055,841.0,766.0,75.0,0.005497771521322363,0.19316688567674112,198.0,27059.0,14.403148889541626,300,1500,0.0334448160535117,10.0,0.0,10,1.0,0.0,0.028,0.028,,10,4,2.7113935340022297,,,6,0.2764888888888889,random_regular
random_regular_26.pkl,affinity_periodic,5,5,5,-15.100000000000088,810.0,741.0,69.0,0.0026284186491962497,0.09886159376872379,215.0,88375.0,46.66835975646973,300,1500,0.0334448160535117,10.0,0.0,10,1.0,0.0,0.028,0.028,,10,4,2.7113935340022297,,,6,0.2764888888888889,random_regular
random_regular_26.pkl,affinity_reactive,34,19,34,-19.700000000000053,841.0,717.0,124.0,0.0066130216008515605,0.19316688567674112,239.0,63394.0,33.09625291824341,300,1500,0.0334448160535117,10.0,0.0,10,1.0,0.0,0.028,0.028,,10,4,2.7113935340022297,,,6,0.2764888888888889,random_regular
random_regular_26.pkl,baseline,4,4,4,-18.900000000000055,841.0,766.0,75.0,0.005497771521322363,0.19316688567674112,198.0,27059.0,10.776228189468384,300,1500,0.0334448160535117,10.0,0.0,10,1.0,0.0,0.028,0.028,,10,4,2.7113935340022297,,,6,0.2764888888888889,random_regular
random_regular_26.pkl,periodic,5,5,5,-15.100000000000088,810.0,741.0,69.0,0.0026284186491962497,0.09886159376872379,215.0,88375.0,36.55242681503296,300,1500,0.0334448160535117,10.0,0.0,10,1.0,0.0,0.028,0.028,,10,4,2.7113935340022297,,,6,0.2764888888888889,random_regular
random_regular_26.pkl,reactive,34,19,34,-19.700000000000053,841.0,717.0,124.0,0.0066130216008515605,0.19316688567674112,239.0,63394.0,25.226585626602173,300,1500,0.0334448160535117,10.0,0.0,10,1.0,0.0,0.028,0.028,,10,4,2.7113935340022297,,,6,0.2764888888888889,random_regular
random_regular_27.pkl,affinity,3,3,3,-17.700000000000042,861.0,787.0,74.0,0.005745484778534677,0.20516499282639886,196.0,16724.0,9.362061500549316,300,1500,0.0334448160535117,10.0,0.0,10,1.0,0.0,0.026,0.026,,10,4,2.710434782608696,,,6,0.2806222222222222,random_regular
random_regular_27.pkl,affinity_periodic,4,4,4,-18.3000000000001,826.0,746.0,80.0,0.00280571979885329,0.10496894409937889,226.0,89194.0,48.830167055130005,300,1500,0.0334448160535117,10.0,0.0,10,1.0,0.0,0.026,0.026,,10,4,2.710434782608696,,,6,0.2806222222222222,random_regular
random_regular_27.pkl,affinity_reactive,9,9,9,-18.500000000000068,861.0,756.0,105.0,0.006503193168678283,0.20516499282639886,221.0,65409.0,35.845892667770386,300,1500,0.0334448160535117,10.0,0.0,10,1.0,0.0,0.026,0.026,,10,4,2.710434782608696,,,6,0.2806222222222222,random_regular
random_regular_27.pkl,baseline,3,3,3,-17.700000000000042,861.0,787.0,74.0,0.005745484778534677,0.20516499282639886,196.0,16724.0,7.035115480422974,300,1500,0.0334448160535117,10.0,0.0,10,1.0,0.0,0.026,0.026,,10,4,2.710434782608696,,,6,0.2806222222222222,random_regular
random_regular_27.pkl,periodic,4,4,4,-18.3000000000001,826.0,746.0,80.0,0.00280571979885329,0.10496894409937889,226.0,89194.0,35.50133562088013,300,1500,0.0334448160535117,10.0,0.0,10,1.0,0.0,0.026,0.026,,10,4,2.710434782608696,,,6,0.2806222222222222,random_regular
random_regular_27.pkl,reactive,9,9,9,-18.500000000000068,861.0,756.0,105.0,0.006503193168678283,0.20516499282639886,221.0,65409.0,25.677120208740234,300,1500,0.0334448160535117,10.0,0.0,10,1.0,0.0,0.026,0.026,,10,4,2.710434782608696,,,6,0.2806222222222222,random_regular
random_regular_28.pkl,affinity,4,4,4,-15.60000000000013,845.0,777.0,68.0,0.005303338768591952,0.19072164948453607,194.0,26962.0,14.732111930847168,300,1500,0.0334448160535117,10.0,0.0,10,1.0,0.0,0.0266666666666666,0.0266666666666666,,10,4,2.7092753623188406,,,9,0.2706,random_regular
random_regular_28.pkl,affinity_periodic,49,16,49,-11.900000000000055,818.0,749.0,69.0,0.0026826680457970524,0.09631391200951249,216.0,61845.0,36.71535634994507,300,1500,0.0334448160535117,10.0,0.0,10,1.0,0.0,0.0266666666666666,0.0266666666666666,,10,4,2.7092753623188406,,,9,0.2706,random_regular
random_regular_28.pkl,affinity_reactive,7,7,7,-16.200000000000056,845.0,764.0,81.0,0.005546338974694667,0.19072164948453607,205.0,73249.0,39.76230049133301,300,1500,0.0334448160535117,10.0,0.0,10,1.0,0.0,0.0266666666666666,0.0266666666666666,,10,4,2.7092753623188406,,,9,0.2706,random_regular
random_regular_28.pkl,baseline,4,4,4,-15.60000000000013,845.0,777.0,68.0,0.005303338768591952,0.19072164948453607,194.0,26962.0,11.358404636383057,300,1500,0.0334448160535117,10.0,0.0,10,1.0,0.0,0.0266666666666666,0.0266666666666666,,10,4,2.7092753623188406,,,9,0.2706,random_regular
random_regular_28.pkl,periodic,49,16,49,-11.900000000000055,818.0,749.0,69.0,0.0026826680457970524,0.09631391200951249,216.0,61845.0,26.167993307113647,300,1500,0.0334448160535117,10.0,0.0,10,1.0,0.0,0.0266666666666666,0.0266666666666666,,10,4,2.7092753623188406,,,9,0.2706,random_regular
random_regular_28.pkl,reactive,7,7,7,-16.200000000000056,845.0,764.0,81.0,0.005546338974694667,0.19072164948453607,205.0,73249.0,30.561877012252808,300,1500,0.0334448160535117,10.0,0.0,10,1.0,0.0,0.0266666666666666,0.0266666666666666,,10,4,2.7092753623188406,,,9,0.2706,random_regular
random_regular_29.pkl,affinity,4,4,4,-22.50000000000007,840.0,745.0,95.0,0.006005726069761788,0.19302949061662197,215.0,27019.0,14.750276565551758,300,1500,0.0334448160535117,10.0,0.0,10,1.0,0.0,0.0277777777777777,0.0277777777777777,,10,4,2.7170345596432552,,,7,0.2849333333333333,random_regular
random_regular_29.pkl,affinity_periodic,42,8,42,-13.300000000000026,803.0,740.0,63.0,0.0027936898263497367,0.10417928528164748,228.0,64382.0,33.47992181777954,300,1500,0.0334448160535117,10.0,0.0,10,1.0,0.0,0.0277777777777777,0.0277777777777777,,10,4,2.7170345596432552,,,7,0.2849333333333333,random_regular
random_regular_29.pkl,affinity_reactive,16,10,16,-22.50000000000007,840.0,736.0,104.0,0.006139790802752613,0.19302949061662197,224.0,59118.0,30.703519821166992,300,1500,0.0334448160535117,10.0,0.0,10,1.0,0.0,0.0277777777777777,0.0277777777777777,,10,4,2.7170345596432552,,,7,0.2849333333333333,random_regular
random_regular_29.pkl,baseline,4,4,4,-22.50000000000007,840.0,745.0,95.0,0.006005726069761788,0.19302949061662197,215.0,27019.0,10.752336978912354,300,1500,0.0334448160535117,10.0,0.0,10,1.0,0.0,0.0277777777777777,0.0277777777777777,,10,4,2.7170345596432552,,,7,0.2849333333333333,random_regular
random_regular_29.pkl,periodic,42,8,42,-13.300000000000026,803.0,740.0,63.0,0.0027936898263497367,0.10417928528164748,228.0,64382.0,26.429606914520264,300,1500,0.0334448160535117,10.0,0.0,10,1.0,0.0,0.0277777777777777,0.0277777777777777,,10,4,2.7170345596432552,,,7,0.2849333333333333,random_regular
random_regular_29.pkl,reactive,16,10,16,-22.50000000000007,840.0,736.0,104.0,0.006139790802752613,0.19302949061662197,224.0,59118.0,24.913979530334476,300,1500,0.0334448160535117,10.0,0.0,10,1.0,0.0,0.0277777777777777,0.0277777777777777,,10,4,2.7170345596432552,,,7,0.2849333333333333,random_regular
random_regular_3.pkl,affinity,3,3,3,-15.200000000000161,827.0,761.0,66.0,0.005580263777935852,0.22070844686648503,206.0,27225.0,14.19457483291626,300,1500,0.0334448160535117,10.0,0.0,10,1.0,0.0,0.024,0.024,,10,4,2.711014492753624,,,7,0.2833333333333333,random_regular
random_regular_3.pkl,affinity_periodic,5,5,5,-13.60000000000008,806.0,747.0,59.0,0.0026447144071928687,0.10382513661202186,219.0,79485.0,40.93844366073608,300,1500,0.0334448160535117,10.0,0.0,10,1.0,0.0,0.024,0.024,,10,4,2.711014492753624,,,7,0.2833333333333333,random_regular
random_regular_3.pkl,affinity_reactive,6,6,6,-16.400000000000095,827.0,751.0,76.0,0.005737388459932745,0.22070844686648503,214.0,73536.0,38.42552447319031,300,1500,0.0334448160535117,10.0,0.0,10,1.0,0.0,0.024,0.024,,10,4,2.711014492753624,,,7,0.2833333333333333,random_regular
random_regular_3.pkl,baseline,3,3,3,-15.200000000000161,827.0,761.0,66.0,0.005580263777935852,0.22070844686648503,206.0,27225.0,11.158567190170288,300,1500,0.0334448160535117,10.0,0.0,10,1.0,0.0,0.024,0.024,,10,4,2.711014492753624,,,7,0.2833333333333333,random_regular
random_regular_3.pkl,periodic,5,5,5,-13.60000000000008,806.0,747.0,59.0,0.0026447144071928687,0.10382513661202186,219.0,79485.0,30.79764223098755,300,1500,0.0334448160535117,10.0,0.0,10,1.0,0.0,0.024,0.024,,10,4,2.711014492753624,,,7,0.2833333333333333,random_regular
random_regular_3.pkl,reactive,6,6,6,-16.400000000000095,827.0,751.0,76.0,0.005737388459932745,0.22070844686648503,214.0,73536.0,29.11260676383972,300,1500,0.0334448160535117,10.0,0.0,10,1.0,0.0,0.024,0.024,,10,4,2.711014492753624,,,7,0.2833333333333333,random_regular
random_regular_4.pkl,affinity,4,4,4,-25.30000000000009,843.0,737.0,106.0,0.006358438283671226,0.20278637770897834,197.0,16635.0,8.999165773391724,300,1500,0.0334448160535117,10.0,0.0,10,1.0,0.0,0.0317777777777777,0.0317777777777777,,10,4,2.7160089186176144,,,7,0.2789777777777777,random_regular
random_regular_4.pkl,affinity_periodic,36,5,36,-16.60000000000007,805.0,726.0,79.0,0.0026365611115391823,0.09941897998708844,207.0,72152.0,37.17649507522583,300,1500,0.0334448160535117,10.0,0.0,10,1.0,0.0,0.0317777777777777,0.0317777777777777,,10,4,2.7160089186176144,,,7,0.2789777777777777,random_regular
random_regular_4.pkl,affinity_reactive,8,8,8,-25.500000000000092,843.0,727.0,116.0,0.00653860405133527,0.20278637770897834,206.0,66847.0,35.03521132469177,300,1500,0.0334448160535117,10.0,0.0,10,1.0,0.0,0.0317777777777777,0.0317777777777777,,10,4,2.7160089186176144,,,7,0.2789777777777777,random_regular
random_regular_4.pkl,baseline,4,4,4,-25.30000000000009,843.0,737.0,106.0,0.006358438283671226,0.20278637770897834,197.0,16635.0,6.536314487457275,300,1500,0.0334448160535117,10.0,0.0,10,1.0,0.0,0.0317777777777777,0.0317777777777777,,10,4,2.7160089186176144,,,7,0.2789777777777777,random_regular
random_regular_4.pkl,periodic,36,5,36,-16.60000000000007,805.0,726.0,79.0,0.0026365611115391823,0.09941897998708844,207.0,72152.0,29.25952744483948,300,1500,0.0334448160535117,10.0,0.0,10,1.0,0.0,0.0317777777777777,0.0317777777777777,,10,4,2.7160089186176144,,,7,0.2789777777777777,random_regular
random_regular_4.pkl,reactive,8,8,8,-25.500000000000092,843.0,727.0,116.0,0.00653860405133527,0.20278637770897834,206.0,66847.0,27.553367376327515,300,1500,0.0334448160535117,10.0,0.0,10,1.0,0.0,0.0317777777777777,0.0317777777777777,,10,4,2.7160089186176144,,,7,0.2789777777777777,random_regular
random_regular_5.pkl,affinity,3,3,3,-14.800000000000008,836.0,774.0,62.0,0.005347910253566767,0.19436619718309858,187.0,33959.0,17.87173080444336,300,1500,0.0334448160535117,10.0,0.0,10,1.0,0.0,0.0277777777777777,0.0277777777777777,,10,4,2.7183946488294315,,,6,0.2781777777777778,random_regular
random_regular_5.pkl,affinity_periodic,24,9,24,-14.500000000000066,818.0,748.0,70.0,0.002612640583641823,0.0929944203347799,207.0,72576.0,38.37210941314697,300,1500,0.0334448160535117,10.0,0.0,10,1.0,0.0,0.0277777777777777,0.0277777777777777,,10,4,2.7183946488294315,,,6,0.2781777777777778,random_regular
random_regular_5.pkl,affinity_reactive,17,12,17,-14.800000000000008,836.0,757.0,79.0,0.005676894431396675,0.19436619718309858,203.0,71725.0,37.53250312805176,300,1500,0.0334448160535117,10.0,0.0,10,1.0,0.0,0.0277777777777777,0.0277777777777777,,10,4,2.7183946488294315,,,6,0.2781777777777778,random_regular
random_regular_5.pkl,baseline,3,3,3,-14.800000000000008,836.0,774.0,62.0,0.005347910253566767,0.19436619718309858,187.0,33959.0,13.397790431976318,300,1500,0.0334448160535117,10.0,0.0,10,1.0,0.0,0.0277777777777777,0.0277777777777777,,10,4,2.7183946488294315,,,6,0.2781777777777778,random_regular
random_regular_5.pkl,periodic,24,9,24,-14.500000000000066,818.0,748.0,70.0,0.002612640583641823,0.0929944203347799,207.0,72576.0,28.99008011817932,300,1500,0.0334448160535117,10.0,0.0,10,1.0,0.0,0.0277777777777777,0.0277777777777777,,10,4,2.7183946488294315,,,6,0.2781777777777778,random_regular
random_regular_5.pkl,reactive,17,12,17,-14.800000000000008,836.0,757.0,79.0,0.005676894431396675,0.19436619718309858,203.0,71725.0,29.126230239868164,300,1500,0.0334448160535117,10.0,0.0,10,1.0,0.0,0.0277777777777777,0.0277777777777777,,10,4,2.7183946488294315,,,6,0.2781777777777778,random_regular
random_regular_6.pkl,affinity,3,3,3,-10.600000000000026,841.0,795.0,46.0,0.0049960922211409,0.18579234972677597,165.0,16153.0,8.875665426254272,300,1500,0.0334448160535117,10.0,0.0,10,1.0,0.0,0.0266666666666666,0.0266666666666666,,10,4,2.715496098104794,,,6,0.2857777777777778,random_regular
random_regular_6.pkl,affinity_periodic,34,13,34,-12.000000000000153,807.0,736.0,71.0,0.002600708058166427,0.0944206008583691,209.0,77640.0,40.730581760406494,300,1500,0.0334448160535117,10.0,0.0,10,1.0,0.0,0.0266666666666666,0.0266666666666666,,10,4,2.715496098104794,,,6,0.2857777777777778,random_regular
random_regular_6.pkl,affinity_reactive,32,12,32,-19.30000000000006,841.0,750.0,91.0,0.005470203532213124,0.18579234972677597,201.0,58332.0,30.82266664505005,300,1500,0.0334448160535117,10.0,0.0,10,1.0,0.0,0.0266666666666666,0.0266666666666666,,10,4,2.715496098104794,,,6,0.2857777777777778,random_regular
random_regular_6.pkl,baseline,3,3,3,-10.600000000000026,841.0,795.0,46.0,0.0049960922211409,0.18579234972677597,165.0,16153.0,6.571908473968506,300,1500,0.0334448160535117,10.0,0.0,10,1.0,0.0,0.0266666666666666,0.0266666666666666,,10,4,2.715496098104794,,,6,0.2857777777777778,random_regular
random_regular_6.pkl,periodic,34,13,34,-12.000000000000153,807.0,736.0,71.0,0.002600708058166427,0.0944206008583691,209.0,77640.0,31.299888849258423,300,1500,0.0334448160535117,10.0,0.0,10,1.0,0.0,0.0266666666666666,0.0266666666666666,,10,4,2.715496098104794,,,6,0.2857777777777778,random_regular
random_regular_6.pkl,reactive,32,12,32,-19.30000000000006,841.0,750.0,91.0,0.005470203532213124,0.18579234972677597,201.0,58332.0,24.14099502563477,300,1500,0.0334448160535117,10.0,0.0,10,1.0,0.0,0.0266666666666666,0.0266666666666666,,10,4,2.715496098104794,,,6,0.2857777777777778,random_regular
random_regular_7.pkl,affinity,2,2,2,-12.400000000000102,845.0,784.0,61.0,0.00513836505818492,0.1994535519125683,185.0,16347.0,8.929396390914917,300,1500,0.0334448160535117,10.0,0.0,10,1.0,0.0,0.0311111111111111,0.0311111111111111,,10,4,2.71752508361204,,,7,0.2872222222222222,random_regular
random_regular_7.pkl,affinity_periodic,17,12,17,-15.600000000000087,820.0,739.0,81.0,0.0028252446477570903,0.09907692307692308,223.0,76856.0,41.52794480323792,300,1500,0.0334448160535117,10.0,0.0,10,1.0,0.0,0.0311111111111111,0.0311111111111111,,10,4,2.71752508361204,,,7,0.2872222222222222,random_regular
random_regular_7.pkl,affinity_reactive,48,15,48,-18.900000000000116,845.0,727.0,118.0,0.00650071187812114,0.1994535519125683,229.0,68789.0,34.798535108566284,300,1500,0.0334448160535117,10.0,0.0,10,1.0,0.0,0.0311111111111111,0.0311111111111111,,10,4,2.71752508361204,,,7,0.2872222222222222,random_regular
random_regular_7.pkl,baseline,2,2,2,-12.400000000000102,845.0,784.0,61.0,0.00513836505818492,0.1994535519125683,185.0,16347.0,6.9053053855896,300,1500,0.0334448160535117,10.0,0.0,10,1.0,0.0,0.0311111111111111,0.0311111111111111,,10,4,2.71752508361204,,,7,0.2872222222222222,random_regular
random_regular_7.pkl,periodic,17,12,17,-15.600000000000087,820.0,739.0,81.0,0.0028252446477570903,0.09907692307692308,223.0,76856.0,30.963496446609497,300,1500,0.0334448160535117,10.0,0.0,10,1.0,0.0,0.0311111111111111,0.0311111111111111,,10,4,2.71752508361204,,,7,0.2872222222222222,random_regular
random_regular_7.pkl,reactive,48,15,48,-18.900000000000116,845.0,727.0,118.0,0.00650071187812114,0.1994535519125683,229.0,68789.0,27.930158138275143,300,1500,0.0334448160535117,10.0,0.0,10,1.0,0.0,0.0311111111111111,0.0311111111111111,,10,4,2.71752508361204,,,7,0.2872222222222222,random_regular
random_regular_8.pkl,affinity,3,3,3,-15.300000000000086,837.0,766.0,71.0,0.005208496612080237,0.18758620689655173,180.0,16543.0,8.054182052612305,300,1500,0.0334448160535117,10.0,0.0,10,1.0,0.0,0.0326666666666666,0.0326666666666666,,10,4,2.71190635451505,,,7,0.2837777777777778,random_regular
random_regular_8.pkl,affinity_periodic,32,17,32,-13.400000000000047,798.0,720.0,78.0,0.002743121272963203,0.09567336989640463,219.0,67657.0,32.481717586517334,300,1500,0.0334448160535117,10.0,0.0,10,1.0,0.0,0.0326666666666666,0.0326666666666666,,10,4,2.71190635451505,,,7,0.2837777777777778,random_regular
random_regular_8.pkl,affinity_reactive,49,22,49,-15.700000000000095,837.0,736.0,101.0,0.005805467191904754,0.18758620689655173,207.0,57704.0,27.713932752609253,300,1500,0.0334448160535117,10.0,0.0,10,1.0,0.0,0.0326666666666666,0.0326666666666666,,10,4,2.71190635451505,,,7,0.2837777777777778,random_regular
random_regular_8.pkl,baseline,3,3,3,-15.300000000000086,837.0,766.0,71.0,0.005208496612080237,0.18758620689655173,180.0,16543.0,6.179215431213379,300,1500,0.0334448160535117,10.0,0.0,10,1.0,0.0,0.0326666666666666,0.0326666666666666,,10,4,2.71190635451505,,,7,0.2837777777777778,random_regular
random_regular_8.pkl,periodic,32,17,32,-13.400000000000047,798.0,720.0,78.0,0.002743121272963203,0.09567336989640463,219.0,67657.0,24.61103463172913,300,1500,0.0334448160535117,10.0,0.0,10,1.0,0.0,0.0326666666666666,0.0326666666666666,,10,4,2.71190635451505,,,7,0.2837777777777778,random_regular
random_regular_8.pkl,reactive,49,22,49,-15.700000000000095,837.0,736.0,101.0,0.005805467191904754,0.18758620689655173,207.0,57704.0,21.93194913864136,300,1500,0.0334448160535117,10.0,0.0,10,1.0,0.0,0.0326666666666666,0.0326666666666666,,10,4,2.71190635451505,,,7,0.2837777777777778,random_regular
random_regular_9.pkl,affinity,4,4,4,-19.100000000000094,840.0,759.0,81.0,0.005705174123803949,0.2136181575433912,213.0,27361.0,12.905753374099731,300,1500,0.0334448160535117,10.0,0.0,10,1.0,0.0,0.0253333333333333,0.0253333333333333,,10,4,2.712597547380156,,,7,0.2735777777777777,random_regular
random_regular_9.pkl,affinity_periodic,8,8,8,-14.600000000000035,819.0,752.0,67.0,0.0027461761217453364,0.10694864048338369,225.0,73142.0,34.63525056838989,300,1500,0.0334448160535117,10.0,0.0,10,1.0,0.0,0.0253333333333333,0.0253333333333333,,10,4,2.712597547380156,,,7,0.2735777777777777,random_regular
random_regular_9.pkl,affinity_reactive,26,8,26,-19.100000000000094,840.0,755.0,85.0,0.005783826243458306,0.2136181575433912,217.0,67084.0,32.177316665649414,300,1500,0.0334448160535117,10.0,0.0,10,1.0,0.0,0.0253333333333333,0.0253333333333333,,10,4,2.712597547380156,,,7,0.2735777777777777,random_regular
random_regular_9.pkl,baseline,4,4,4,-19.100000000000094,840.0,759.0,81.0,0.005705174123803949,0.2136181575433912,213.0,27361.0,10.127079010009766,300,1500,0.0334448160535117,10.0,0.0,10,1.0,0.0,0.0253333333333333,0.0253333333333333,,10,4,2.712597547380156,,,7,0.2735777777777777,random_regular
random_regular_9.pkl,periodic,8,8,8,-14.600000000000035,819.0,752.0,67.0,0.0027461761217453364,0.10694864048338369,225.0,73142.0,27.09078288078308,300,1500,0.0334448160535117,10.0,0.0,10,1.0,0.0,0.0253333333333333,0.0253333333333333,,10,4,2.712597547380156,,,7,0.2735777777777777,random_regular
random_regular_9.pkl,reactive,26,8,26,-19.100000000000094,840.0,755.0,85.0,0.005783826243458306,0.2136181575433912,217.0,67084.0,25.309042930603027,300,1500,0.0334448160535117,10.0,0.0,10,1.0,0.0,0.0253333333333333,0.0253333333333333,,10,4,2.712597547380156,,,7,0.2735777777777777,random_regular
watts_strogatz_0.pkl,affinity,6,6,6,-42.10000000000009,613.0,400.0,213.0,0.010082155548912975,0.3754889178617992,372.0,43153.0,16.46361541748047,300,1500,0.0334448160535117,10.0,1.0016708449412668,14,1.4,0.0526488888888887,0.4908566063566063,0.4813186813186813,0.008365508365491,8,6,3.532753623188406,,,5,0.6287873333333334,watts_strogatz
watts_strogatz_0.pkl,affinity_periodic,3,3,3,-29.100000000000048,537.0,403.0,134.0,0.0046719514098160905,0.18843172331544425,387.0,61705.0,23.6335186958313,300,1500,0.0334448160535117,10.0,1.0016708449412668,14,1.4,0.0526488888888887,0.4908566063566063,0.4813186813186813,0.008365508365491,8,6,3.532753623188406,,,5,0.6287873333333334,watts_strogatz
watts_strogatz_0.pkl,affinity_reactive,6,6,6,-42.10000000000009,613.0,400.0,213.0,0.010059684534528537,0.3754889178617992,372.0,82865.0,31.690776586532596,300,1500,0.0334448160535117,10.0,1.0016708449412668,14,1.4,0.0526488888888887,0.4908566063566063,0.4813186813186813,0.008365508365491,8,6,3.532753623188406,,,5,0.6287873333333334,watts_strogatz
watts_strogatz_0.pkl,baseline,3,3,3,-75.40000000000012,723.0,383.0,340.0,0.008629169260482634,0.2868525896414343,315.0,26911.0,8.648480415344238,300,1500,0.0334448160535117,10.0,1.0016708449412668,14,1.4,0.0526488888888887,0.4908566063566063,0.4813186813186813,0.008365508365491,8,6,3.532753623188406,,,5,0.6287873333333334,watts_strogatz
watts_strogatz_0.pkl,periodic,32,8,32,-66.90000000000009,597.0,290.0,307.0,0.00448798553694671,0.15808600847970927,364.0,72006.0,22.723194360733032,300,1500,0.0334448160535117,10.0,1.0016708449412668,14,1.4,0.0526488888888887,0.4908566063566063,0.4813186813186813,0.008365508365491,8,6,3.532753623188406,,,5,0.6287873333333334,watts_strogatz
watts_strogatz_0.pkl,reactive,49,18,49,-83.40000000000005,723.0,297.0,426.0,0.009680697843187747,0.2868525896414343,356.0,56661.0,17.93788480758667,300,1500,0.0334448160535117,10.0,1.0016708449412668,14,1.4,0.0526488888888887,0.4908566063566063,0.4813186813186813,0.008365508365491,8,6,3.532753623188406,,,5,0.6287873333333334,watts_strogatz
watts_strogatz_1.pkl,affinity,4,4,4,-70.20000000000006,700.0,371.0,329.0,0.010118213512202061,0.3670886075949367,365.0,16951.0,6.564752101898193,300,1500,0.0334448160535117,10.0,0.8921808236414738,13,1.3,0.0453177777777777,0.5136571576571577,0.5059842866583449,0.0368036752417528,8,6,3.613957636566332,,,4,0.6226177777777778,watts_strogatz
watts_strogatz_1.pkl,affinity_periodic,8,5,33,-52.700000000000045,584.0,342.0,242.0,0.005265170063170527,0.19230769230769232,423.0,74751.0,27.45732355117798,300,1500,0.0334448160535117,10.0,0.8921808236414738,13,1.3,0.0453177777777777,0.5136571576571577,0.5059842866583449,0.0368036752417528,8,6,3.613957636566332,,,4,0.6226177777777778,watts_strogatz
watts_strogatz_1.pkl,affinity_reactive,10,10,11,-70.60000000000008,700.0,338.0,362.0,0.010698497131439898,0.3670886075949367,385.0,70285.0,25.82908725738525,300,1500,0.0334448160535117,10.0,0.8921808236414738,13,1.3,0.0453177777777777,0.5136571576571577,0.5059842866583449,0.0368036752417528,8,6,3.613957636566332,,,4,0.6226177777777778,watts_strogatz
watts_strogatz_1.pkl,baseline,5,5,5,-104.40000000000013,817.0,343.0,474.0,0.009404802313096053,0.27948303715670436,308.0,16932.0,5.556743383407593,300,1500,0.0334448160535117,10.0,0.8921808236414738,13,1.3,0.0453177777777777,0.5136571576571577,0.5059842866583449,0.0368036752417528,8,6,3.613957636566332,,,4,0.6226177777777778,watts_strogatz
watts_strogatz_1.pkl,periodic,3,3,3,-51.50000000000007,593.0,357.0,236.0,0.004182260469640638,0.16071428571428573,325.0,72251.0,22.6798791885376,300,1500,0.0334448160535117,10.0,0.8921808236414738,13,1.3,0.0453177777777777,0.5136571576571577,0.5059842866583449,0.0368036752417528,8,6,3.613957636566332,,,4,0.6226177777777778,watts_strogatz
watts_strogatz_1.pkl,reactive,11,10,11,-104.40000000000013,817.0,323.0,494.0,0.009528026407912438,0.27948303715670436,318.0,66158.0,20.601248264312744,300,1500,0.0334448160535117,10.0,0.8921808236414738,13,1.3,0.0453177777777777,0.5136571576571577,0.5059842866583449,0.0368036752417528,8,6,3.613957636566332,,,4,0.6226177777777778,watts_strogatz
watts_strogatz_10.pkl,affinity,4,4,4,-74.20000000000012,665.0,335.0,330.0,0.010976024242390067,0.3787661406025825,370.0,16778.0,6.490815401077271,300,1500,0.0334448160535117,10.0,0.9916035457647598,14,1.4,0.052051111111111,0.4934261294261294,0.4827434601011211,-0.0436423908086097,8,6,3.5539353400222966,,,4,0.6242586666666666,watts_strogatz
watts_strogatz_10.pkl,affinity_periodic,23,11,25,-53.800000000000026,546.0,262.0,284.0,0.0055392136530335555,0.19553072625698323,437.0,68588.0,24.778875827789307,300,1500,0.0334448160535117,10.0,0.9916035457647598,14,1.4,0.052051111111111,0.4934261294261294,0.4827434601011211,-0.0436423908086097,8,6,3.5539353400222966,,,4,0.6242586666666666,watts_strogatz
watts_strogatz_10.pkl,affinity_reactive,37,13,37,-74.20000000000012,665.0,303.0,362.0,0.01133207712933035,0.3787661406025825,390.0,61314.0,22.42074084281921,300,1500,0.0334448160535117,10.0,0.9916035457647598,14,1.4,0.052051111111111,0.4934261294261294,0.4827434601011211,-0.0436423908086097,8,6,3.5539353400222966,,,4,0.6242586666666666,watts_strogatz
watts_strogatz_10.pkl,baseline,3,3,3,-61.3000000000001,757.0,476.0,281.0,0.00909442161689862,0.3212025316455696,287.0,26647.0,8.768383502960205,300,1500,0.0334448160535117,10.0,0.9916035457647598,14,1.4,0.052051111111111,0.4934261294261294,0.4827434601011211,-0.0436423908086097,8,6,3.5539353400222966,,,4,0.6242586666666666,watts_strogatz
watts_strogatz_10.pkl,periodic,3,3,3,-54.800000000000004,627.0,379.0,248.0,0.004351774701611069,0.16357615894039734,335.0,79038.0,25.38995099067688,300,1500,0.0334448160535117,10.0,0.9916035457647598,14,1.4,0.052051111111111,0.4934261294261294,0.4827434601011211,-0.0436423908086097,8,6,3.5539353400222966,,,4,0.6242586666666666,watts_strogatz
watts_strogatz_10.pkl,reactive,18,18,18,-69.50000000000001,757.0,333.0,424.0,0.010941057671099652,0.3212025316455696,354.0,67626.0,21.622434854507446,300,1500,0.0334448160535117,10.0,0.9916035457647598,14,1.4,0.052051111111111,0.4934261294261294,0.4827434601011211,-0.0436423908086097,8,6,3.5539353400222966,,,4,0.6242586666666666,watts_strogatz
watts_strogatz_11.pkl,affinity,3,3,3,-63.70000000000007,703.0,410.0,293.0,0.009763518086807978,0.35390946502057613,355.0,16513.0,6.5569915771484375,300,1500,0.0334448160535117,10.0,0.9360844943711046,13,1.3,0.0486377777777777,0.4910939245939246,0.4839703616755924,-0.042303057371449,8,7,3.5538684503901896,,,5,0.6091428888888889,watts_strogatz
watts_strogatz_11.pkl,affinity_periodic,27,6,27,-51.10000000000003,571.0,321.0,250.0,0.004861027690400587,0.18448381185094687,398.0,79272.0,29.085304737091064,300,1500,0.0334448160535117,10.0,0.9360844943711046,13,1.3,0.0486377777777777,0.4910939245939246,0.4839703616755924,-0.042303057371449,8,7,3.5538684503901896,,,5,0.6091428888888889,watts_strogatz
watts_strogatz_11.pkl,affinity_reactive,38,15,38,-65.80000000000005,703.0,379.0,324.0,0.010432446179429383,0.35390946502057613,386.0,55812.0,21.196624994277958,300,1500,0.0334448160535117,10.0,0.9360844943711046,13,1.3,0.0486377777777777,0.4910939245939246,0.4839703616755924,-0.042303057371449,8,7,3.5538684503901896,,,5,0.6091428888888889,watts_strogatz
watts_strogatz_11.pkl,baseline,4,4,4,-90.60000000000014,692.0,324.0,368.0,0.009812394269733689,0.32272727272727275,314.0,16521.0,5.490451335906982,300,1500,0.0334448160535117,10.0,0.9360844943711046,13,1.3,0.0486377777777777,0.4910939245939246,0.4839703616755924,-0.042303057371449,8,7,3.5538684503901896,,,5,0.6091428888888889,watts_strogatz
watts_strogatz_11.pkl,periodic,4,4,4,-69.90000000000008,581.0,286.0,295.0,0.00433450249569317,0.16249197174052665,337.0,78921.0,24.53163766860962,300,1500,0.0334448160535117,10.0,0.9360844943711046,13,1.3,0.0486377777777777,0.4910939245939246,0.4839703616755924,-0.042303057371449,8,7,3.5538684503901896,,,5,0.6091428888888889,watts_strogatz
watts_strogatz_11.pkl,reactive,9,9,9,-91.40000000000003,692.0,281.0,411.0,0.010218390423499915,0.32272727272727275,334.0,72697.0,22.59006094932556,300,1500,0.0334448160535117,10.0,0.9360844943711046,13,1.3,0.0486377777777777,0.4910939245939246,0.4839703616755924,-0.042303057371449,8,7,3.5538684503901896,,,5,0.6091428888888889,watts_strogatz
watts_strogatz_12.pkl,affinity,3,3,3,-94.50000000000006,748.0,338.0,410.0,0.0108663685622818,0.3602391629297459,367.0,33614.0,12.37283992767334,300,1500,0.0334448160535117,10.0,0.928911327404614,14,1.4,0.0486755555555555,0.4968337958337958,0.4893242350869469,0.0157199080235582,8,6,3.5385953177257523,,,4,0.6363055555555555,watts_strogatz
watts_strogatz_12.pkl,affinity_periodic,36,4,36,-57.90000000000005,572.0,315.0,257.0,0.005079652607618595,0.19567979669631513,404.0,79102.0,28.72794842720032,300,1500,0.0334448160535117,10.0,0.928911327404614,14,1.4,0.0486755555555555,0.4968337958337958,0.4893242350869469,0.0157199080235582,8,6,3.5385953177257523,,,4,0.6363055555555555,watts_strogatz
watts_strogatz_12.pkl,affinity_reactive,10,6,10,-94.50000000000006,748.0,326.0,422.0,0.011010554204507129,0.3602391629297459,372.0,73483.0,26.688772439956665,300,1500,0.0334448160535117,10.0,0.928911327404614,14,1.4,0.0486755555555555,0.4968337958337958,0.4893242350869469,0.0157199080235582,8,6,3.5385953177257523,,,4,0.6363055555555555,watts_strogatz
watts_strogatz_12.pkl,baseline,4,4,4,-87.40000000000008,770.0,424.0,346.0,0.009188282924505834,0.28840579710144926,308.0,26913.0,8.89243221282959,300,1500,0.0334448160535117,10.0,0.928911327404614,14,1.4,0.0486755555555555,0.4968337958337958,0.4893242350869469,0.0157199080235582,8,6,3.5385953177257523,,,4,0.6363055555555555,watts_strogatz
watts_strogatz_12.pkl,periodic,5,5,5,-59.90000000000004,629.0,353.0,276.0,0.004450782068603608,0.1530226700251889,346.0,78164.0,24.754741191864014,300,1500,0.0334448160535117,10.0,0.928911327404614,14,1.4,0.0486755555555555,0.4968337958337958,0.4893242350869469,0.0157199080235582,8,6,3.5385953177257523,,,4,0.6363055555555555,watts_strogatz
watts_strogatz_12.pkl,reactive,9,9,9,-90.60000000000014,770.0,305.0,465.0,0.009935289851022924,0.28840579710144926,339.0,81533.0,25.772823810577396,300,1500,0.0334448160535117,10.0,0.928911327404614,14,1.4,0.0486755555555555,0.4968337958337958,0.4893242350869469,0.0157199080235582,8,6,3.5385953177257523,,,4,0.6363055555555555,watts_strogatz
watts_strogatz_13.pkl,affinity,3,3,3,-66.30000000000007,710.0,395.0,315.0,0.010007426450146293,0.35802469135802467,376.0,16790.0,6.585786819458008,300,1500,0.0334448160535117,10.0,0.9396505434536336,14,1.4,0.0484533333333332,0.491996928996929,0.484375,-0.004943274874789,8,6,3.5617614269788183,,,4,0.6309662222222222,watts_strogatz
watts_strogatz_13.pkl,affinity_periodic,5,5,5,-73.30000000000007,581.0,278.0,303.0,0.005162368285913379,0.1886209029066172,417.0,89043.0,31.574138641357425,300,1500,0.0334448160535117,10.0,0.9396505434536336,14,1.4,0.0484533333333332,0.491996928996929,0.484375,-0.004943274874789,8,6,3.5617614269788183,,,4,0.6309662222222222,watts_strogatz
watts_strogatz_13.pkl,affinity_reactive,10,10,10,-67.80000000000004,710.0,371.0,339.0,0.010197733840503874,0.35802469135802467,391.0,73726.0,27.76968669891357,300,1500,0.0334448160535117,10.0,0.9396505434536336,14,1.4,0.0484533333333332,0.491996928996929,0.484375,-0.004943274874789,8,6,3.5617614269788183,,,4,0.6309662222222222,watts_strogatz
watts_strogatz_13.pkl,baseline,5,5,5,-81.20000000000009,742.0,387.0,355.0,0.009104350213928426,0.29083094555873923,310.0,26903.0,8.821704864501953,300,1500,0.0334448160535117,10.0,0.9396505434536336,14,1.4,0.0484533333333332,0.491996928996929,0.484375,-0.004943274874789,8,6,3.5617614269788183,,,4,0.6309662222222222,watts_strogatz
watts_strogatz_13.pkl,periodic,41,9,41,-54.30000000000004,573.0,276.0,297.0,0.004378116638472567,0.15733830845771143,349.0,68832.0,21.41947317123413,300,1500,0.0334448160535117,10.0,0.9396505434536336,14,1.4,0.0484533333333332,0.491996928996929,0.484375,-0.004943274874789,8,6,3.5617614269788183,,,4,0.6309662222222222,watts_strogatz
watts_strogatz_13.pkl,reactive,24,15,24,-82.00000000000004,742.0,317.0,425.0,0.009826275592283957,0.29083094555873923,344.0,65861.0,20.784908533096317,300,1500,0.0334448160535117,10.0,0.9396505434536336,14,1.4,0.0484533333333332,0.491996928996929,0.484375,-0.004943274874789,8,6,3.5617614269788183,,,4,0.6309662222222222,watts_strogatz
watts_strogatz_14.pkl,affinity,3,3,4,-88.50000000000006,704.0,310.0,394.0,0.01027884124831148,0.3473227206946454,361.0,27021.0,9.977232217788696,300,1500,0.0334448160535117,10.0,0.9607689228305228,15,1.5,0.0493866666666666,0.4987632737632738,0.4905411350637923,-0.0121180247400541,8,6,3.570144927536232,,,4,0.5938437777777777,watts_strogatz
watts_strogatz_14.pkl,affinity_periodic,6,6,6,-60.800000000000054,528.0,250.0,278.0,0.005114044644093961,0.18550905683947533,413.0,88674.0,30.98412275314331,300,1500,0.0334448160535117,10.0,0.9607689228305228,15,1.5,0.0493866666666666,0.4987632737632738,0.4905411350637923,-0.0121180247400541,8,6,3.570144927536232,,,4,0.5938437777777777,watts_strogatz
watts_strogatz_14.pkl,affinity_reactive,10,6,11,-88.50000000000006,704.0,300.0,404.0,0.010419274735366236,0.3473227206946454,369.0,80581.0,28.70764541625977,300,1500,0.0334448160535117,10.0,0.9607689228305228,15,1.5,0.0493866666666666,0.4987632737632738,0.4905411350637923,-0.0121180247400541,8,6,3.570144927536232,,,4,0.5938437777777777,watts_strogatz
watts_strogatz_14.pkl,baseline,4,4,4,-67.30000000000001,656.0,350.0,306.0,0.00884680811267934,0.3236111111111111,321.0,33981.0,10.61198902130127,300,1500,0.0334448160535117,10.0,0.9607689228305228,15,1.5,0.0493866666666666,0.4987632737632738,0.4905411350637923,-0.0121180247400541,8,6,3.570144927536232,,,4,0.5938437777777777,watts_strogatz
watts_strogatz_14.pkl,periodic,3,3,3,-37.700000000000074,541.0,365.0,176.0,0.004022852151145317,0.16615384615384615,327.0,79451.0,24.95242500305176,300,1500,0.0334448160535117,10.0,0.9607689228305228,15,1.5,0.0493866666666666,0.4987632737632738,0.4905411350637923,-0.0121180247400541,8,6,3.570144927536232,,,4,0.5938437777777777,watts_strogatz
watts_strogatz_14.pkl,reactive,6,5,6,-67.30000000000001,656.0,349.0,307.0,0.008843916024098996,0.3236111111111111,322.0,75442.0,23.64219331741333,300,1500,0.0334448160535117,10.0,0.9607689228305228,15,1.5,0.0493866666666666,0.4987632737632738,0.4905411350637923,-0.0121180247400541,8,6,3.570144927536232,,,4,0.5938437777777777,watts_strogatz
watts_strogatz_15.pkl,affinity,4,4,4,-75.10000000000008,701.0,367.0,334.0,0.010294767251057005,0.3578363384188627,366.0,33581.0,12.625983476638794,300,1500,0.0334448160535117,10.0,0.9070515282586696,12,1.2,0.0473799999999999,0.5045088985088985,0.497907949790795,0.0208326016753848,8,6,3.606086956521739,,,4,0.5945051111111112,watts_strogatz
watts_strogatz_15.pkl,affinity_periodic,10,8,10,-45.30000000000005,561.0,322.0,239.0,0.0049813722934202356,0.18661755678330263,400.0,70675.0,25.70034456253052,300,1500,0.0334448160535117,10.0,0.9070515282586696,12,1.2,0.0473799999999999,0.5045088985088985,0.497907949790795,0.0208326016753848,8,6,3.606086956521739,,,4,0.5945051111111112,watts_strogatz
watts_strogatz_15.pkl,affinity_reactive,30,8,30,-74.90000000000006,701.0,355.0,346.0,0.010458129949584902,0.3578363384188627,379.0,78565.0,29.17297649383545,300,1500,0.0334448160535117,10.0,0.9070515282586696,12,1.2,0.0473799999999999,0.5045088985088985,0.497907949790795,0.0208326016753848,8,6,3.606086956521739,,,4,0.5945051111111112,watts_strogatz
watts_strogatz_15.pkl,baseline,3,3,3,-60.800000000000075,736.0,469.0,267.0,0.009481401498552328,0.30434782608695654,300.0,16177.0,5.491967678070068,300,1500,0.0334448160535117,10.0,0.9070515282586696,12,1.2,0.0473799999999999,0.5045088985088985,0.497907949790795,0.0208326016753848,8,6,3.606086956521739,,,4,0.5945051111111112,watts_strogatz
watts_strogatz_15.pkl,periodic,20,8,20,-49.100000000000016,603.0,368.0,235.0,0.004249025696795476,0.1591194968553459,338.0,78159.0,24.918573141098022,300,1500,0.0334448160535117,10.0,0.9070515282586696,12,1.2,0.0473799999999999,0.5045088985088985,0.497907949790795,0.0208326016753848,8,6,3.606086956521739,,,4,0.5945051111111112,watts_strogatz
watts_strogatz_15.pkl,reactive,16,13,16,-66.40000000000008,736.0,336.0,400.0,0.010695304280407977,0.30434782608695654,346.0,69151.0,21.729710578918457,300,1500,0.0334448160535117,10.0,0.9070515282586696,12,1.2,0.0473799999999999,0.5045088985088985,0.497907949790795,0.0208326016753848,8,6,3.606086956521739,,,4,0.5945051111111112,watts_strogatz
watts_strogatz_16.pkl,affinity,4,4,4,-81.40000000000006,650.0,301.0,349.0,0.010690117930412633,0.39088397790055246,382.0,33424.0,12.013477325439451,300,1500,0.0334448160535117,10.0,0.8846517369293828,13,1.3,0.0460888888888888,0.495572113072113,0.4875523243005067,-0.0052230674394774,8,6,3.573489409141583,,,4,0.5856877777777778,watts_strogatz
watts_strogatz_16.pkl,affinity_periodic,19,9,19,-48.60000000000004,541.0,290.0,251.0,0.005272846534601021,0.19962686567164178,418.0,71412.0,25.53884267807007,300,1500,0.0334448160535117,10.0,0.8846517369293828,13,1.3,0.0460888888888888,0.495572113072113,0.4875523243005067,-0.0052230674394774,8,6,3.573489409141583,,,4,0.5856877777777778,watts_strogatz
watts_strogatz_16.pkl,affinity_reactive,4,4,4,-81.40000000000006,650.0,301.0,349.0,0.010690117930412633,0.39088397790055246,382.0,73910.0,26.59179925918579,300,1500,0.0334448160535117,10.0,0.8846517369293828,13,1.3,0.0460888888888888,0.495572113072113,0.4875523243005067,-0.0052230674394774,8,6,3.573489409141583,,,4,0.5856877777777778,watts_strogatz
watts_strogatz_16.pkl,baseline,3,3,3,-77.20000000000009,692.0,339.0,353.0,0.008708708830981425,0.3148936170212766,308.0,26919.0,8.547849178314209,300,1500,0.0334448160535117,10.0,0.8846517369293828,13,1.3,0.0460888888888888,0.495572113072113,0.4875523243005067,-0.0052230674394774,8,6,3.573489409141583,,,4,0.5856877777777778,watts_strogatz
watts_strogatz_16.pkl,periodic,5,5,5,-47.800000000000026,557.0,324.0,233.0,0.004248606814968911,0.16263190564866542,342.0,79007.0,24.91938424110413,300,1500,0.0334448160535117,10.0,0.8846517369293828,13,1.3,0.0460888888888888,0.495572113072113,0.4875523243005067,-0.0052230674394774,8,6,3.573489409141583,,,4,0.5856877777777778,watts_strogatz
watts_strogatz_16.pkl,reactive,21,10,21,-78.60000000000008,692.0,321.0,371.0,0.008858453875175365,0.3148936170212766,318.0,67725.0,21.246833086013797,300,1500,0.0334448160535117,10.0,0.8846517369293828,13,1.3,0.0460888888888888,0.495572113072113,0.4875523243005067,-0.0052230674394774,8,6,3.573489409141583,,,4,0.5856877777777778,watts_strogatz
watts_strogatz_17.pkl,affinity,4,4,4,-64.90000000000008,702.0,414.0,288.0,0.01103626782801883,0.3990963855421687,359.0,16475.0,6.414834260940552,300,1500,0.0334448160535117,10.0,0.9711559157565948,12,1.2,0.0514599999999998,0.4787931697931697,0.4695403562788652,-0.0223283367125068,8,6,3.4604682274247494,,,4,0.5994633333333332,watts_strogatz
watts_strogatz_17.pkl,affinity_periodic,4,4,4,-57.90000000000007,520.0,273.0,247.0,0.005549452521300065,0.21660181582360571,434.0,78909.0,28.018860340118408,300,1500,0.0334448160535117,10.0,0.9711559157565948,12,1.2,0.0514599999999998,0.4787931697931697,0.4695403562788652,-0.0223283367125068,8,6,3.4604682274247494,,,4,0.5994633333333332,watts_strogatz
watts_strogatz_17.pkl,affinity_reactive,22,15,35,-69.50000000000003,702.0,296.0,406.0,0.013070852860766364,0.3990963855421687,438.0,63295.0,23.201354026794437,300,1500,0.0334448160535117,10.0,0.9711559157565948,12,1.2,0.0514599999999998,0.4787931697931697,0.4695403562788652,-0.0223283367125068,8,6,3.4604682274247494,,,4,0.5994633333333332,watts_strogatz
watts_strogatz_17.pkl,baseline,6,6,6,-88.1000000000001,768.0,353.0,415.0,0.00962071430198337,0.30307467057101023,320.0,26581.0,8.721363067626953,300,1500,0.0334448160535117,10.0,0.9711559157565948,12,1.2,0.0514599999999998,0.4787931697931697,0.4695403562788652,-0.0223283367125068,8,6,3.4604682274247494,,,4,0.5994633333333332,watts_strogatz
watts_strogatz_17.pkl,periodic,6,6,6,-59.900000000000084,616.0,318.0,298.0,0.004209685746384891,0.1590621039290241,333.0,72068.0,22.6844265460968,300,1500,0.0334448160535117,10.0,0.9711559157565948,12,1.2,0.0514599999999998,0.4787931697931697,0.4695403562788652,-0.0223283367125068,8,6,3.4604682274247494,,,4,0.5994633333333332,watts_strogatz
watts_strogatz_17.pkl,reactive,42,18,42,-88.1000000000001,768.0,299.0,469.0,0.010162207336527953,0.30307467057101023,349.0,69103.0,21.82530212402344,300,1500,0.0334448160535117,10.0,0.9711559157565948,12,1.2,0.0514599999999998,0.4787931697931697,0.4695403562788652,-0.0223283367125068,8,6,3.4604682274247494,,,4,0.5994633333333332,watts_strogatz
watts_strogatz_18.pkl,affinity,4,4,4,-79.80000000000013,697.0,337.0,360.0,0.011325185692626806,0.3830409356725146,382.0,16709.0,6.463840007781982,300,1500,0.0334448160535117,10.0,0.9677059726478532,13,1.3,0.0507622222222221,0.5110401635401636,0.5012463343108504,-0.0414189928194089,8,6,3.59453734671126,,,4,0.6246166666666666,watts_strogatz
watts_strogatz_18.pkl,affinity_periodic,3,3,4,-59.10000000000008,562.0,310.0,252.0,0.005434426418558351,0.20165394402035625,426.0,88698.0,31.92548441886902,300,1500,0.0334448160535117,10.0,0.9677059726478532,13,1.3,0.0507622222222221,0.5110401635401636,0.5012463343108504,-0.0414189928194089,8,6,3.59453734671126,,,4,0.6246166666666666,watts_strogatz
watts_strogatz_18.pkl,affinity_reactive,19,8,42,-79.80000000000013,697.0,317.0,380.0,0.011880041744204038,0.3830409356725146,399.0,56449.0,20.76935386657715,300,1500,0.0334448160535117,10.0,0.9677059726478532,13,1.3,0.0507622222222221,0.5110401635401636,0.5012463343108504,-0.0414189928194089,8,6,3.59453734671126,,,4,0.6246166666666666,watts_strogatz
watts_strogatz_18.pkl,baseline,3,3,3,-83.30000000000014,699.0,347.0,352.0,0.009548074217441894,0.32689450222882616,317.0,16612.0,5.217790126800537,300,1500,0.0334448160535117,10.0,0.9677059726478532,13,1.3,0.0507622222222221,0.5110401635401636,0.5012463343108504,-0.0414189928194089,8,6,3.59453734671126,,,4,0.6246166666666666,watts_strogatz
watts_strogatz_18.pkl,periodic,35,5,35,-48.30000000000003,540.0,318.0,222.0,0.004185582703684691,0.168467895740623,330.0,78887.0,24.74977445602417,300,1500,0.0334448160535117,10.0,0.9677059726478532,13,1.3,0.0507622222222221,0.5110401635401636,0.5012463343108504,-0.0414189928194089,8,6,3.59453734671126,,,4,0.6246166666666666,watts_strogatz
watts_strogatz_18.pkl,reactive,7,7,7,-83.70000000000002,699.0,315.0,384.0,0.009941616734897747,0.32689450222882616,330.0,66304.0,20.757630109786987,300,1500,0.0334448160535117,10.0,0.9677059726478532,13,1.3,0.0507622222222221,0.5110401635401636,0.5012463343108504,-0.0414189928194089,8,6,3.59453734671126,,,4,0.6246166666666666,watts_strogatz
watts_strogatz_19.pkl,affinity,5,5,5,-92.30000000000008,725.0,312.0,413.0,0.011455874693318631,0.38920454545454547,399.0,16868.0,6.368032217025757,300,1500,0.0334448160535117,10.0,0.8921808236414738,13,1.3,0.0471088888888888,0.5056768601768602,0.4978339085101696,-0.0063026621844217,8,6,3.617324414715719,,,4,0.6198108888888889,watts_strogatz
watts_strogatz_19.pkl,affinity_periodic,41,4,42,-75.60000000000008,620.0,290.0,330.0,0.005485608570626461,0.1993730407523511,441.0,71992.0,25.70712113380432,300,1500,0.0334448160535117,10.0,0.8921808236414738,13,1.3,0.0471088888888888,0.5056768601768602,0.4978339085101696,-0.0063026621844217,8,6,3.617324414715719,,,4,0.6198108888888889,watts_strogatz
watts_strogatz_19.pkl,affinity_reactive,9,8,9,-92.30000000000008,725.0,303.0,422.0,0.011402381642117397,0.38920454545454547,405.0,66601.0,23.937344312667847,300,1500,0.0334448160535117,10.0,0.8921808236414738,13,1.3,0.0471088888888888,0.5056768601768602,0.4978339085101696,-0.0063026621844217,8,6,3.617324414715719,,,4,0.6198108888888889,watts_strogatz
watts_strogatz_19.pkl,baseline,3,3,3,-89.20000000000009,712.0,342.0,370.0,0.009858067674530326,0.32794117647058824,336.0,33932.0,10.81955099105835,300,1500,0.0334448160535117,10.0,0.8921808236414738,13,1.3,0.0471088888888888,0.5056768601768602,0.4978339085101696,-0.0063026621844217,8,6,3.617324414715719,,,4,0.6198108888888889,watts_strogatz
watts_strogatz_19.pkl,periodic,10,6,10,-51.90000000000004,569.0,327.0,242.0,0.0044562795926577905,0.1713197969543147,352.0,78535.0,24.419714212417603,300,1500,0.0334448160535117,10.0,0.8921808236414738,13,1.3,0.0471088888888888,0.5056768601768602,0.4978339085101696,-0.0063026621844217,8,6,3.617324414715719,,,4,0.6198108888888889,watts_strogatz
watts_strogatz_19.pkl,reactive,21,7,21,-89.20000000000009,712.0,325.0,387.0,0.010054048412124695,0.32794117647058824,344.0,73587.0,22.92285394668579,300,1500,0.0334448160535117,10.0,0.8921808236414738,13,1.3,0.0471088888888888,0.5056768601768602,0.4978339085101696,-0.0063026621844217,8,6,3.617324414715719,,,4,0.6198108888888889,watts_strogatz
watts_strogatz_2.pkl,affinity,5,5,5,-94.50000000000013,748.0,359.0,389.0,0.010894626534487988,0.3554572271386431,379.0,33584.0,12.851339101791382,300,1500,0.0334448160535117,10.0,1.0050042013922398,13,1.3,0.0533333333333332,0.485946090946091,0.4771079041828437,-0.0416131024168717,8,6,3.479888517279821,,,5,0.6451104444444444,watts_strogatz
watts_strogatz_2.pkl,affinity_periodic,3,3,3,-65.60000000000008,602.0,302.0,300.0,0.0050174639891964554,0.19196428571428573,393.0,78859.0,28.507814407348636,300,1500,0.0334448160535117,10.0,1.0050042013922398,13,1.3,0.0533333333333332,0.485946090946091,0.4771079041828437,-0.0416131024168717,8,6,3.479888517279821,,,5,0.6451104444444444,watts_strogatz
watts_strogatz_2.pkl,affinity_reactive,5,5,5,-94.50000000000013,748.0,359.0,389.0,0.010894626534487988,0.3554572271386431,379.0,73326.0,27.38068008422852,300,1500,0.0334448160535117,10.0,1.0050042013922398,13,1.3,0.0533333333333332,0.485946090946091,0.4771079041828437,-0.0416131024168717,8,6,3.479888517279821,,,5,0.6451104444444444,watts_strogatz
watts_strogatz_2.pkl,baseline,5,5,5,-82.0000000000001,771.0,391.0,380.0,0.0091145656691692,0.2857142857142857,305.0,27036.0,9.001065731048584,300,1500,0.0334448160535117,10.0,1.0050042013922398,13,1.3,0.0533333333333332,0.485946090946091,0.4771079041828437,-0.0416131024168717,8,6,3.479888517279821,,,5,0.6451104444444444,watts_strogatz
watts_strogatz_2.pkl,periodic,25,6,25,-55.40000000000002,602.0,355.0,247.0,0.004367035798950955,0.15335051546391754,334.0,71624.0,22.874817371368408,300,1500,0.0334448160535117,10.0,1.0050042013922398,13,1.3,0.0533333333333332,0.485946090946091,0.4771079041828437,-0.0416131024168717,8,6,3.479888517279821,,,5,0.6451104444444444,watts_strogatz
watts_strogatz_2.pkl,reactive,24,17,24,-82.0000000000001,771.0,343.0,428.0,0.00961064154073298,0.2857142857142857,331.0,58447.0,18.741368055343628,300,1500,0.0334448160535117,10.0,1.0050042013922398,13,1.3,0.0533333333333332,0.485946090946091,0.4771079041828437,-0.0416131024168717,8,6,3.479888517279821,,,5,0.6451104444444444,watts_strogatz
watts_strogatz_20.pkl,affinity,4,4,4,-91.2,703.0,302.0,401.0,0.010580833948312647,0.3540462427745665,375.0,34021.0,12.345276117324827,300,1500,0.0334448160535117,10.0,1.0788325165020785,14,1.4,0.0558933333333333,0.4886255966255967,0.4767441860465116,0.0084095047382861,7,6,3.525440356744705,,,4,0.609634,watts_strogatz
watts_strogatz_20.pkl,affinity_periodic,31,6,31,-61.40000000000004,547.0,277.0,270.0,0.0050191992619173795,0.18012422360248448,404.0,79121.0,28.529106378555294,300,1500,0.0334448160535117,10.0,1.0788325165020785,14,1.4,0.0558933333333333,0.4886255966255967,0.4767441860465116,0.0084095047382861,7,6,3.525440356744705,,,4,0.609634,watts_strogatz
watts_strogatz_20.pkl,affinity_reactive,19,12,19,-91.2,703.0,277.0,426.0,0.010807175270523557,0.3540462427745665,388.0,66807.0,23.781996726989743,300,1500,0.0334448160535117,10.0,1.0788325165020785,14,1.4,0.0558933333333333,0.4886255966255967,0.4767441860465116,0.0084095047382861,7,6,3.525440356744705,,,4,0.609634,watts_strogatz
watts_strogatz_20.pkl,baseline,4,4,4,-81.50000000000006,684.0,321.0,363.0,0.008847689244347591,0.30735930735930733,302.0,16582.0,5.567058801651001,300,1500,0.0334448160535117,10.0,1.0788325165020785,14,1.4,0.0558933333333333,0.4886255966255967,0.4767441860465116,0.0084095047382861,7,6,3.525440356744705,,,4,0.609634,watts_strogatz
watts_strogatz_20.pkl,periodic,33,16,33,-57.10000000000006,542.0,252.0,290.0,0.004353107540969486,0.1573667711598746,342.0,64824.0,20.04641842842102,300,1500,0.0334448160535117,10.0,1.0788325165020785,14,1.4,0.0558933333333333,0.4886255966255967,0.4767441860465116,0.0084095047382861,7,6,3.525440356744705,,,4,0.609634,watts_strogatz
watts_strogatz_20.pkl,reactive,7,7,7,-84.50000000000004,684.0,246.0,438.0,0.009416056362739662,0.30735930735930733,322.0,65492.0,20.39539122581482,300,1500,0.0334448160535117,10.0,1.0788325165020785,14,1.4,0.0558933333333333,0.4886255966255967,0.4767441860465116,0.0084095047382861,7,6,3.525440356744705,,,4,0.609634,watts_strogatz
watts_strogatz_21.pkl,affinity,5,5,6,-85.90000000000012,721.0,350.0,371.0,0.011112498849979611,0.36773255813953487,369.0,33575.0,12.92790913581848,300,1500,0.0334448160535117,10.0,0.9502684007399256,13,1.3,0.0503244444444443,0.4724941354941355,0.4644664466446644,-0.0150277808852546,8,6,3.473288740245262,,,4,0.6126806666666667,watts_strogatz
watts_strogatz_21.pkl,affinity_periodic,3,3,3,-67.2000000000001,594.0,297.0,297.0,0.004988107745315791,0.1890359168241966,402.0,89511.0,32.900238275527954,300,1500,0.0334448160535117,10.0,0.9502684007399256,13,1.3,0.0503244444444443,0.4724941354941355,0.4644664466446644,-0.0150277808852546,8,6,3.473288740245262,,,4,0.6126806666666667,watts_strogatz
watts_strogatz_21.pkl,affinity_reactive,34,11,34,-85.90000000000012,721.0,306.0,415.0,0.01163405330768646,0.36773255813953487,396.0,70745.0,25.941589832305908,300,1500,0.0334448160535117,10.0,0.9502684007399256,13,1.3,0.0503244444444443,0.4724941354941355,0.4644664466446644,-0.0150277808852546,8,6,3.473288740245262,,,4,0.6126806666666667,watts_strogatz
watts_strogatz_21.pkl,baseline,5,5,5,-82.6000000000001,650.0,271.0,379.0,0.009246726910964821,0.30858806404657935,310.0,16714.0,5.451330423355103,300,1500,0.0334448160535117,10.0,0.9502684007399256,13,1.3,0.0503244444444443,0.4724941354941355,0.4644664466446644,-0.0150277808852546,8,6,3.473288740245262,,,4,0.6126806666666667,watts_strogatz
watts_strogatz_21.pkl,periodic,24,11,24,-43.60000000000006,491.0,266.0,225.0,0.004249745576649492,0.162586315128688,336.0,75516.0,23.3002827167511,300,1500,0.0334448160535117,10.0,0.9502684007399256,13,1.3,0.0503244444444443,0.4724941354941355,0.4644664466446644,-0.0150277808852546,8,6,3.473288740245262,,,4,0.6126806666666667,watts_strogatz
watts_strogatz_21.pkl,reactive,18,9,18,-82.6000000000001,650.0,257.0,393.0,0.009366971421196444,0.30858806404657935,316.0,56499.0,17.57842254638672,300,1500,0.0334448160535117,10.0,0.9502684007399256,13,1.3,0.0503244444444443,0.4724941354941355,0.4644664466446644,-0.0150277808852546,8,6,3.473288740245262,,,4,0.6126806666666667,watts_strogatz
watts_strogatz_22.pkl,affinity,3,3,3,-73.40000000000008,671.0,322.0,349.0,0.009681746969895206,0.35127478753541075,353.0,27055.0,10.045584678649902,300,1500,0.0334448160535117,10.0,0.9983263586596564,13,1.3,0.0524799999999998,0.4934291819291819,0.4842112975309546,0.0302686053197778,8,6,3.5418729096989967,,,4,0.6319348888888889,watts_strogatz
watts_strogatz_22.pkl,affinity_periodic,48,5,49,-53.40000000000007,544.0,289.0,255.0,0.00460764026535913,0.1801857585139319,377.0,72745.0,26.31880760192871,300,1500,0.0334448160535117,10.0,0.9983263586596564,13,1.3,0.0524799999999998,0.4934291819291819,0.4842112975309546,0.0302686053197778,8,6,3.5418729096989967,,,4,0.6319348888888889,watts_strogatz
watts_strogatz_22.pkl,affinity_reactive,44,11,44,-73.40000000000008,671.0,307.0,364.0,0.009987340460910052,0.35127478753541075,367.0,72829.0,26.31794500350952,300,1500,0.0334448160535117,10.0,0.9983263586596564,13,1.3,0.0524799999999998,0.4934291819291819,0.4842112975309546,0.0302686053197778,8,6,3.5418729096989967,,,4,0.6319348888888889,watts_strogatz
watts_strogatz_22.pkl,baseline,2,2,2,-79.80000000000007,670.0,299.0,371.0,0.008849849466130174,0.3123209169054441,301.0,16213.0,5.187220096588135,300,1500,0.0334448160535117,10.0,0.9983263586596564,13,1.3,0.0524799999999998,0.4934291819291819,0.4842112975309546,0.0302686053197778,8,6,3.5418729096989967,,,4,0.6319348888888889,watts_strogatz
watts_strogatz_22.pkl,periodic,18,7,18,-55.30000000000007,513.0,258.0,255.0,0.004237855842982503,0.1654275092936803,343.0,74063.0,23.311654090881348,300,1500,0.0334448160535117,10.0,0.9983263586596564,13,1.3,0.0524799999999998,0.4934291819291819,0.4842112975309546,0.0302686053197778,8,6,3.5418729096989967,,,4,0.6319348888888889,watts_strogatz
watts_strogatz_22.pkl,reactive,23,11,23,-80.90000000000009,670.0,259.0,411.0,0.00930126326606417,0.3123209169054441,318.0,68928.0,21.44944405555725,300,1500,0.0334448160535117,10.0,0.9983263586596564,13,1.3,0.0524799999999998,0.4934291819291819,0.4842112975309546,0.0302686053197778,8,6,3.5418729096989967,,,4,0.6319348888888889,watts_strogatz
watts_strogatz_23.pkl,affinity,4,4,4,-94.50000000000003,716.0,336.0,380.0,0.011645170594837885,0.36185133239831696,400.0,26913.0,10.089744091033936,300,1500,0.0334448160535117,10.0,0.9711559157565948,13,1.3,0.0514933333333331,0.479536408036408,0.4721794589839455,-0.0030261512392656,7,6,3.4984615384615383,,,4,0.6057353333333334,watts_strogatz
watts_strogatz_23.pkl,affinity_periodic,17,8,17,-54.60000000000002,552.0,288.0,264.0,0.005103780196712743,0.19012797074954296,417.0,77202.0,27.67918562889099,300,1500,0.0334448160535117,10.0,0.9711559157565948,13,1.3,0.0514933333333331,0.479536408036408,0.4721794589839455,-0.0030261512392656,7,6,3.4984615384615383,,,4,0.6057353333333334,watts_strogatz
watts_strogatz_23.pkl,affinity_reactive,9,6,9,-94.30000000000004,716.0,328.0,388.0,0.011754264574633425,0.36185133239831696,407.0,73738.0,26.92950844764709,300,1500,0.0334448160535117,10.0,0.9711559157565948,13,1.3,0.0514933333333331,0.479536408036408,0.4721794589839455,-0.0030261512392656,7,6,3.4984615384615383,,,4,0.6057353333333334,watts_strogatz
watts_strogatz_23.pkl,baseline,5,5,5,-91.1000000000001,794.0,405.0,389.0,0.009974673722641334,0.30428134556574926,318.0,16679.0,5.50186562538147,300,1500,0.0334448160535117,10.0,0.9711559157565948,13,1.3,0.0514933333333331,0.479536408036408,0.4721794589839455,-0.0030261512392656,7,6,3.4984615384615383,,,4,0.6057353333333334,watts_strogatz
watts_strogatz_23.pkl,periodic,40,8,40,-58.100000000000065,606.0,351.0,255.0,0.004495552940132397,0.1648422408242112,352.0,71917.0,22.85830664634705,300,1500,0.0334448160535117,10.0,0.9711559157565948,13,1.3,0.0514933333333331,0.479536408036408,0.4721794589839455,-0.0030261512392656,7,6,3.4984615384615383,,,4,0.6057353333333334,watts_strogatz
watts_strogatz_23.pkl,reactive,35,17,35,-91.1000000000001,794.0,331.0,463.0,0.010932786091763352,0.30428134556574926,357.0,54809.0,17.346386909484863,300,1500,0.0334448160535117,10.0,0.9711559157565948,13,1.3,0.0514933333333331,0.479536408036408,0.4721794589839455,-0.0030261512392656,7,6,3.4984615384615383,,,4,0.6057353333333334,watts_strogatz
watts_strogatz_24.pkl,affinity,4,4,5,-98.30000000000008,701.0,262.0,439.0,0.010658355779264913,0.3493810178817056,388.0,17426.0,6.569218873977661,300,1500,0.0334448160535117,10.0,0.8996469021204838,13,1.3,0.0459777777777776,0.5136719391719392,0.5061302400704794,-0.0423837205810959,8,6,3.627090301003344,,,4,0.6265144444444444,watts_strogatz
watts_strogatz_24.pkl,affinity_periodic,36,7,36,-64.70000000000003,545.0,248.0,297.0,0.00513616141088153,0.18864468864468864,416.0,65733.0,22.84890866279602,300,1500,0.0334448160535117,10.0,0.8996469021204838,13,1.3,0.0459777777777776,0.5136719391719392,0.5061302400704794,-0.0423837205810959,8,6,3.627090301003344,,,4,0.6265144444444444,watts_strogatz
watts_strogatz_24.pkl,affinity_reactive,37,7,37,-98.30000000000008,701.0,251.0,450.0,0.010916921131951923,0.3493810178817056,398.0,57232.0,20.07055878639221,300,1500,0.0334448160535117,10.0,0.8996469021204838,13,1.3,0.0459777777777776,0.5136719391719392,0.5061302400704794,-0.0423837205810959,8,6,3.627090301003344,,,4,0.6265144444444444,watts_strogatz
watts_strogatz_24.pkl,baseline,4,4,4,-77.60000000000007,734.0,382.0,352.0,0.009841690231253338,0.3138138138138138,318.0,16499.0,5.416132926940918,300,1500,0.0334448160535117,10.0,0.8996469021204838,13,1.3,0.0459777777777776,0.5136719391719392,0.5061302400704794,-0.0423837205810959,8,6,3.627090301003344,,,4,0.6265144444444444,watts_strogatz
watts_strogatz_24.pkl,periodic,7,7,7,-52.100000000000065,596.0,339.0,257.0,0.004531986397988623,0.1639030612244898,353.0,78591.0,24.622256755828857,300,1500,0.0334448160535117,10.0,0.8996469021204838,13,1.3,0.0459777777777776,0.5136719391719392,0.5061302400704794,-0.0423837205810959,8,6,3.627090301003344,,,4,0.6265144444444444,watts_strogatz
watts_strogatz_24.pkl,reactive,10,10,10,-77.60000000000007,734.0,344.0,390.0,0.01050168967103616,0.3138138138138138,337.0,64144.0,20.158886432647705,300,1500,0.0334448160535117,10.0,0.8996469021204838,13,1.3,0.0459777777777776,0.5136719391719392,0.5061302400704794,-0.0423837205810959,8,6,3.627090301003344,,,4,0.6265144444444444,watts_strogatz
watts_strogatz_25.pkl,affinity,4,4,4,-90.1000000000001,658.0,279.0,379.0,0.010550688966579538,0.3373015873015873,385.0,27189.0,9.731696367263794,300,1500,0.0334448160535117,10.0,0.9396505434536336,13,1.3,0.04864,0.4915757205757205,0.4861355633802817,0.0330826058576308,8,6,3.563366778149387,,,4,0.6273097777777777,watts_strogatz
watts_strogatz_25.pkl,affinity_periodic,47,7,47,-55.80000000000001,538.0,282.0,256.0,0.004936501591266116,0.1778846153846154,402.0,71816.0,25.57253074645996,300,1500,0.0334448160535117,10.0,0.9396505434536336,13,1.3,0.04864,0.4915757205757205,0.4861355633802817,0.0330826058576308,8,6,3.563366778149387,,,4,0.6273097777777777,watts_strogatz
watts_strogatz_25.pkl,affinity_reactive,4,4,4,-90.1000000000001,658.0,279.0,379.0,0.010550688966579538,0.3373015873015873,385.0,67669.0,24.106846809387207,300,1500,0.0334448160535117,10.0,0.9396505434536336,13,1.3,0.04864,0.4915757205757205,0.4861355633802817,0.0330826058576308,8,6,3.563366778149387,,,4,0.6273097777777777,watts_strogatz
watts_strogatz_25.pkl,baseline,3,3,3,-74.4000000000001,729.0,402.0,327.0,0.009051091094434747,0.2857142857142857,289.0,16296.0,5.477587699890137,300,1500,0.0334448160535117,10.0,0.9396505434536336,13,1.3,0.04864,0.4915757205757205,0.4861355633802817,0.0330826058576308,8,6,3.563366778149387,,,4,0.6273097777777777,watts_strogatz
watts_strogatz_25.pkl,periodic,6,5,6,-51.500000000000085,567.0,332.0,235.0,0.003964799285320441,0.14673561732385262,308.0,71999.0,22.395423412323,300,1500,0.0334448160535117,10.0,0.9396505434536336,13,1.3,0.04864,0.4915757205757205,0.4861355633802817,0.0330826058576308,8,6,3.563366778149387,,,4,0.6273097777777777,watts_strogatz
watts_strogatz_25.pkl,reactive,11,11,11,-80.30000000000007,729.0,318.0,411.0,0.009919664952195281,0.2857142857142857,327.0,64277.0,20.233295679092407,300,1500,0.0334448160535117,10.0,0.9396505434536336,13,1.3,0.04864,0.4915757205757205,0.4861355633802817,0.0330826058576308,8,6,3.563366778149387,,,4,0.6273097777777777,watts_strogatz
watts_strogatz_26.pkl,affinity,6,6,6,-73.8000000000001,738.0,388.0,350.0,0.011437220184079779,0.3508005822416303,376.0,26785.0,10.413792848587036,300,1500,0.0334448160535117,10.0,0.9848348417637546,13,1.3,0.0525133333333331,0.5053004588004588,0.495346280688897,-0.0275156031453131,8,6,3.571772575250836,,,5,0.606117111111111,watts_strogatz
watts_strogatz_26.pkl,affinity_periodic,22,7,22,-45.80000000000004,547.0,342.0,205.0,0.00500644278870516,0.19053627760252365,396.0,72187.0,26.960949420928955,300,1500,0.0334448160535117,10.0,0.9848348417637546,13,1.3,0.0525133333333331,0.5053004588004588,0.495346280688897,-0.0275156031453131,8,6,3.571772575250836,,,5,0.606117111111111,watts_strogatz
watts_strogatz_26.pkl,affinity_reactive,13,11,13,-73.8000000000001,738.0,330.0,408.0,0.01204626949585222,0.3508005822416303,400.0,67127.0,24.39304900169373,300,1500,0.0334448160535117,10.0,0.9848348417637546,13,1.3,0.0525133333333331,0.5053004588004588,0.495346280688897,-0.0275156031453131,8,6,3.571772575250836,,,5,0.606117111111111,watts_strogatz
watts_strogatz_26.pkl,baseline,6,6,6,-94.60000000000002,754.0,318.0,436.0,0.010101190805851718,0.28923076923076924,317.0,33144.0,10.47288966178894,300,1500,0.0334448160535117,10.0,0.9848348417637546,13,1.3,0.0525133333333331,0.5053004588004588,0.495346280688897,-0.0275156031453131,8,6,3.571772575250836,,,5,0.606117111111111,watts_strogatz
watts_strogatz_26.pkl,periodic,26,15,26,-57.5000000000001,605.0,292.0,313.0,0.004550425057695778,0.1558861578266494,353.0,72281.0,23.02640414237976,300,1500,0.0334448160535117,10.0,0.9848348417637546,13,1.3,0.0525133333333331,0.5053004588004588,0.495346280688897,-0.0275156031453131,8,6,3.571772575250836,,,5,0.606117111111111,watts_strogatz
watts_strogatz_26.pkl,reactive,21,9,21,-94.60000000000002,754.0,299.0,455.0,0.010232108631232443,0.28923076923076924,323.0,65241.0,20.49916076660156,300,1500,0.0334448160535117,10.0,0.9848348417637546,13,1.3,0.0525133333333331,0.5053004588004588,0.495346280688897,-0.0275156031453131,8,6,3.571772575250836,,,5,0.606117111111111,watts_strogatz
watts_strogatz_27.pkl,affinity,6,6,6,-70.40000000000006,680.0,372.0,308.0,0.01101303921191328,0.38427947598253276,375.0,26913.0,10.388370037078856,300,1500,0.0334448160535117,10.0,0.9502684007399256,14,1.4,0.0495377777777776,0.4873250823250823,0.4794279427942794,-0.0322769309500216,8,6,3.5067558528428093,,,4,0.5682953333333334,watts_strogatz
watts_strogatz_27.pkl,affinity_periodic,17,10,45,-52.200000000000024,558.0,320.0,238.0,0.0052671224332823475,0.19410634208840488,409.0,72125.0,26.470064878463745,300,1500,0.0334448160535117,10.0,0.9502684007399256,14,1.4,0.0495377777777776,0.4873250823250823,0.4794279427942794,-0.0322769309500216,8,6,3.5067558528428093,,,4,0.5682953333333334,watts_strogatz
watts_strogatz_27.pkl,affinity_reactive,35,8,35,-70.40000000000006,680.0,368.0,312.0,0.010898145137466,0.38427947598253276,379.0,67790.0,25.236735820770264,300,1500,0.0334448160535117,10.0,0.9502684007399256,14,1.4,0.0495377777777776,0.4873250823250823,0.4794279427942794,-0.0322769309500216,8,6,3.5067558528428093,,,4,0.5682953333333334,watts_strogatz
watts_strogatz_27.pkl,baseline,2,2,2,-53.30000000000007,728.0,479.0,249.0,0.008881804955747424,0.308259587020649,290.0,16149.0,5.265485525131226,300,1500,0.0334448160535117,10.0,0.9502684007399256,14,1.4,0.0495377777777776,0.4873250823250823,0.4794279427942794,-0.0322769309500216,8,6,3.5067558528428093,,,4,0.5682953333333334,watts_strogatz
watts_strogatz_27.pkl,periodic,4,4,4,-59.00000000000009,622.0,356.0,266.0,0.004238214148166387,0.1572962728995578,336.0,78823.0,25.206544876098636,300,1500,0.0334448160535117,10.0,0.9502684007399256,14,1.4,0.0495377777777776,0.4873250823250823,0.4794279427942794,-0.0322769309500216,8,6,3.5067558528428093,,,4,0.5682953333333334,watts_strogatz
watts_strogatz_27.pkl,reactive,12,12,12,-61.40000000000011,728.0,337.0,391.0,0.01063726282207768,0.308259587020649,354.0,64328.0,20.181426286697388,300,1500,0.0334448160535117,10.0,0.9502684007399256,14,1.4,0.0495377777777776,0.4873250823250823,0.4794279427942794,-0.0322769309500216,8,6,3.5067558528428093,,,4,0.5682953333333334,watts_strogatz
watts_strogatz_28.pkl,affinity,4,4,4,-85.80000000000008,703.0,331.0,372.0,0.010902083437784836,0.3795093795093795,382.0,26894.0,9.925947666168211,300,1500,0.0334448160535117,10.0,0.9432031101641954,13,1.3,0.0497977777777776,0.5051110556110556,0.4977627814860999,-0.0247639971786747,8,6,3.585685618729097,,,4,0.5934326666666667,watts_strogatz
watts_strogatz_28.pkl,affinity_periodic,5,5,6,-50.70000000000009,553.0,327.0,226.0,0.005306811813864127,0.19822109275730623,420.0,78461.0,28.836838960647583,300,1500,0.0334448160535117,10.0,0.9432031101641954,13,1.3,0.0497977777777776,0.5051110556110556,0.4977627814860999,-0.0247639971786747,8,6,3.585685618729097,,,4,0.5934326666666667,watts_strogatz
watts_strogatz_28.pkl,affinity_reactive,23,9,23,-86.6000000000001,703.0,317.0,386.0,0.01105055293498908,0.3795093795093795,393.0,73388.0,26.710318326950077,300,1500,0.0334448160535117,10.0,0.9432031101641954,13,1.3,0.0497977777777776,0.5051110556110556,0.4977627814860999,-0.0247639971786747,8,6,3.585685618729097,,,4,0.5934326666666667,watts_strogatz
watts_strogatz_28.pkl,baseline,3,3,3,-66.30000000000004,647.0,339.0,308.0,0.008717270717316396,0.32409972299168976,309.0,16299.0,5.32009220123291,300,1500,0.0334448160535117,10.0,0.9432031101641954,13,1.3,0.0497977777777776,0.5051110556110556,0.4977627814860999,-0.0247639971786747,8,6,3.585685618729097,,,4,0.5934326666666667,watts_strogatz
watts_strogatz_28.pkl,periodic,38,3,38,-55.400000000000055,545.0,287.0,258.0,0.004238060315287948,0.17096165933375235,337.0,61343.0,19.14342451095581,300,1500,0.0334448160535117,10.0,0.9432031101641954,13,1.3,0.0497977777777776,0.5051110556110556,0.4977627814860999,-0.0247639971786747,8,6,3.585685618729097,,,4,0.5934326666666667,watts_strogatz
watts_strogatz_28.pkl,reactive,22,10,22,-71.40000000000006,647.0,308.0,339.0,0.00863114002945222,0.32409972299168976,324.0,59570.0,18.567891836166385,300,1500,0.0334448160535117,10.0,0.9432031101641954,13,1.3,0.0497977777777776,0.5051110556110556,0.4977627814860999,-0.0247639971786747,8,6,3.585685618729097,,,4,0.5934326666666667,watts_strogatz
watts_strogatz_29.pkl,affinity,3,3,3,-54.40000000000008,629.0,379.0,250.0,0.009922344085975171,0.3643835616438356,345.0,16279.0,6.459510326385498,300,1500,0.0334448160535117,10.0,0.9814329841314368,13,1.3,0.0510022222222221,0.4902229807229807,0.4826297273526825,-0.0237677930842397,8,6,3.5341360089186176,,,4,0.628586,watts_strogatz
watts_strogatz_29.pkl,affinity_periodic,49,12,49,-30.400000000000038,483.0,312.0,171.0,0.0048243490616713585,0.19240348692403486,390.0,79524.0,29.379414796829224,300,1500,0.0334448160535117,10.0,0.9814329841314368,13,1.3,0.0510022222222221,0.4902229807229807,0.4826297273526825,-0.0237677930842397,8,6,3.5341360089186176,,,4,0.628586,watts_strogatz
watts_strogatz_29.pkl,affinity_reactive,41,18,41,-64.50000000000006,629.0,278.0,351.0,0.011181774885113344,0.3643835616438356,390.0,60994.0,22.25535678863525,300,1500,0.0334448160535117,10.0,0.9814329841314368,13,1.3,0.0510022222222221,0.4902229807229807,0.4826297273526825,-0.0237677930842397,8,6,3.5341360089186176,,,4,0.628586,watts_strogatz
watts_strogatz_29.pkl,baseline,3,3,3,-78.90000000000006,686.0,331.0,355.0,0.008914291691327845,0.3149717514124294,312.0,26872.0,8.486670017242432,300,1500,0.0334448160535117,10.0,0.9814329841314368,13,1.3,0.0510022222222221,0.4902229807229807,0.4826297273526825,-0.0237677930842397,8,6,3.5341360089186176,,,4,0.628586,watts_strogatz
watts_strogatz_29.pkl,periodic,49,14,49,-50.90000000000004,509.0,252.0,257.0,0.004426249938366598,0.17096165933375235,352.0,72860.0,22.56445026397705,300,1500,0.0334448160535117,10.0,0.9814329841314368,13,1.3,0.0510022222222221,0.4902229807229807,0.4826297273526825,-0.0237677930842397,8,6,3.5341360089186176,,,4,0.628586,watts_strogatz
watts_strogatz_29.pkl,reactive,48,9,48,-85.50000000000006,686.0,283.0,403.0,0.009221977199023536,0.3149717514124294,334.0,74980.0,23.50126886367798,300,1500,0.0334448160535117,10.0,0.9814329841314368,13,1.3,0.0510022222222221,0.4902229807229807,0.4826297273526825,-0.0237677930842397,8,6,3.5341360089186176,,,4,0.628586,watts_strogatz
watts_strogatz_3.pkl,affinity,3,3,3,-77.60000000000002,657.0,333.0,324.0,0.010450872746848496,0.37746478873239436,363.0,26875.0,10.025031566619871,300,1500,0.0334448160535117,10.0,0.9607689228305228,13,1.3,0.05108,0.4828105228105228,0.4760228772547294,0.0217810054452566,8,6,3.500914158305463,,,4,0.6230484444444444,watts_strogatz
watts_strogatz_3.pkl,affinity_periodic,24,9,25,-38.40000000000006,518.0,332.0,186.0,0.005154771942956513,0.19640644361833953,414.0,77791.0,28.69403195381165,300,1500,0.0334448160535117,10.0,0.9607689228305228,13,1.3,0.05108,0.4828105228105228,0.4760228772547294,0.0217810054452566,8,6,3.500914158305463,,,4,0.6230484444444444,watts_strogatz
watts_strogatz_3.pkl,affinity_reactive,7,7,7,-78.4000000000001,657.0,303.0,354.0,0.010680750906300171,0.37746478873239436,375.0,73630.0,26.68216204643249,300,1500,0.0334448160535117,10.0,0.9607689228305228,13,1.3,0.05108,0.4828105228105228,0.4760228772547294,0.0217810054452566,8,6,3.500914158305463,,,4,0.6230484444444444,watts_strogatz
watts_strogatz_3.pkl,baseline,9,9,9,-73.40000000000009,748.0,333.0,415.0,0.010326526209144246,0.30174927113702626,337.0,32694.0,10.299015522003174,300,1500,0.0334448160535117,10.0,0.9607689228305228,13,1.3,0.05108,0.4828105228105228,0.4760228772547294,0.0217810054452566,8,6,3.500914158305463,,,4,0.6230484444444444,watts_strogatz
watts_strogatz_3.pkl,periodic,4,4,4,-72.30000000000008,595.0,291.0,304.0,0.004346593081397628,0.15789473684210525,347.0,89129.0,27.479128122329712,300,1500,0.0334448160535117,10.0,0.9607689228305228,13,1.3,0.05108,0.4828105228105228,0.4760228772547294,0.0217810054452566,8,6,3.500914158305463,,,4,0.6230484444444444,watts_strogatz
watts_strogatz_3.pkl,reactive,9,9,9,-73.40000000000009,748.0,333.0,415.0,0.010311525151692657,0.30174927113702626,337.0,69612.0,21.86235761642456,300,1500,0.0334448160535117,10.0,0.9607689228305228,13,1.3,0.05108,0.4828105228105228,0.4760228772547294,0.0217810054452566,8,6,3.500914158305463,,,4,0.6230484444444444,watts_strogatz
watts_strogatz_4.pkl,affinity,6,6,6,-74.30000000000007,728.0,368.0,360.0,0.011019545658154986,0.3560606060606061,359.0,26623.0,10.093746185302734,300,1500,0.0334448160535117,10.0,0.9916035457647598,13,1.3,0.0516133333333332,0.4908895733895734,0.4816443174324027,-0.001629425556393,7,6,3.537458193979933,,,4,0.594782,watts_strogatz
watts_strogatz_4.pkl,affinity_periodic,14,7,14,-52.70000000000007,581.0,350.0,231.0,0.004996719600673135,0.1840255591054313,389.0,72229.0,26.866256952285767,300,1500,0.0334448160535117,10.0,0.9916035457647598,13,1.3,0.0516133333333332,0.4908895733895734,0.4816443174324027,-0.001629425556393,7,6,3.537458193979933,,,4,0.594782,watts_strogatz
watts_strogatz_4.pkl,affinity_reactive,31,12,31,-74.30000000000007,728.0,357.0,371.0,0.011237393675878803,0.3560606060606061,372.0,65474.0,24.74609398841858,300,1500,0.0334448160535117,10.0,0.9916035457647598,13,1.3,0.0516133333333332,0.4908895733895734,0.4816443174324027,-0.001629425556393,7,6,3.537458193979933,,,4,0.594782,watts_strogatz
watts_strogatz_4.pkl,baseline,4,4,4,-85.0000000000001,722.0,341.0,381.0,0.009461272363488291,0.32075471698113206,299.0,43664.0,13.776054859161375,300,1500,0.0334448160535117,10.0,0.9916035457647598,13,1.3,0.0516133333333332,0.4908895733895734,0.4816443174324027,-0.001629425556393,7,6,3.537458193979933,,,4,0.594782,watts_strogatz
watts_strogatz_4.pkl,periodic,3,3,3,-55.300000000000026,568.0,313.0,255.0,0.004273285317246637,0.16333118140735958,334.0,71806.0,22.71946930885315,300,1500,0.0334448160535117,10.0,0.9916035457647598,13,1.3,0.0516133333333332,0.4908895733895734,0.4816443174324027,-0.001629425556393,7,6,3.537458193979933,,,4,0.594782,watts_strogatz
watts_strogatz_4.pkl,reactive,4,4,4,-85.5000000000001,722.0,341.0,381.0,0.009352030284743679,0.32075471698113206,299.0,75391.0,23.90686559677124,300,1500,0.0334448160535117,10.0,0.9916035457647598,13,1.3,0.0516133333333332,0.4908895733895734,0.4816443174324027,-0.001629425556393,7,6,3.537458193979933,,,4,0.594782,watts_strogatz
watts_strogatz_5.pkl,affinity,6,6,6,-86.20000000000006,785.0,389.0,396.0,0.012457371819288344,0.4036697247706422,402.0,16408.0,6.430920600891113,300,1500,0.0334448160535117,10.0,1.0050042013922398,13,1.3,0.0537911111111111,0.4686828911828912,0.4606255951944912,-0.0195372491211708,8,6,3.436454849498328,,,3,0.5646064444444445,watts_strogatz
watts_strogatz_5.pkl,affinity_periodic,20,8,20,-64.70000000000005,578.0,302.0,276.0,0.005934051266921144,0.21456436931079323,457.0,68262.0,25.19636631011963,300,1500,0.0334448160535117,10.0,1.0050042013922398,13,1.3,0.0537911111111111,0.4686828911828912,0.4606255951944912,-0.0195372491211708,8,6,3.436454849498328,,,3,0.5646064444444445,watts_strogatz
watts_strogatz_5.pkl,affinity_reactive,18,14,18,-86.20000000000006,785.0,299.0,486.0,0.013350200050236467,0.4036697247706422,442.0,62473.0,22.99959683418274,300,1500,0.0334448160535117,10.0,1.0050042013922398,13,1.3,0.0537911111111111,0.4686828911828912,0.4606255951944912,-0.0195372491211708,8,6,3.436454849498328,,,3,0.5646064444444445,watts_strogatz
watts_strogatz_5.pkl,baseline,3,3,3,-87.30000000000013,791.0,404.0,387.0,0.009487637833551355,0.31751227495908346,309.0,27083.0,8.850194692611694,300,1500,0.0334448160535117,10.0,1.0050042013922398,13,1.3,0.0537911111111111,0.4686828911828912,0.4606255951944912,-0.0195372491211708,8,6,3.436454849498328,,,3,0.5646064444444445,watts_strogatz
watts_strogatz_5.pkl,periodic,38,17,38,-54.30000000000009,618.0,332.0,286.0,0.004728261348278633,0.1646981627296588,356.0,69658.0,22.58306670188904,300,1500,0.0334448160535117,10.0,1.0050042013922398,13,1.3,0.0537911111111111,0.4686828911828912,0.4606255951944912,-0.0195372491211708,8,6,3.436454849498328,,,3,0.5646064444444445,watts_strogatz
watts_strogatz_5.pkl,reactive,6,6,6,-87.50000000000004,791.0,376.0,415.0,0.00976413116493145,0.31751227495908346,321.0,83941.0,26.953166484832764,300,1500,0.0334448160535117,10.0,1.0050042013922398,13,1.3,0.0537911111111111,0.4686828911828912,0.4606255951944912,-0.0195372491211708,8,6,3.436454849498328,,,3,0.5646064444444445,watts_strogatz
watts_strogatz_6.pkl,affinity,4,4,4,-91.70000000000014,741.0,359.0,382.0,0.011639832970039286,0.37362637362637363,415.0,27170.0,10.207269430160522,300,1500,0.0334448160535117,10.0,1.0149385865401712,15,1.5,0.0527222222222221,0.5001117586117586,0.4901860260729456,0.0208320082484252,8,6,3.531438127090301,,,4,0.6049297777777778,watts_strogatz
watts_strogatz_6.pkl,affinity_periodic,30,9,33,-54.400000000000055,596.0,315.0,281.0,0.00561482681539848,0.20354523227383864,455.0,62727.0,22.83327388763428,300,1500,0.0334448160535117,10.0,1.0149385865401712,15,1.5,0.0527222222222221,0.5001117586117586,0.4901860260729456,0.0208320082484252,8,6,3.531438127090301,,,4,0.6049297777777778,watts_strogatz
watts_strogatz_6.pkl,affinity_reactive,4,4,40,-91.70000000000014,741.0,359.0,382.0,0.011653731510692515,0.37362637362637363,416.0,67655.0,25.520670413970947,300,1500,0.0334448160535117,10.0,1.0149385865401712,15,1.5,0.0527222222222221,0.5001117586117586,0.4901860260729456,0.0208320082484252,8,6,3.531438127090301,,,4,0.6049297777777778,watts_strogatz
watts_strogatz_6.pkl,baseline,4,4,4,-74.40000000000003,668.0,360.0,308.0,0.009113432096663545,0.3104895104895105,312.0,26840.0,8.690751075744629,300,1500,0.0334448160535117,10.0,1.0149385865401712,15,1.5,0.0527222222222221,0.5001117586117586,0.4901860260729456,0.0208320082484252,8,6,3.531438127090301,,,4,0.6049297777777778,watts_strogatz
watts_strogatz_6.pkl,periodic,34,9,34,-44.600000000000016,551.0,329.0,222.0,0.004322816085722239,0.16150990099009901,344.0,61752.0,19.41092872619629,300,1500,0.0334448160535117,10.0,1.0149385865401712,15,1.5,0.0527222222222221,0.5001117586117586,0.4901860260729456,0.0208320082484252,8,6,3.531438127090301,,,4,0.6049297777777778,watts_strogatz
watts_strogatz_6.pkl,reactive,19,7,19,-74.40000000000003,668.0,356.0,312.0,0.00915262146278427,0.3104895104895105,315.0,72218.0,22.84512686729431,300,1500,0.0334448160535117,10.0,1.0149385865401712,15,1.5,0.0527222222222221,0.5001117586117586,0.4901860260729456,0.0208320082484252,8,6,3.531438127090301,,,4,0.6049297777777778,watts_strogatz
watts_strogatz_7.pkl,affinity,4,4,4,-83.0000000000001,739.0,393.0,346.0,0.011204220921144835,0.37410071942446044,370.0,16449.0,6.50678825378418,300,1500,0.0334448160535117,10.0,1.028035109950516,13,1.3,0.0545577777777777,0.4812754282754283,0.4718113925904232,-0.0210746466121295,8,6,3.491772575250836,,,4,0.622268,watts_strogatz
watts_strogatz_7.pkl,affinity_periodic,17,6,17,-57.40000000000004,567.0,319.0,248.0,0.0052672716348369985,0.19785759294265912,416.0,72213.0,26.560582637786865,300,1500,0.0334448160535117,10.0,1.028035109950516,13,1.3,0.0545577777777777,0.4812754282754283,0.4718113925904232,-0.0210746466121295,8,6,3.491772575250836,,,4,0.622268,watts_strogatz
watts_strogatz_7.pkl,affinity_reactive,40,13,40,-84.20000000000012,739.0,319.0,420.0,0.012095245181023055,0.37410071942446044,406.0,64646.0,24.060919523239136,300,1500,0.0334448160535117,10.0,1.028035109950516,13,1.3,0.0545577777777777,0.4812754282754283,0.4718113925904232,-0.0210746466121295,8,6,3.491772575250836,,,4,0.622268,watts_strogatz
watts_strogatz_7.pkl,baseline,5,5,5,-81.50000000000004,710.0,338.0,372.0,0.009793777437150885,0.3230088495575221,329.0,33987.0,10.721548080444336,300,1500,0.0334448160535117,10.0,1.028035109950516,13,1.3,0.0545577777777777,0.4812754282754283,0.4718113925904232,-0.0210746466121295,8,6,3.491772575250836,,,4,0.622268,watts_strogatz
watts_strogatz_7.pkl,periodic,3,3,3,-54.100000000000065,559.0,318.0,241.0,0.004262938025903499,0.1670886075949367,340.0,79236.0,24.896145582199097,300,1500,0.0334448160535117,10.0,1.028035109950516,13,1.3,0.0545577777777777,0.4812754282754283,0.4718113925904232,-0.0210746466121295,8,6,3.491772575250836,,,4,0.622268,watts_strogatz
watts_strogatz_7.pkl,reactive,12,8,12,-81.50000000000004,710.0,328.0,382.0,0.009930754561878514,0.3230088495575221,337.0,81818.0,25.87344193458557,300,1500,0.0334448160535117,10.0,1.028035109950516,13,1.3,0.0545577777777777,0.4812754282754283,0.4718113925904232,-0.0210746466121295,8,6,3.491772575250836,,,4,0.622268,watts_strogatz
watts_strogatz_8.pkl,affinity,2,2,3,-61.10000000000013,737.0,459.0,278.0,0.010584373631312656,0.38088445078459343,364.0,16258.0,6.723448991775513,300,1500,0.0334448160535117,10.0,1.053739955101157,13,1.3,0.056682222222222,0.4927942982942983,0.4814137274989024,0.013175528052623,7,6,3.487402452619844,,,4,0.5972655555555556,watts_strogatz
watts_strogatz_8.pkl,affinity_periodic,27,17,27,-59.80000000000005,608.0,298.0,310.0,0.005912692371884638,0.19811320754716982,465.0,69790.0,25.55363392829895,300,1500,0.0334448160535117,10.0,1.053739955101157,13,1.3,0.056682222222222,0.4927942982942983,0.4814137274989024,0.013175528052623,7,6,3.487402452619844,,,4,0.5972655555555556,watts_strogatz
watts_strogatz_8.pkl,affinity_reactive,25,19,25,-66.69999999999999,737.0,358.0,379.0,0.012168678242804053,0.38088445078459343,427.0,60105.0,22.76523208618164,300,1500,0.0334448160535117,10.0,1.053739955101157,13,1.3,0.056682222222222,0.4927942982942983,0.4814137274989024,0.013175528052623,7,6,3.487402452619844,,,4,0.5972655555555556,watts_strogatz
watts_strogatz_8.pkl,baseline,5,5,5,-66.80000000000005,658.0,368.0,290.0,0.008616906794984013,0.3149931224209078,306.0,17101.0,5.524378299713135,300,1500,0.0334448160535117,10.0,1.053739955101157,13,1.3,0.056682222222222,0.4927942982942983,0.4814137274989024,0.013175528052623,7,6,3.487402452619844,,,4,0.5972655555555556,watts_strogatz
watts_strogatz_8.pkl,periodic,3,3,3,-48.30000000000003,556.0,329.0,227.0,0.004034510245652193,0.15958102279728897,328.0,89155.0,27.872049570083615,300,1500,0.0334448160535117,10.0,1.053739955101157,13,1.3,0.056682222222222,0.4927942982942983,0.4814137274989024,0.013175528052623,7,6,3.487402452619844,,,4,0.5972655555555556,watts_strogatz
watts_strogatz_8.pkl,reactive,24,13,24,-66.80000000000005,658.0,309.0,349.0,0.00922218202531704,0.3149931224209078,329.0,73218.0,22.95142197608948,300,1500,0.0334448160535117,10.0,1.053739955101157,13,1.3,0.056682222222222,0.4927942982942983,0.4814137274989024,0.013175528052623,7,6,3.487402452619844,,,4,0.5972655555555556,watts_strogatz
watts_strogatz_9.pkl,affinity,4,4,4,-90.9000000000001,763.0,344.0,419.0,0.010945400593004995,0.3590844062947067,389.0,27081.0,10.10701823234558,300,1500,0.0334448160535117,10.0,0.9949706303122452,13,1.3,0.0531044444444444,0.4702548932548932,0.4618259085580304,-0.0049742737054646,8,6,3.4601114827201784,,,4,0.618584,watts_strogatz
watts_strogatz_9.pkl,affinity_periodic,17,3,32,-61.90000000000004,594.0,308.0,286.0,0.005301666145843633,0.19823788546255505,425.0,61565.0,22.393467664718628,300,1500,0.0334448160535117,10.0,0.9949706303122452,13,1.3,0.0531044444444444,0.4702548932548932,0.4618259085580304,-0.0049742737054646,8,6,3.4601114827201784,,,4,0.618584,watts_strogatz
watts_strogatz_9.pkl,affinity_reactive,20,13,20,-90.9000000000001,763.0,305.0,458.0,0.011677293350700939,0.3590844062947067,414.0,54836.0,20.336488246917725,300,1500,0.0334448160535117,10.0,0.9949706303122452,13,1.3,0.0531044444444444,0.4702548932548932,0.4618259085580304,-0.0049742737054646,8,6,3.4601114827201784,,,4,0.618584,watts_strogatz
watts_strogatz_9.pkl,baseline,2,2,2,-53.10000000000006,744.0,491.0,253.0,0.00837329987414284,0.2976878612716763,286.0,16179.0,5.4131224155426025,300,1500,0.0334448160535117,10.0,0.9949706303122452,13,1.3,0.0531044444444444,0.4702548932548932,0.4618259085580304,-0.0049742737054646,8,6,3.4601114827201784,,,4,0.618584,watts_strogatz
watts_strogatz_9.pkl,periodic,7,7,7,-60.00000000000007,584.0,299.0,285.0,0.004377445095712223,0.15994962216624686,349.0,87576.0,27.113492488861084,300,1500,0.0334448160535117,10.0,0.9949706303122452,13,1.3,0.0531044444444444,0.4702548932548932,0.4618259085580304,-0.0049742737054646,8,6,3.4601114827201784,,,4,0.618584,watts_strogatz
watts_strogatz_9.pkl,reactive,20,16,20,-73.60000000000014,744.0,323.0,421.0,0.00972611790672316,0.2976878612716763,342.0,64458.0,20.36401081085205,300,1500,0.0334448160535117,10.0,0.9949706303122452,13,1.3,0.0531044444444444,0.4702548932548932,0.4618259085580304,-0.0049742737054646,8,6,3.4601114827201784,,,4,0.618584,watts_strogatz
