graph,configuration,early_acceptance_mean,early_acceptance_std,early_edgecut_slope,early_cost_slope,edgecut_after5,cost_after5,plateau_iteration,runtime,final_edge_cut,nodes,edges,density,avg_degree,degree_std,max_degree,hub_ratio,degree_gini,clustering,transitivity,assortativity,core_number,diameter,avg_path,spectral_radius,algebraic_connectivity,communities,modularity,family,landscape_index_affinity_modified,landscape_index_baseline,mean_gain_affinity_modified,mean_gain_baseline,p_improve_affinity_modified,p_improve_baseline,p_worsen_affinity_modified,p_worsen_baseline,smoothness_affinity_modified,smoothness_baseline,std_gain_affinity_modified,std_gain_baseline,success_ratio_affinity_modified,success_ratio_baseline,best_policy
barabasi_albert_0.pkl,affinity,0.08376912847287091,0.09933206877793335,-21.70000000000006,-2.352532735062992,779.0,63.45838615453396,5,8.79434871673584,777,300,1475,0.0328874024526198,9.833333333333334,8.345320252850156,65,6.610169491525423,0.3309107344632767,0.083955261700934,0.0733330489313595,-0.0559500535540142,5,4,2.6130657748049053,,,7,0.2591413961505315,barabasi_albert,0.3946014868270049,0.1853216781441072,-0.0118450957652541,0.2,0.4833333333333333,0.4833333333333333,0.5,0.35,0.8028099214764473,0.3195201347316028,0.2456248649255613,2.129693222118853,0.4915254237283137,0.579999999999304,affinity_reactive
barabasi_albert_0.pkl,affinity_periodic,0.03801209675080083,0.04967360683505353,-18.30000000000017,-1.9302187319438056,764.0,62.4120634535619,25,31.25213313102722,754,300,1475,0.0328874024526198,9.833333333333334,8.345320252850156,65,6.610169491525423,0.3309107344632767,0.083955261700934,0.0733330489313595,-0.0559500535540142,5,4,2.6130657748049053,,,7,0.2591413961505315,barabasi_albert,0.3946014868270049,0.1853216781441072,-0.0118450957652541,0.2,0.4833333333333333,0.4833333333333333,0.5,0.35,0.8028099214764473,0.3195201347316028,0.2456248649255613,2.129693222118853,0.4915254237283137,0.579999999999304,affinity_reactive
barabasi_albert_0.pkl,affinity_reactive,0.08376912847287091,0.09933206877793335,-21.70000000000006,-2.352532735062992,779.0,63.45838615453396,37,29.168769121170044,745,300,1475,0.0328874024526198,9.833333333333334,8.345320252850156,65,6.610169491525423,0.3309107344632767,0.083955261700934,0.0733330489313595,-0.0559500535540142,5,4,2.6130657748049053,,,7,0.2591413961505315,barabasi_albert,0.3946014868270049,0.1853216781441072,-0.0118450957652541,0.2,0.4833333333333333,0.4833333333333333,0.5,0.35,0.8028099214764473,0.3195201347316028,0.2456248649255613,2.129693222118853,0.4915254237283137,0.579999999999304,affinity_reactive
barabasi_albert_0.pkl,baseline,0.059036885879162546,0.08869976856970617,-9.800000000000137,-9.800000000000137,809.0,809.0,5,6.29309868812561,800,300,1475,0.0328874024526198,9.833333333333334,8.345320252850156,65,6.610169491525423,0.3309107344632767,0.083955261700934,0.0733330489313595,-0.0559500535540142,5,4,2.6130657748049053,,,7,0.2591413961505315,barabasi_albert,0.3946014868270049,0.1853216781441072,-0.0118450957652541,0.2,0.4833333333333333,0.4833333333333333,0.5,0.35,0.8028099214764473,0.3195201347316028,0.2456248649255613,2.129693222118853,0.4915254237283137,0.579999999999304,affinity_reactive
barabasi_albert_0.pkl,periodic,0.02555430260812432,0.044297489258645475,-8.900000000000041,-8.900000000000041,789.0,789.0,35,22.845388889312744,748,300,1475,0.0328874024526198,9.833333333333334,8.345320252850156,65,6.610169491525423,0.3309107344632767,0.083955261700934,0.0733330489313595,-0.0559500535540142,5,4,2.6130657748049053,,,7,0.2591413961505315,barabasi_albert,0.3946014868270049,0.1853216781441072,-0.0118450957652541,0.2,0.4833333333333333,0.4833333333333333,0.5,0.35,0.8028099214764473,0.3195201347316028,0.2456248649255613,2.129693222118853,0.4915254237283137,0.579999999999304,affinity_reactive
barabasi_albert_0.pkl,reactive,0.05780814614019131,0.0895093459875437,-10.799999999999995,-10.799999999999995,804.0,804.0,47,22.354113578796387,751,300,1475,0.0328874024526198,9.833333333333334,8.345320252850156,65,6.610169491525423,0.3309107344632767,0.083955261700934,0.0733330489313595,-0.0559500535540142,5,4,2.6130657748049053,,,7,0.2591413961505315,barabasi_albert,0.3946014868270049,0.1853216781441072,-0.0118450957652541,0.2,0.4833333333333333,0.4833333333333333,0.5,0.35,0.8028099214764473,0.3195201347316028,0.2456248649255613,2.129693222118853,0.4915254237283137,0.579999999999304,affinity_reactive
barabasi_albert_1.pkl,affinity,0.08049191936219449,0.1058368369372922,-15.900000000000102,-1.8510984388245777,776.0,61.87864360547912,4,8.774183988571167,776,300,1475,0.0328874024526198,9.833333333333334,8.301522338262087,63,6.406779661016949,0.3426327683615817,0.0905944756741346,0.0722612720726898,-0.0854059077588313,5,4,2.614091415830546,,,7,0.2705900603274921,barabasi_albert,0.4630319339632888,0.1867978907140685,0.0022684079174832,0.1333333333333333,0.55,0.4333333333333333,0.4333333333333333,0.3666666666666666,0.8278449728442976,0.3448576443956346,0.2079556351767344,1.8997472326661249,0.5593220338977363,0.5416666666659896,reactive
barabasi_albert_1.pkl,affinity_periodic,0.03683169024504102,0.05357245204525807,-13.700000000000053,-1.5041855752793658,768.0,60.79436034400148,4,39.642457485198975,768,300,1475,0.0328874024526198,9.833333333333334,8.301522338262087,63,6.406779661016949,0.3426327683615817,0.0905944756741346,0.0722612720726898,-0.0854059077588313,5,4,2.614091415830546,,,7,0.2705900603274921,barabasi_albert,0.4630319339632888,0.1867978907140685,0.0022684079174832,0.1333333333333333,0.55,0.4333333333333333,0.4333333333333333,0.3666666666666666,0.8278449728442976,0.3448576443956346,0.2079556351767344,1.8997472326661249,0.5593220338977363,0.5416666666659896,reactive
barabasi_albert_1.pkl,affinity_reactive,0.08049191936219449,0.1058368369372922,-15.900000000000102,-1.8510984388245777,776.0,61.87864360547912,25,31.23802947998047,765,300,1475,0.0328874024526198,9.833333333333334,8.301522338262087,63,6.406779661016949,0.3426327683615817,0.0905944756741346,0.0722612720726898,-0.0854059077588313,5,4,2.614091415830546,,,7,0.2705900603274921,barabasi_albert,0.4630319339632888,0.1867978907140685,0.0022684079174832,0.1333333333333333,0.55,0.4333333333333333,0.4333333333333333,0.3666666666666666,0.8278449728442976,0.3448576443956346,0.2079556351767344,1.8997472326661249,0.5593220338977363,0.5416666666659896,reactive
barabasi_albert_1.pkl,baseline,0.050268687264817855,0.07986318595847695,-14.400000000000107,-14.400000000000107,781.0,781.0,3,10.077502965927124,781,300,1475,0.0328874024526198,9.833333333333334,8.301522338262087,63,6.406779661016949,0.3426327683615817,0.0905944756741346,0.0722612720726898,-0.0854059077588313,5,4,2.614091415830546,,,7,0.2705900603274921,barabasi_albert,0.4630319339632888,0.1867978907140685,0.0022684079174832,0.1333333333333333,0.55,0.4333333333333333,0.4333333333333333,0.3666666666666666,0.8278449728442976,0.3448576443956346,0.2079556351767344,1.8997472326661249,0.5593220338977363,0.5416666666659896,reactive
barabasi_albert_1.pkl,periodic,0.02431569230040536,0.03962276421397303,-12.30000000000007,-12.30000000000007,766.0,766.0,18,29.33009529113769,750,300,1475,0.0328874024526198,9.833333333333334,8.301522338262087,63,6.406779661016949,0.3426327683615817,0.0905944756741346,0.0722612720726898,-0.0854059077588313,5,4,2.614091415830546,,,7,0.2705900603274921,barabasi_albert,0.4630319339632888,0.1867978907140685,0.0022684079174832,0.1333333333333333,0.55,0.4333333333333333,0.4333333333333333,0.3666666666666666,0.8278449728442976,0.3448576443956346,0.2079556351767344,1.8997472326661249,0.5593220338977363,0.5416666666659896,reactive
barabasi_albert_1.pkl,reactive,0.05032839765205136,0.0795127024013233,-18.2,-18.2,767.0,767.0,47,22.07892727851868,746,300,1475,0.0328874024526198,9.833333333333334,8.301522338262087,63,6.406779661016949,0.3426327683615817,0.0905944756741346,0.0722612720726898,-0.0854059077588313,5,4,2.614091415830546,,,7,0.2705900603274921,barabasi_albert,0.4630319339632888,0.1867978907140685,0.0022684079174832,0.1333333333333333,0.55,0.4333333333333333,0.4333333333333333,0.3666666666666666,0.8278449728442976,0.3448576443956346,0.2079556351767344,1.8997472326661249,0.5593220338977363,0.5416666666659896,reactive
barabasi_albert_10.pkl,affinity,0.0933081443088248,0.11229323885061139,-20.20000000000004,-2.287336613707803,786.0,63.86385898084964,7,8.747862577438354,764,300,1475,0.0328874024526198,9.833333333333334,8.043707249143392,67,6.813559322033898,0.3386079096045198,0.0851307329623106,0.0695092943353008,-0.067735248163936,5,4,2.621917502787068,,,8,0.2714617638609595,barabasi_albert,0.4908693117674633,0.1989453894323029,0.0420662459692887,0.3666666666666666,0.5833333333333334,0.4333333333333333,0.4,0.3166666666666666,0.8274654112659938,0.344328558633291,0.2085097290895026,1.9042029042528448,0.5932203389824476,0.5777777777770075,affinity_periodic
barabasi_albert_10.pkl,affinity_periodic,0.04226958175596689,0.05995043068291947,-16.000000000000057,-1.9162445175254452,764.0,60.876099092032185,34,34.12733459472656,746,300,1475,0.0328874024526198,9.833333333333334,8.043707249143392,67,6.813559322033898,0.3386079096045198,0.0851307329623106,0.0695092943353008,-0.067735248163936,5,4,2.621917502787068,,,8,0.2714617638609595,barabasi_albert,0.4908693117674633,0.1989453894323029,0.0420662459692887,0.3666666666666666,0.5833333333333334,0.4333333333333333,0.4,0.3166666666666666,0.8274654112659938,0.344328558633291,0.2085097290895026,1.9042029042528448,0.5932203389824476,0.5777777777770075,affinity_periodic
barabasi_albert_10.pkl,affinity_reactive,0.0933081443088248,0.11229323885061139,-20.20000000000004,-2.287336613707803,786.0,63.86385898084964,13,26.386900424957275,748,300,1475,0.0328874024526198,9.833333333333334,8.043707249143392,67,6.813559322033898,0.3386079096045198,0.0851307329623106,0.0695092943353008,-0.067735248163936,5,4,2.621917502787068,,,8,0.2714617638609595,barabasi_albert,0.4908693117674633,0.1989453894323029,0.0420662459692887,0.3666666666666666,0.5833333333333334,0.4333333333333333,0.4,0.3166666666666666,0.8274654112659938,0.344328558633291,0.2085097290895026,1.9042029042528448,0.5932203389824476,0.5777777777770075,affinity_periodic
barabasi_albert_10.pkl,baseline,0.054837049055376084,0.08955070547983224,-10.300000000000072,-10.300000000000072,821.0,821.0,3,6.128880739212036,821,300,1475,0.0328874024526198,9.833333333333334,8.043707249143392,67,6.813559322033898,0.3386079096045198,0.0851307329623106,0.0695092943353008,-0.067735248163936,5,4,2.621917502787068,,,8,0.2714617638609595,barabasi_albert,0.4908693117674633,0.1989453894323029,0.0420662459692887,0.3666666666666666,0.5833333333333334,0.4333333333333333,0.4,0.3166666666666666,0.8274654112659938,0.344328558633291,0.2085097290895026,1.9042029042528448,0.5932203389824476,0.5777777777770075,affinity_periodic
barabasi_albert_10.pkl,periodic,0.02722486955311048,0.044157555681502876,-12.100000000000069,-12.100000000000069,778.0,778.0,31,23.155181884765625,763,300,1475,0.0328874024526198,9.833333333333334,8.043707249143392,67,6.813559322033898,0.3386079096045198,0.0851307329623106,0.0695092943353008,-0.067735248163936,5,4,2.621917502787068,,,8,0.2714617638609595,barabasi_albert,0.4908693117674633,0.1989453894323029,0.0420662459692887,0.3666666666666666,0.5833333333333334,0.4333333333333333,0.4,0.3166666666666666,0.8274654112659938,0.344328558633291,0.2085097290895026,1.9042029042528448,0.5932203389824476,0.5777777777770075,affinity_periodic
barabasi_albert_10.pkl,reactive,0.057519862112061095,0.08764223323529031,-15.500000000000046,-15.500000000000046,802.0,802.0,41,21.25539302825928,764,300,1475,0.0328874024526198,9.833333333333334,8.043707249143392,67,6.813559322033898,0.3386079096045198,0.0851307329623106,0.0695092943353008,-0.067735248163936,5,4,2.621917502787068,,,8,0.2714617638609595,barabasi_albert,0.4908693117674633,0.1989453894323029,0.0420662459692887,0.3666666666666666,0.5833333333333334,0.4333333333333333,0.4,0.3166666666666666,0.8274654112659938,0.344328558633291,0.2085097290895026,1.9042029042528448,0.5932203389824476,0.5777777777770075,affinity_periodic
barabasi_albert_11.pkl,affinity,0.08143016253803116,0.09831919069964457,-24.30000000000005,-2.563945991103648,771.0,60.95407438560268,7,13.395577430725098,766,300,1475,0.0328874024526198,9.833333333333334,8.524147613143366,59,6.0,0.3477649717514124,0.0977305386771299,0.0763435459568056,-0.076098866689616,5,4,2.60396878483835,,,7,0.2721080149382361,barabasi_albert,0.3212805726263829,0.1957281795931801,-0.0395068478848664,-0.0833333333333333,0.3833333333333333,0.35,0.6166666666666667,0.35,0.8381232329392283,0.3914563591869194,0.1931419637337619,1.5545631755148026,0.3833333333329499,0.4999999999992857,affinity_periodic
barabasi_albert_11.pkl,affinity_periodic,0.03617587912208386,0.051010953531391456,-19.30000000000012,-1.8130551536047268,756.0,59.66657647844106,27,40.33299064636231,746,300,1475,0.0328874024526198,9.833333333333334,8.524147613143366,59,6.0,0.3477649717514124,0.0977305386771299,0.0763435459568056,-0.076098866689616,5,4,2.60396878483835,,,7,0.2721080149382361,barabasi_albert,0.3212805726263829,0.1957281795931801,-0.0395068478848664,-0.0833333333333333,0.3833333333333333,0.35,0.6166666666666667,0.35,0.8381232329392283,0.3914563591869194,0.1931419637337619,1.5545631755148026,0.3833333333329499,0.4999999999992857,affinity_periodic
barabasi_albert_11.pkl,affinity_reactive,0.08119644155111799,0.0985567357827375,-24.30000000000005,-2.563945991103648,771.0,60.95407438560268,9,32.72901463508606,758,300,1475,0.0328874024526198,9.833333333333334,8.524147613143366,59,6.0,0.3477649717514124,0.0977305386771299,0.0763435459568056,-0.076098866689616,5,4,2.60396878483835,,,7,0.2721080149382361,barabasi_albert,0.3212805726263829,0.1957281795931801,-0.0395068478848664,-0.0833333333333333,0.3833333333333333,0.35,0.6166666666666667,0.35,0.8381232329392283,0.3914563591869194,0.1931419637337619,1.5545631755148026,0.3833333333329499,0.4999999999992857,affinity_periodic
barabasi_albert_11.pkl,baseline,0.04888460528846394,0.0671398804725513,-13.900000000000029,-13.900000000000029,806.0,806.0,4,6.403647661209106,806,300,1475,0.0328874024526198,9.833333333333334,8.524147613143366,59,6.0,0.3477649717514124,0.0977305386771299,0.0763435459568056,-0.076098866689616,5,4,2.60396878483835,,,7,0.2721080149382361,barabasi_albert,0.3212805726263829,0.1957281795931801,-0.0395068478848664,-0.0833333333333333,0.3833333333333333,0.35,0.6166666666666667,0.35,0.8381232329392283,0.3914563591869194,0.1931419637337619,1.5545631755148026,0.3833333333329499,0.4999999999992857,affinity_periodic
barabasi_albert_11.pkl,periodic,0.022793175186106178,0.03682855914774598,-9.900000000000123,-9.900000000000123,778.0,778.0,42,22.96635341644287,754,300,1475,0.0328874024526198,9.833333333333334,8.524147613143366,59,6.0,0.3477649717514124,0.0977305386771299,0.0763435459568056,-0.076098866689616,5,4,2.60396878483835,,,7,0.2721080149382361,barabasi_albert,0.3212805726263829,0.1957281795931801,-0.0395068478848664,-0.0833333333333333,0.3833333333333333,0.35,0.6166666666666667,0.35,0.8381232329392283,0.3914563591869194,0.1931419637337619,1.5545631755148026,0.3833333333329499,0.4999999999992857,affinity_periodic
barabasi_albert_11.pkl,reactive,0.049444168129994,0.0666683920615639,-16.10000000000012,-16.10000000000012,795.0,795.0,32,19.978266716003414,754,300,1475,0.0328874024526198,9.833333333333334,8.524147613143366,59,6.0,0.3477649717514124,0.0977305386771299,0.0763435459568056,-0.076098866689616,5,4,2.60396878483835,,,7,0.2721080149382361,barabasi_albert,0.3212805726263829,0.1957281795931801,-0.0395068478848664,-0.0833333333333333,0.3833333333333333,0.35,0.6166666666666667,0.35,0.8381232329392283,0.3914563591869194,0.1931419637337619,1.5545631755148026,0.3833333333329499,0.4999999999992857,affinity_periodic
barabasi_albert_12.pkl,affinity,0.08687440741122206,0.1033180575451243,-21.50000000000008,-2.229124092010123,774.0,62.50532314913331,7,8.997630834579468,768,300,1475,0.0328874024526198,9.833333333333334,8.34010872836151,68,6.915254237288135,0.3399977401129943,0.0893542594535772,0.0735017927266518,-0.0839040836635988,5,4,2.6078037904124862,,,9,0.2628028727377191,barabasi_albert,0.4842882940529518,0.1749026353100681,0.0234001725627689,0.0666666666666666,0.6,0.4666666666666667,0.4,0.3333333333333333,0.807147156755727,0.2998330891033487,0.2389314533664864,2.335188931250054,0.5999999999993999,0.5833333333326042,periodic
barabasi_albert_12.pkl,affinity_periodic,0.04132239488897974,0.061008483667077014,-14.600000000000085,-1.5568919509166306,764.0,60.96931380714491,49,31.74363851547241,743,300,1475,0.0328874024526198,9.833333333333334,8.34010872836151,68,6.915254237288135,0.3399977401129943,0.0893542594535772,0.0735017927266518,-0.0839040836635988,5,4,2.6078037904124862,,,9,0.2628028727377191,barabasi_albert,0.4842882940529518,0.1749026353100681,0.0234001725627689,0.0666666666666666,0.6,0.4666666666666667,0.4,0.3333333333333333,0.807147156755727,0.2998330891033487,0.2389314533664864,2.335188931250054,0.5999999999993999,0.5833333333326042,periodic
barabasi_albert_12.pkl,affinity_reactive,0.08687440741122206,0.1033180575451243,-21.50000000000008,-2.229124092010123,774.0,62.50532314913331,49,29.69116473197937,753,300,1475,0.0328874024526198,9.833333333333334,8.34010872836151,68,6.915254237288135,0.3399977401129943,0.0893542594535772,0.0735017927266518,-0.0839040836635988,5,4,2.6078037904124862,,,9,0.2628028727377191,barabasi_albert,0.4842882940529518,0.1749026353100681,0.0234001725627689,0.0666666666666666,0.6,0.4666666666666667,0.4,0.3333333333333333,0.807147156755727,0.2998330891033487,0.2389314533664864,2.335188931250054,0.5999999999993999,0.5833333333326042,periodic
barabasi_albert_12.pkl,baseline,0.06381861697819974,0.09328244243282938,-17.100000000000062,-17.100000000000062,789.0,789.0,3,10.123048543930054,789,300,1475,0.0328874024526198,9.833333333333334,8.34010872836151,68,6.915254237288135,0.3399977401129943,0.0893542594535772,0.0735017927266518,-0.0839040836635988,5,4,2.6078037904124862,,,9,0.2628028727377191,barabasi_albert,0.4842882940529518,0.1749026353100681,0.0234001725627689,0.0666666666666666,0.6,0.4666666666666667,0.4,0.3333333333333333,0.807147156755727,0.2998330891033487,0.2389314533664864,2.335188931250054,0.5999999999993999,0.5833333333326042,periodic
barabasi_albert_12.pkl,periodic,0.029071073341081388,0.04693643265711005,-13.600000000000081,-13.600000000000081,754.0,754.0,29,22.836523294448853,733,300,1475,0.0328874024526198,9.833333333333334,8.34010872836151,68,6.915254237288135,0.3399977401129943,0.0893542594535772,0.0735017927266518,-0.0839040836635988,5,4,2.6078037904124862,,,9,0.2628028727377191,barabasi_albert,0.4842882940529518,0.1749026353100681,0.0234001725627689,0.0666666666666666,0.6,0.4666666666666667,0.4,0.3333333333333333,0.807147156755727,0.2998330891033487,0.2389314533664864,2.335188931250054,0.5999999999993999,0.5833333333326042,periodic
barabasi_albert_12.pkl,reactive,0.06645233384904117,0.09116183743846992,-21.300000000000104,-21.300000000000104,773.0,773.0,49,25.15082859992981,741,300,1475,0.0328874024526198,9.833333333333334,8.34010872836151,68,6.915254237288135,0.3399977401129943,0.0893542594535772,0.0735017927266518,-0.0839040836635988,5,4,2.6078037904124862,,,9,0.2628028727377191,barabasi_albert,0.4842882940529518,0.1749026353100681,0.0234001725627689,0.0666666666666666,0.6,0.4666666666666667,0.4,0.3333333333333333,0.807147156755727,0.2998330891033487,0.2389314533664864,2.335188931250054,0.5999999999993999,0.5833333333326042,periodic
barabasi_albert_13.pkl,affinity,0.088146864806408,0.1133342585623511,-24.700000000000085,-2.447016403816478,780.0,62.10982697936095,5,13.869132280349731,774,300,1475,0.0328874024526198,9.833333333333334,8.84721044535717,65,6.610169491525423,0.3412949152542373,0.099175781514736,0.0750879463022118,-0.0845297376408791,5,4,2.591839464882943,,,8,0.2633126113185866,barabasi_albert,0.4746070924122704,0.2207331598955952,0.0608295266989699,0.6166666666666667,0.55,0.45,0.4333333333333333,0.3,0.8485399531015889,0.3678885998264825,0.1784948915425766,1.7182141563279152,0.5593220338977363,0.5999999999992001,reactive
barabasi_albert_13.pkl,affinity_periodic,0.041598414740615944,0.059709620015851936,-15.500000000000108,-1.71063165237768,783.0,61.71210656667619,47,36.30961608886719,752,300,1475,0.0328874024526198,9.833333333333334,8.84721044535717,65,6.610169491525423,0.3412949152542373,0.099175781514736,0.0750879463022118,-0.0845297376408791,5,4,2.591839464882943,,,8,0.2633126113185866,barabasi_albert,0.4746070924122704,0.2207331598955952,0.0608295266989699,0.6166666666666667,0.55,0.45,0.4333333333333333,0.3,0.8485399531015889,0.3678885998264825,0.1784948915425766,1.7182141563279152,0.5593220338977363,0.5999999999992001,reactive
barabasi_albert_13.pkl,affinity_reactive,0.088146864806408,0.1133342585623511,-24.700000000000085,-2.447016403816478,780.0,62.10982697936095,37,34.40511727333069,769,300,1475,0.0328874024526198,9.833333333333334,8.84721044535717,65,6.610169491525423,0.3412949152542373,0.099175781514736,0.0750879463022118,-0.0845297376408791,5,4,2.591839464882943,,,8,0.2633126113185866,barabasi_albert,0.4746070924122704,0.2207331598955952,0.0608295266989699,0.6166666666666667,0.55,0.45,0.4333333333333333,0.3,0.8485399531015889,0.3678885998264825,0.1784948915425766,1.7182141563279152,0.5593220338977363,0.5999999999992001,reactive
barabasi_albert_13.pkl,baseline,0.06228472547862757,0.08542029574137026,-18.900000000000087,-18.900000000000087,808.0,808.0,3,10.027079105377195,808,300,1475,0.0328874024526198,9.833333333333334,8.84721044535717,65,6.610169491525423,0.3412949152542373,0.099175781514736,0.0750879463022118,-0.0845297376408791,5,4,2.591839464882943,,,8,0.2633126113185866,barabasi_albert,0.4746070924122704,0.2207331598955952,0.0608295266989699,0.6166666666666667,0.55,0.45,0.4333333333333333,0.3,0.8485399531015889,0.3678885998264825,0.1784948915425766,1.7182141563279152,0.5593220338977363,0.5999999999992001,reactive
barabasi_albert_13.pkl,periodic,0.02793188921983562,0.04477380678723016,-15.200000000000097,-15.200000000000097,775.0,775.0,5,29.378759384155277,774,300,1475,0.0328874024526198,9.833333333333334,8.84721044535717,65,6.610169491525423,0.3412949152542373,0.099175781514736,0.0750879463022118,-0.0845297376408791,5,4,2.591839464882943,,,8,0.2633126113185866,barabasi_albert,0.4746070924122704,0.2207331598955952,0.0608295266989699,0.6166666666666667,0.55,0.45,0.4333333333333333,0.3,0.8485399531015889,0.3678885998264825,0.1784948915425766,1.7182141563279152,0.5593220338977363,0.5999999999992001,reactive
barabasi_albert_13.pkl,reactive,0.06326718161897843,0.08454864278857681,-20.500000000000153,-20.500000000000153,800.0,800.0,49,20.15619826316833,746,300,1475,0.0328874024526198,9.833333333333334,8.84721044535717,65,6.610169491525423,0.3412949152542373,0.099175781514736,0.0750879463022118,-0.0845297376408791,5,4,2.591839464882943,,,8,0.2633126113185866,barabasi_albert,0.4746070924122704,0.2207331598955952,0.0608295266989699,0.6166666666666667,0.55,0.45,0.4333333333333333,0.3,0.8485399531015889,0.3678885998264825,0.1784948915425766,1.7182141563279152,0.5593220338977363,0.5999999999992001,reactive
barabasi_albert_14.pkl,affinity,0.0775945939233621,0.11146190360712596,-17.200000000000138,-1.7987256658308848,769.0,61.874183868534885,4,8.608252048492432,769,300,1475,0.0328874024526198,9.833333333333334,8.326864825067036,69,7.016949152542373,0.3362440677966101,0.0858985202054246,0.0718102158580893,-0.077193115419517,5,4,2.610746934225195,,,9,0.2625551278368285,barabasi_albert,0.4011231180703514,0.193773790278952,-0.0060666882946745,0.05,0.4666666666666667,0.3666666666666666,0.5166666666666667,0.3833333333333333,0.8452237130776716,0.3963554801165668,0.1831187229221824,1.5229876970690632,0.474576271185958,0.488888888888237,affinity_periodic
barabasi_albert_14.pkl,affinity_periodic,0.03700486910673596,0.055022052284322304,-13.900000000000096,-1.6223557832013589,763.0,60.7248113096107,48,37.06411528587341,744,300,1475,0.0328874024526198,9.833333333333334,8.326864825067036,69,7.016949152542373,0.3362440677966101,0.0858985202054246,0.0718102158580893,-0.077193115419517,5,4,2.610746934225195,,,9,0.2625551278368285,barabasi_albert,0.4011231180703514,0.193773790278952,-0.0060666882946745,0.05,0.4666666666666667,0.3666666666666666,0.5166666666666667,0.3833333333333333,0.8452237130776716,0.3963554801165668,0.1831187229221824,1.5229876970690632,0.474576271185958,0.488888888888237,affinity_periodic
barabasi_albert_14.pkl,affinity_reactive,0.07732428919302933,0.11168963710743567,-17.600000000000108,-1.8206589954968924,767.0,61.76451722020479,21,30.28719687461853,758,300,1475,0.0328874024526198,9.833333333333334,8.326864825067036,69,7.016949152542373,0.3362440677966101,0.0858985202054246,0.0718102158580893,-0.077193115419517,5,4,2.610746934225195,,,9,0.2625551278368285,barabasi_albert,0.4011231180703514,0.193773790278952,-0.0060666882946745,0.05,0.4666666666666667,0.3666666666666666,0.5166666666666667,0.3833333333333333,0.8452237130776716,0.3963554801165668,0.1831187229221824,1.5229876970690632,0.474576271185958,0.488888888888237,affinity_periodic
barabasi_albert_14.pkl,baseline,0.06038267252259888,0.09683276906823388,-12.900000000000087,-12.900000000000087,806.0,806.0,2,6.136601686477661,806,300,1475,0.0328874024526198,9.833333333333334,8.326864825067036,69,7.016949152542373,0.3362440677966101,0.0858985202054246,0.0718102158580893,-0.077193115419517,5,4,2.610746934225195,,,9,0.2625551278368285,barabasi_albert,0.4011231180703514,0.193773790278952,-0.0060666882946745,0.05,0.4666666666666667,0.3666666666666666,0.5166666666666667,0.3833333333333333,0.8452237130776716,0.3963554801165668,0.1831187229221824,1.5229876970690632,0.474576271185958,0.488888888888237,affinity_periodic
barabasi_albert_14.pkl,periodic,0.027670072644418047,0.0483566193525474,-11.700000000000124,-11.700000000000124,770.0,770.0,40,22.944278717041016,755,300,1475,0.0328874024526198,9.833333333333334,8.326864825067036,69,7.016949152542373,0.3362440677966101,0.0858985202054246,0.0718102158580893,-0.077193115419517,5,4,2.610746934225195,,,9,0.2625551278368285,barabasi_albert,0.4011231180703514,0.193773790278952,-0.0060666882946745,0.05,0.4666666666666667,0.3666666666666666,0.5166666666666667,0.3833333333333333,0.8452237130776716,0.3963554801165668,0.1831187229221824,1.5229876970690632,0.474576271185958,0.488888888888237,affinity_periodic
barabasi_albert_14.pkl,reactive,0.06195904995817057,0.09562336243281498,-16.400000000000148,-16.400000000000148,793.0,793.0,40,22.67771315574646,761,300,1475,0.0328874024526198,9.833333333333334,8.326864825067036,69,7.016949152542373,0.3362440677966101,0.0858985202054246,0.0718102158580893,-0.077193115419517,5,4,2.610746934225195,,,9,0.2625551278368285,barabasi_albert,0.4011231180703514,0.193773790278952,-0.0060666882946745,0.05,0.4666666666666667,0.3666666666666666,0.5166666666666667,0.3833333333333333,0.8452237130776716,0.3963554801165668,0.1831187229221824,1.5229876970690632,0.474576271185958,0.488888888888237,affinity_periodic
barabasi_albert_15.pkl,affinity,0.08705709459575045,0.10926997045954152,-23.800000000000118,-2.504193849858119,776.0,61.72458287241096,5,8.94628643989563,771,300,1475,0.0328874024526198,9.833333333333334,8.408004361720517,59,6.0,0.3465491525423727,0.0968710660454579,0.0732265446224256,-0.1039123626210987,5,4,2.60726867335563,,,7,0.2624466532605573,barabasi_albert,0.565903794962864,0.2500462113296987,0.0597246768327851,0.4333333333333333,0.65,0.45,0.3333333333333333,0.2666666666666666,0.8561108693036649,0.3982217439700757,0.1680730099985417,1.5111637301130014,0.6610169491518701,0.62790697674331,reactive
barabasi_albert_15.pkl,affinity_periodic,0.04381192610741295,0.05640262351258646,-24.30000000000004,-2.483301835656703,766.0,60.17346929669426,29,32.9674654006958,753,300,1475,0.0328874024526198,9.833333333333334,8.408004361720517,59,6.0,0.3465491525423727,0.0968710660454579,0.0732265446224256,-0.1039123626210987,5,4,2.60726867335563,,,7,0.2624466532605573,barabasi_albert,0.565903794962864,0.2500462113296987,0.0597246768327851,0.4333333333333333,0.65,0.45,0.3333333333333333,0.2666666666666666,0.8561108693036649,0.3982217439700757,0.1680730099985417,1.5111637301130014,0.6610169491518701,0.62790697674331,reactive
barabasi_albert_15.pkl,affinity_reactive,0.08705709459575045,0.10926997045954152,-23.800000000000118,-2.504193849858119,776.0,61.72458287241096,29,28.02712893486023,750,300,1475,0.0328874024526198,9.833333333333334,8.408004361720517,59,6.0,0.3465491525423727,0.0968710660454579,0.0732265446224256,-0.1039123626210987,5,4,2.60726867335563,,,7,0.2624466532605573,barabasi_albert,0.565903794962864,0.2500462113296987,0.0597246768327851,0.4333333333333333,0.65,0.45,0.3333333333333333,0.2666666666666666,0.8561108693036649,0.3982217439700757,0.1680730099985417,1.5111637301130014,0.6610169491518701,0.62790697674331,reactive
barabasi_albert_15.pkl,baseline,0.06450525444957841,0.07786332554214796,-23.100000000000094,-23.100000000000094,769.0,769.0,6,6.706119775772095,760,300,1475,0.0328874024526198,9.833333333333334,8.408004361720517,59,6.0,0.3465491525423727,0.0968710660454579,0.0732265446224256,-0.1039123626210987,5,4,2.60726867335563,,,7,0.2624466532605573,barabasi_albert,0.565903794962864,0.2500462113296987,0.0597246768327851,0.4333333333333333,0.65,0.45,0.3333333333333333,0.2666666666666666,0.8561108693036649,0.3982217439700757,0.1680730099985417,1.5111637301130014,0.6610169491518701,0.62790697674331,reactive
barabasi_albert_15.pkl,periodic,0.02738312996815164,0.04339828041149641,-14.000000000000046,-14.000000000000046,769.0,769.0,33,23.6796715259552,753,300,1475,0.0328874024526198,9.833333333333334,8.408004361720517,59,6.0,0.3465491525423727,0.0968710660454579,0.0732265446224256,-0.1039123626210987,5,4,2.60726867335563,,,7,0.2624466532605573,barabasi_albert,0.565903794962864,0.2500462113296987,0.0597246768327851,0.4333333333333333,0.65,0.45,0.3333333333333333,0.2666666666666666,0.8561108693036649,0.3982217439700757,0.1680730099985417,1.5111637301130014,0.6610169491518701,0.62790697674331,reactive
barabasi_albert_15.pkl,reactive,0.06450525444957841,0.07786332554214796,-23.100000000000094,-23.100000000000094,769.0,769.0,37,20.652339220047,733,300,1475,0.0328874024526198,9.833333333333334,8.408004361720517,59,6.0,0.3465491525423727,0.0968710660454579,0.0732265446224256,-0.1039123626210987,5,4,2.60726867335563,,,7,0.2624466532605573,barabasi_albert,0.565903794962864,0.2500462113296987,0.0597246768327851,0.4333333333333333,0.65,0.45,0.3333333333333333,0.2666666666666666,0.8561108693036649,0.3982217439700757,0.1680730099985417,1.5111637301130014,0.6610169491518701,0.62790697674331,reactive
barabasi_albert_16.pkl,affinity,0.07806862036979204,0.09980040171919023,-17.600000000000048,-2.0428458768863997,778.0,61.54297022767178,5,8.63759183883667,777,300,1475,0.0328874024526198,9.833333333333334,8.431836996725767,65,6.610169491525423,0.3394734463276836,0.0869259739194531,0.070631498858737,-0.0841273964279657,5,4,2.607068004459309,,,6,0.2715325481183568,barabasi_albert,0.3702215495007369,0.158951342047906,-0.0087048557320133,-0.1666666666666666,0.4333333333333333,0.3333333333333333,0.55,0.4166666666666667,0.840118131560219,0.3576405196082654,0.1903087940059782,1.7961037555121844,0.4406779661012467,0.4444444444438518,reactive
barabasi_albert_16.pkl,affinity_periodic,0.03799416999352934,0.04980820300573121,-15.600000000000087,-1.566031718276277,764.0,60.87787640687676,13,36.34141945838928,746,300,1475,0.0328874024526198,9.833333333333334,8.431836996725767,65,6.610169491525423,0.3394734463276836,0.0869259739194531,0.070631498858737,-0.0841273964279657,5,4,2.607068004459309,,,6,0.2715325481183568,barabasi_albert,0.3702215495007369,0.158951342047906,-0.0087048557320133,-0.1666666666666666,0.4333333333333333,0.3333333333333333,0.55,0.4166666666666667,0.840118131560219,0.3576405196082654,0.1903087940059782,1.7961037555121844,0.4406779661012467,0.4444444444438518,reactive
barabasi_albert_16.pkl,affinity_reactive,0.07806862036979204,0.09980040171919023,-17.600000000000048,-2.0428458768863997,778.0,61.54297022767178,28,26.9888014793396,753,300,1475,0.0328874024526198,9.833333333333334,8.431836996725767,65,6.610169491525423,0.3394734463276836,0.0869259739194531,0.070631498858737,-0.0841273964279657,5,4,2.607068004459309,,,6,0.2715325481183568,barabasi_albert,0.3702215495007369,0.158951342047906,-0.0087048557320133,-0.1666666666666666,0.4333333333333333,0.3333333333333333,0.55,0.4166666666666667,0.840118131560219,0.3576405196082654,0.1903087940059782,1.7961037555121844,0.4406779661012467,0.4444444444438518,reactive
barabasi_albert_16.pkl,baseline,0.046795160950310645,0.0845166767533596,-6.400000000000034,-6.400000000000034,795.0,795.0,1,6.244287490844727,795,300,1475,0.0328874024526198,9.833333333333334,8.431836996725767,65,6.610169491525423,0.3394734463276836,0.0869259739194531,0.070631498858737,-0.0841273964279657,5,4,2.607068004459309,,,6,0.2715325481183568,barabasi_albert,0.3702215495007369,0.158951342047906,-0.0087048557320133,-0.1666666666666666,0.4333333333333333,0.3333333333333333,0.55,0.4166666666666667,0.840118131560219,0.3576405196082654,0.1903087940059782,1.7961037555121844,0.4406779661012467,0.4444444444438518,reactive
barabasi_albert_16.pkl,periodic,0.02357562128587868,0.04024221823204893,-10.600000000000035,-10.600000000000035,769.0,769.0,13,27.16431736946106,764,300,1475,0.0328874024526198,9.833333333333334,8.431836996725767,65,6.610169491525423,0.3394734463276836,0.0869259739194531,0.070631498858737,-0.0841273964279657,5,4,2.607068004459309,,,6,0.2715325481183568,barabasi_albert,0.3702215495007369,0.158951342047906,-0.0087048557320133,-0.1666666666666666,0.4333333333333333,0.3333333333333333,0.55,0.4166666666666667,0.840118131560219,0.3576405196082654,0.1903087940059782,1.7961037555121844,0.4406779661012467,0.4444444444438518,reactive
barabasi_albert_16.pkl,reactive,0.04874445550284498,0.08318362803862608,-9.000000000000034,-9.000000000000034,786.0,786.0,42,23.745437622070312,744,300,1475,0.0328874024526198,9.833333333333334,8.431836996725767,65,6.610169491525423,0.3394734463276836,0.0869259739194531,0.070631498858737,-0.0841273964279657,5,4,2.607068004459309,,,6,0.2715325481183568,barabasi_albert,0.3702215495007369,0.158951342047906,-0.0087048557320133,-0.1666666666666666,0.4333333333333333,0.3333333333333333,0.55,0.4166666666666667,0.840118131560219,0.3576405196082654,0.1903087940059782,1.7961037555121844,0.4406779661012467,0.4444444444438518,reactive
barabasi_albert_17.pkl,affinity,0.0734689920192958,0.10211641135871928,-18.600000000000094,-2.02297015787669,782.0,60.708657356012495,5,8.586089372634888,778,300,1475,0.0328874024526198,9.833333333333334,9.249725055421475,88,8.94915254237288,0.3509920903954802,0.1076301071402371,0.0766847405112316,-0.0947900958370608,5,4,2.578840579710145,,,9,0.267127147371445,barabasi_albert,0.3488634506361243,0.1433244700608042,-0.0310449827009234,-0.2166666666666666,0.4166666666666667,0.2666666666666666,0.5833333333333334,0.4333333333333333,0.8372722815275356,0.3762267339101486,0.1943545989311635,1.6579716693891893,0.4166666666662499,0.3809523809518367,periodic
barabasi_albert_17.pkl,affinity_periodic,0.03387517007605998,0.05304658365472058,-9.300000000000187,-1.2364226630007333,788.0,60.8752374330904,26,38.21015381813049,766,300,1475,0.0328874024526198,9.833333333333334,9.249725055421475,88,8.94915254237288,0.3509920903954802,0.1076301071402371,0.0766847405112316,-0.0947900958370608,5,4,2.578840579710145,,,9,0.267127147371445,barabasi_albert,0.3488634506361243,0.1433244700608042,-0.0310449827009234,-0.2166666666666666,0.4166666666666667,0.2666666666666666,0.5833333333333334,0.4333333333333333,0.8372722815275356,0.3762267339101486,0.1943545989311635,1.6579716693891893,0.4166666666662499,0.3809523809518367,periodic
barabasi_albert_17.pkl,affinity_reactive,0.0734689920192958,0.10211641135871928,-18.600000000000094,-2.02297015787669,782.0,60.708657356012495,37,27.10502505302429,755,300,1475,0.0328874024526198,9.833333333333334,9.249725055421475,88,8.94915254237288,0.3509920903954802,0.1076301071402371,0.0766847405112316,-0.0947900958370608,5,4,2.578840579710145,,,9,0.267127147371445,barabasi_albert,0.3488634506361243,0.1433244700608042,-0.0310449827009234,-0.2166666666666666,0.4166666666666667,0.2666666666666666,0.5833333333333334,0.4333333333333333,0.8372722815275356,0.3762267339101486,0.1943545989311635,1.6579716693891893,0.4166666666662499,0.3809523809518367,periodic
barabasi_albert_17.pkl,baseline,0.05935067470434595,0.09582753597244661,-13.20000000000001,-13.20000000000001,803.0,803.0,2,6.216775894165039,803,300,1475,0.0328874024526198,9.833333333333334,9.249725055421475,88,8.94915254237288,0.3509920903954802,0.1076301071402371,0.0766847405112316,-0.0947900958370608,5,4,2.578840579710145,,,9,0.267127147371445,barabasi_albert,0.3488634506361243,0.1433244700608042,-0.0310449827009234,-0.2166666666666666,0.4166666666666667,0.2666666666666666,0.5833333333333334,0.4333333333333333,0.8372722815275356,0.3762267339101486,0.1943545989311635,1.6579716693891893,0.4166666666662499,0.3809523809518367,periodic
barabasi_albert_17.pkl,periodic,0.027992349584088506,0.04649932265996078,-11.900000000000178,-11.900000000000178,772.0,772.0,45,23.08037686347961,753,300,1475,0.0328874024526198,9.833333333333334,9.249725055421475,88,8.94915254237288,0.3509920903954802,0.1076301071402371,0.0766847405112316,-0.0947900958370608,5,4,2.578840579710145,,,9,0.267127147371445,barabasi_albert,0.3488634506361243,0.1433244700608042,-0.0310449827009234,-0.2166666666666666,0.4166666666666667,0.2666666666666666,0.5833333333333334,0.4333333333333333,0.8372722815275356,0.3762267339101486,0.1943545989311635,1.6579716693891893,0.4166666666662499,0.3809523809518367,periodic
barabasi_albert_17.pkl,reactive,0.06196961080337572,0.09385386575725223,-17.900000000000116,-17.900000000000116,784.0,784.0,37,21.324564933776852,762,300,1475,0.0328874024526198,9.833333333333334,9.249725055421475,88,8.94915254237288,0.3509920903954802,0.1076301071402371,0.0766847405112316,-0.0947900958370608,5,4,2.578840579710145,,,9,0.267127147371445,barabasi_albert,0.3488634506361243,0.1433244700608042,-0.0310449827009234,-0.2166666666666666,0.4166666666666667,0.2666666666666666,0.5833333333333334,0.4333333333333333,0.8372722815275356,0.3762267339101486,0.1943545989311635,1.6579716693891893,0.4166666666662499,0.3809523809518367,periodic
barabasi_albert_18.pkl,affinity,0.07738360091767292,0.11619102266130328,-16.000000000000025,-1.6224741068471404,782.0,63.6015898579632,5,13.688985586166382,780,300,1475,0.0328874024526198,9.833333333333334,7.989471890715347,60,6.101694915254237,0.3376610169491525,0.0800882878800862,0.0679160021265284,-0.0621088386588139,5,4,2.620758082497213,,,7,0.2743103705831657,barabasi_albert,0.3642348156333275,0.1644349169519715,-0.01622173922484,-0.15,0.4333333333333333,0.3333333333333333,0.5666666666666667,0.4,0.8405418822315965,0.3617568172948308,0.1897087118907747,1.764287919928825,0.4333333333328999,0.4545454545448346,periodic
barabasi_albert_18.pkl,affinity_periodic,0.040662147188628185,0.0552945650759769,-17.10000000000009,-1.7795652858142386,761.0,61.08661586754812,6,36.05210781097412,752,300,1475,0.0328874024526198,9.833333333333334,7.989471890715347,60,6.101694915254237,0.3376610169491525,0.0800882878800862,0.0679160021265284,-0.0621088386588139,5,4,2.620758082497213,,,7,0.2743103705831657,barabasi_albert,0.3642348156333275,0.1644349169519715,-0.01622173922484,-0.15,0.4333333333333333,0.3333333333333333,0.5666666666666667,0.4,0.8405418822315965,0.3617568172948308,0.1897087118907747,1.764287919928825,0.4333333333328999,0.4545454545448346,periodic
barabasi_albert_18.pkl,affinity_reactive,0.07738360091767292,0.11619102266130328,-16.000000000000025,-1.6224741068471404,782.0,63.6015898579632,47,28.02248954772949,754,300,1475,0.0328874024526198,9.833333333333334,7.989471890715347,60,6.101694915254237,0.3376610169491525,0.0800882878800862,0.0679160021265284,-0.0621088386588139,5,4,2.620758082497213,,,7,0.2743103705831657,barabasi_albert,0.3642348156333275,0.1644349169519715,-0.01622173922484,-0.15,0.4333333333333333,0.3333333333333333,0.5666666666666667,0.4,0.8405418822315965,0.3617568172948308,0.1897087118907747,1.764287919928825,0.4333333333328999,0.4545454545448346,periodic
barabasi_albert_18.pkl,baseline,0.0638946517517229,0.08890481167700567,-18.900000000000084,-18.900000000000084,771.0,771.0,4,6.368768930435181,771,300,1475,0.0328874024526198,9.833333333333334,7.989471890715347,60,6.101694915254237,0.3376610169491525,0.0800882878800862,0.0679160021265284,-0.0621088386588139,5,4,2.620758082497213,,,7,0.2743103705831657,barabasi_albert,0.3642348156333275,0.1644349169519715,-0.01622173922484,-0.15,0.4333333333333333,0.3333333333333333,0.5666666666666667,0.4,0.8405418822315965,0.3617568172948308,0.1897087118907747,1.764287919928825,0.4333333333328999,0.4545454545448346,periodic
barabasi_albert_18.pkl,periodic,0.027797475821340317,0.044108355023744314,-12.40000000000009,-12.40000000000009,771.0,771.0,32,24.11978507041931,745,300,1475,0.0328874024526198,9.833333333333334,7.989471890715347,60,6.101694915254237,0.3376610169491525,0.0800882878800862,0.0679160021265284,-0.0621088386588139,5,4,2.620758082497213,,,7,0.2743103705831657,barabasi_albert,0.3642348156333275,0.1644349169519715,-0.01622173922484,-0.15,0.4333333333333333,0.3333333333333333,0.5666666666666667,0.4,0.8405418822315965,0.3617568172948308,0.1897087118907747,1.764287919928825,0.4333333333328999,0.4545454545448346,periodic
barabasi_albert_18.pkl,reactive,0.06322722426820578,0.08944393058054119,-19.50000000000006,-19.50000000000006,768.0,768.0,49,24.347878217697144,746,300,1475,0.0328874024526198,9.833333333333334,7.989471890715347,60,6.101694915254237,0.3376610169491525,0.0800882878800862,0.0679160021265284,-0.0621088386588139,5,4,2.620758082497213,,,7,0.2743103705831657,barabasi_albert,0.3642348156333275,0.1644349169519715,-0.01622173922484,-0.15,0.4333333333333333,0.3333333333333333,0.5666666666666667,0.4,0.8405418822315965,0.3617568172948308,0.1897087118907747,1.764287919928825,0.4333333333328999,0.4545454545448346,periodic
barabasi_albert_19.pkl,affinity,0.08179176706786435,0.10315118653811109,-17.60000000000008,-1.9968894014659948,781.0,63.450421250997934,4,8.526472091674805,781,300,1475,0.0328874024526198,9.833333333333334,8.324052803320253,67,6.813559322033898,0.3371954802259886,0.0917380472795543,0.0768342739866598,-0.0670773071177409,5,4,2.6118840579710145,,,8,0.2652968687158862,barabasi_albert,0.3441513994029418,0.1256941583676099,-0.0307636430304668,-0.2666666666666666,0.4166666666666667,0.3333333333333333,0.5666666666666667,0.45,0.8121973025917688,0.2953812721642603,0.2312279255409269,2.3854549839026493,0.4237288135588911,0.4255319148930738,periodic
barabasi_albert_19.pkl,affinity_periodic,0.039892090044171005,0.05236445003886328,-16.00000000000006,-1.9280957466006012,769.0,60.84476985184422,49,31.34263277053833,753,300,1475,0.0328874024526198,9.833333333333334,8.324052803320253,67,6.813559322033898,0.3371954802259886,0.0917380472795543,0.0768342739866598,-0.0670773071177409,5,4,2.6118840579710145,,,8,0.2652968687158862,barabasi_albert,0.3441513994029418,0.1256941583676099,-0.0307636430304668,-0.2666666666666666,0.4166666666666667,0.3333333333333333,0.5666666666666667,0.45,0.8121973025917688,0.2953812721642603,0.2312279255409269,2.3854549839026493,0.4237288135588911,0.4255319148930738,periodic
barabasi_albert_19.pkl,affinity_reactive,0.08139210076982195,0.10352135244045739,-18.20000000000001,-2.0497305097372647,778.0,63.18621570964155,49,27.78049945831299,754,300,1475,0.0328874024526198,9.833333333333334,8.324052803320253,67,6.813559322033898,0.3371954802259886,0.0917380472795543,0.0768342739866598,-0.0670773071177409,5,4,2.6118840579710145,,,8,0.2652968687158862,barabasi_albert,0.3441513994029418,0.1256941583676099,-0.0307636430304668,-0.2666666666666666,0.4166666666666667,0.3333333333333333,0.5666666666666667,0.45,0.8121973025917688,0.2953812721642603,0.2312279255409269,2.3854549839026493,0.4237288135588911,0.4255319148930738,periodic
barabasi_albert_19.pkl,baseline,0.05970537866260641,0.08100143241549311,-13.9000000000001,-13.9000000000001,822.0,822.0,8,9.885809898376465,787,300,1475,0.0328874024526198,9.833333333333334,8.324052803320253,67,6.813559322033898,0.3371954802259886,0.0917380472795543,0.0768342739866598,-0.0670773071177409,5,4,2.6118840579710145,,,8,0.2652968687158862,barabasi_albert,0.3441513994029418,0.1256941583676099,-0.0307636430304668,-0.2666666666666666,0.4166666666666667,0.3333333333333333,0.5666666666666667,0.45,0.8121973025917688,0.2953812721642603,0.2312279255409269,2.3854549839026493,0.4237288135588911,0.4255319148930738,periodic
barabasi_albert_19.pkl,periodic,0.026585707044416578,0.04503786151090743,-13.30000000000012,-13.30000000000012,764.0,764.0,16,23.39202618598938,740,300,1475,0.0328874024526198,9.833333333333334,8.324052803320253,67,6.813559322033898,0.3371954802259886,0.0917380472795543,0.0768342739866598,-0.0670773071177409,5,4,2.6118840579710145,,,8,0.2652968687158862,barabasi_albert,0.3441513994029418,0.1256941583676099,-0.0307636430304668,-0.2666666666666666,0.4166666666666667,0.3333333333333333,0.5666666666666667,0.45,0.8121973025917688,0.2953812721642603,0.2312279255409269,2.3854549839026493,0.4237288135588911,0.4255319148930738,periodic
barabasi_albert_19.pkl,reactive,0.05889566206341611,0.08157775968346449,-16.700000000000063,-16.700000000000063,808.0,808.0,36,23.078577756881717,742,300,1475,0.0328874024526198,9.833333333333334,8.324052803320253,67,6.813559322033898,0.3371954802259886,0.0917380472795543,0.0768342739866598,-0.0670773071177409,5,4,2.6118840579710145,,,8,0.2652968687158862,barabasi_albert,0.3441513994029418,0.1256941583676099,-0.0307636430304668,-0.2666666666666666,0.4166666666666667,0.3333333333333333,0.5666666666666667,0.45,0.8121973025917688,0.2953812721642603,0.2312279255409269,2.3854549839026493,0.4237288135588911,0.4255319148930738,periodic
barabasi_albert_2.pkl,affinity,0.07728081789540872,0.09875389478186566,-18.200000000000095,-2.1754242075623114,791.0,62.15563384389405,4,14.002801418304443,791,300,1475,0.0328874024526198,9.833333333333334,8.487186223292836,61,6.203389830508474,0.3490621468926553,0.0941018814252673,0.0743759979830237,-0.077029582023268,5,4,2.605886287625418,,,9,0.2669628267739155,barabasi_albert,0.3092825796612397,0.1359240534539364,-0.045792969893048,-0.3666666666666666,0.3666666666666666,0.3166666666666666,0.6,0.4666666666666667,0.8153813463804755,0.3362331848601667,0.2264200112487945,1.974126424837816,0.3793103448271938,0.40425531914842,affinity_periodic
barabasi_albert_2.pkl,affinity_periodic,0.03867267064340106,0.051801667153734916,-13.80000000000005,-1.843307759544877,776.0,60.28588995329084,41,35.392993688583374,757,300,1475,0.0328874024526198,9.833333333333334,8.487186223292836,61,6.203389830508474,0.3490621468926553,0.0941018814252673,0.0743759979830237,-0.077029582023268,5,4,2.605886287625418,,,9,0.2669628267739155,barabasi_albert,0.3092825796612397,0.1359240534539364,-0.045792969893048,-0.3666666666666666,0.3666666666666666,0.3166666666666666,0.6,0.4666666666666667,0.8153813463804755,0.3362331848601667,0.2264200112487945,1.974126424837816,0.3793103448271938,0.40425531914842,affinity_periodic
barabasi_albert_2.pkl,affinity_reactive,0.07687490645270798,0.0991372007241133,-18.200000000000095,-2.1754242075623114,791.0,62.15563384389405,14,39.19913959503174,771,300,1475,0.0328874024526198,9.833333333333334,8.487186223292836,61,6.203389830508474,0.3490621468926553,0.0941018814252673,0.0743759979830237,-0.077029582023268,5,4,2.605886287625418,,,9,0.2669628267739155,barabasi_albert,0.3092825796612397,0.1359240534539364,-0.045792969893048,-0.3666666666666666,0.3666666666666666,0.3166666666666666,0.6,0.4666666666666667,0.8153813463804755,0.3362331848601667,0.2264200112487945,1.974126424837816,0.3793103448271938,0.40425531914842,affinity_periodic
barabasi_albert_2.pkl,baseline,0.05377479259079175,0.08155074267902686,-12.7000000000001,-12.7000000000001,796.0,796.0,3,6.1946117877960205,796,300,1475,0.0328874024526198,9.833333333333334,8.487186223292836,61,6.203389830508474,0.3490621468926553,0.0941018814252673,0.0743759979830237,-0.077029582023268,5,4,2.605886287625418,,,9,0.2669628267739155,barabasi_albert,0.3092825796612397,0.1359240534539364,-0.045792969893048,-0.3666666666666666,0.3666666666666666,0.3166666666666666,0.6,0.4666666666666667,0.8153813463804755,0.3362331848601667,0.2264200112487945,1.974126424837816,0.3793103448271938,0.40425531914842,affinity_periodic
barabasi_albert_2.pkl,periodic,0.02495253055752434,0.04252547489844825,-9.900000000000103,-9.900000000000103,779.0,779.0,31,24.58714985847473,760,300,1475,0.0328874024526198,9.833333333333334,8.487186223292836,61,6.203389830508474,0.3490621468926553,0.0941018814252673,0.0743759979830237,-0.077029582023268,5,4,2.605886287625418,,,9,0.2669628267739155,barabasi_albert,0.3092825796612397,0.1359240534539364,-0.045792969893048,-0.3666666666666666,0.3666666666666666,0.3166666666666666,0.6,0.4666666666666667,0.8153813463804755,0.3362331848601667,0.2264200112487945,1.974126424837816,0.3793103448271938,0.40425531914842,affinity_periodic
barabasi_albert_2.pkl,reactive,0.0535976580736273,0.08163560885327853,-16.50000000000009,-16.50000000000009,783.0,783.0,32,21.87131953239441,766,300,1475,0.0328874024526198,9.833333333333334,8.487186223292836,61,6.203389830508474,0.3490621468926553,0.0941018814252673,0.0743759979830237,-0.077029582023268,5,4,2.605886287625418,,,9,0.2669628267739155,barabasi_albert,0.3092825796612397,0.1359240534539364,-0.045792969893048,-0.3666666666666666,0.3666666666666666,0.3166666666666666,0.6,0.4666666666666667,0.8153813463804755,0.3362331848601667,0.2264200112487945,1.974126424837816,0.3793103448271938,0.40425531914842,affinity_periodic
barabasi_albert_20.pkl,affinity,0.07177331921168881,0.10552841272619093,-12.300000000000018,-1.175549873117795,791.0,62.694730915295054,3,13.712546825408936,791,300,1475,0.0328874024526198,9.833333333333334,8.946079028761805,76,7.728813559322034,0.349534463276836,0.107027525631269,0.0798191565975834,-0.0930874701718631,5,4,2.5927759197324414,,,6,0.2748490663602413,barabasi_albert,0.367024199966106,0.1201716656841047,0.0014631129399248,-0.05,0.45,0.3333333333333333,0.5333333333333333,0.4833333333333333,0.8020158443711954,0.2944205809264172,0.2468581599956172,2.3965016876653875,0.4576271186436024,0.4081632653056226,affinity_periodic
barabasi_albert_20.pkl,affinity_periodic,0.03792647943879886,0.049025654098395564,-16.200000000000085,-1.7302751593783743,767.0,59.439609300611885,12,38.57401156425476,741,300,1475,0.0328874024526198,9.833333333333334,8.946079028761805,76,7.728813559322034,0.349534463276836,0.107027525631269,0.0798191565975834,-0.0930874701718631,5,4,2.5927759197324414,,,6,0.2748490663602413,barabasi_albert,0.367024199966106,0.1201716656841047,0.0014631129399248,-0.05,0.45,0.3333333333333333,0.5333333333333333,0.4833333333333333,0.8020158443711954,0.2944205809264172,0.2468581599956172,2.3965016876653875,0.4576271186436024,0.4081632653056226,affinity_periodic
barabasi_albert_20.pkl,affinity_reactive,0.07177331921168881,0.10552841272619093,-12.300000000000018,-1.175549873117795,791.0,62.694730915295054,37,30.90159320831299,756,300,1475,0.0328874024526198,9.833333333333334,8.946079028761805,76,7.728813559322034,0.349534463276836,0.107027525631269,0.0798191565975834,-0.0930874701718631,5,4,2.5927759197324414,,,6,0.2748490663602413,barabasi_albert,0.367024199966106,0.1201716656841047,0.0014631129399248,-0.05,0.45,0.3333333333333333,0.5333333333333333,0.4833333333333333,0.8020158443711954,0.2944205809264172,0.2468581599956172,2.3965016876653875,0.4576271186436024,0.4081632653056226,affinity_periodic
barabasi_albert_20.pkl,baseline,0.04950759111591656,0.08426837052646728,-9.20000000000004,-9.20000000000004,802.0,802.0,1,6.226125955581665,802,300,1475,0.0328874024526198,9.833333333333334,8.946079028761805,76,7.728813559322034,0.349534463276836,0.107027525631269,0.0798191565975834,-0.0930874701718631,5,4,2.5927759197324414,,,6,0.2748490663602413,barabasi_albert,0.367024199966106,0.1201716656841047,0.0014631129399248,-0.05,0.45,0.3333333333333333,0.5333333333333333,0.4833333333333333,0.8020158443711954,0.2944205809264172,0.2468581599956172,2.3965016876653875,0.4576271186436024,0.4081632653056226,affinity_periodic
barabasi_albert_20.pkl,periodic,0.025317090413021104,0.04419404160539059,-9.599999999999971,-9.599999999999971,764.0,764.0,31,23.067912817001343,749,300,1475,0.0328874024526198,9.833333333333334,8.946079028761805,76,7.728813559322034,0.349534463276836,0.107027525631269,0.0798191565975834,-0.0930874701718631,5,4,2.5927759197324414,,,6,0.2748490663602413,barabasi_albert,0.367024199966106,0.1201716656841047,0.0014631129399248,-0.05,0.45,0.3333333333333333,0.5333333333333333,0.4833333333333333,0.8020158443711954,0.2944205809264172,0.2468581599956172,2.3965016876653875,0.4576271186436024,0.4081632653056226,affinity_periodic
barabasi_albert_20.pkl,reactive,0.05352295913779122,0.08136707368279712,-17.500000000000046,-17.500000000000046,772.0,772.0,33,24.058879613876343,748,300,1475,0.0328874024526198,9.833333333333334,8.946079028761805,76,7.728813559322034,0.349534463276836,0.107027525631269,0.0798191565975834,-0.0930874701718631,5,4,2.5927759197324414,,,6,0.2748490663602413,barabasi_albert,0.367024199966106,0.1201716656841047,0.0014631129399248,-0.05,0.45,0.3333333333333333,0.5333333333333333,0.4833333333333333,0.8020158443711954,0.2944205809264172,0.2468581599956172,2.3965016876653875,0.4576271186436024,0.4081632653056226,affinity_periodic
barabasi_albert_21.pkl,affinity,0.0931794319042621,0.10801532808594662,-21.800000000000058,-2.510023246050123,767.0,61.64687795327514,7,13.881198406219482,752,300,1475,0.0328874024526198,9.833333333333334,8.020389290434887,68,6.915254237288135,0.3331887005649716,0.0832699088686944,0.0715358120639406,-0.0669217537623772,5,4,2.6183277591973244,,,6,0.2674210858948578,barabasi_albert,0.621808376973886,0.2648668033265106,0.1157494406294323,0.9666666666666668,0.7,0.55,0.25,0.1833333333333333,0.8438827973225907,0.3531557377691624,0.1849986789311577,1.8316119293908864,0.7368421052623823,0.7499999999989773,periodic
barabasi_albert_21.pkl,affinity_periodic,0.03990651485507595,0.05638929982637632,-14.50000000000001,-1.5891920170156846,764.0,61.84571316909097,14,37.2105860710144,749,300,1475,0.0328874024526198,9.833333333333334,8.020389290434887,68,6.915254237288135,0.3331887005649716,0.0832699088686944,0.0715358120639406,-0.0669217537623772,5,4,2.6183277591973244,,,6,0.2674210858948578,barabasi_albert,0.621808376973886,0.2648668033265106,0.1157494406294323,0.9666666666666668,0.7,0.55,0.25,0.1833333333333333,0.8438827973225907,0.3531557377691624,0.1849986789311577,1.8316119293908864,0.7368421052623823,0.7499999999989773,periodic
barabasi_albert_21.pkl,affinity_reactive,0.0931794319042621,0.10801532808594662,-21.800000000000058,-2.510023246050123,767.0,61.64687795327514,23,33.4784893989563,751,300,1475,0.0328874024526198,9.833333333333334,8.020389290434887,68,6.915254237288135,0.3331887005649716,0.0832699088686944,0.0715358120639406,-0.0669217537623772,5,4,2.6183277591973244,,,6,0.2674210858948578,barabasi_albert,0.621808376973886,0.2648668033265106,0.1157494406294323,0.9666666666666668,0.7,0.55,0.25,0.1833333333333333,0.8438827973225907,0.3531557377691624,0.1849986789311577,1.8316119293908864,0.7368421052623823,0.7499999999989773,periodic
barabasi_albert_21.pkl,baseline,0.04679935365588388,0.08674654434260894,-3.6000000000001013,-3.6000000000001013,870.0,870.0,1,5.952756881713867,870,300,1475,0.0328874024526198,9.833333333333334,8.020389290434887,68,6.915254237288135,0.3331887005649716,0.0832699088686944,0.0715358120639406,-0.0669217537623772,5,4,2.6183277591973244,,,6,0.2674210858948578,barabasi_albert,0.621808376973886,0.2648668033265106,0.1157494406294323,0.9666666666666668,0.7,0.55,0.25,0.1833333333333333,0.8438827973225907,0.3531557377691624,0.1849986789311577,1.8316119293908864,0.7368421052623823,0.7499999999989773,periodic
barabasi_albert_21.pkl,periodic,0.028020908399363158,0.04274481084052044,-14.4,-14.4,769.0,769.0,31,24.33003616333008,742,300,1475,0.0328874024526198,9.833333333333334,8.020389290434887,68,6.915254237288135,0.3331887005649716,0.0832699088686944,0.0715358120639406,-0.0669217537623772,5,4,2.6183277591973244,,,6,0.2674210858948578,barabasi_albert,0.621808376973886,0.2648668033265106,0.1157494406294323,0.9666666666666668,0.7,0.55,0.25,0.1833333333333333,0.8438827973225907,0.3531557377691624,0.1849986789311577,1.8316119293908864,0.7368421052623823,0.7499999999989773,periodic
barabasi_albert_21.pkl,reactive,0.05356900289567461,0.08257775902844369,-24.30000000000009,-24.30000000000009,800.0,800.0,49,21.41465473175049,762,300,1475,0.0328874024526198,9.833333333333334,8.020389290434887,68,6.915254237288135,0.3331887005649716,0.0832699088686944,0.0715358120639406,-0.0669217537623772,5,4,2.6183277591973244,,,6,0.2674210858948578,barabasi_albert,0.621808376973886,0.2648668033265106,0.1157494406294323,0.9666666666666668,0.7,0.55,0.25,0.1833333333333333,0.8438827973225907,0.3531557377691624,0.1849986789311577,1.8316119293908864,0.7368421052623823,0.7499999999989773,periodic
barabasi_albert_22.pkl,affinity,0.08066771246109326,0.10942924549376189,-15.200000000000125,-1.7347249676048486,814.0,65.00975361233107,4,8.554835557937622,814,300,1475,0.0328874024526198,9.833333333333334,8.858166435416946,76,7.728813559322034,0.3406689265536722,0.1025079175142324,0.0753634894991922,-0.1081070905409417,5,4,2.583500557413601,,,8,0.2656705544383798,barabasi_albert,0.4521342940835331,0.162750949639738,-0.0116811040630617,-0.2666666666666666,0.5333333333333333,0.3666666666666666,0.45,0.4,0.8336226047173619,0.3402974401562597,0.1995835937522927,1.9386057078208243,0.5423728813553806,0.4782608695645935,affinity_reactive
barabasi_albert_22.pkl,affinity_periodic,0.039077015215123585,0.05965681116496304,-14.900000000000091,-1.5887060422940404,784.0,61.72409752473356,34,37.21840834617615,779,300,1475,0.0328874024526198,9.833333333333334,8.858166435416946,76,7.728813559322034,0.3406689265536722,0.1025079175142324,0.0753634894991922,-0.1081070905409417,5,4,2.583500557413601,,,8,0.2656705544383798,barabasi_albert,0.4521342940835331,0.162750949639738,-0.0116811040630617,-0.2666666666666666,0.5333333333333333,0.3666666666666666,0.45,0.4,0.8336226047173619,0.3402974401562597,0.1995835937522927,1.9386057078208243,0.5423728813553806,0.4782608695645935,affinity_reactive
barabasi_albert_22.pkl,affinity_reactive,0.08054995409163934,0.10952811217078597,-14.999999999999984,-1.7993476952326588,815.0,64.68663997419206,49,23.98397159576416,742,300,1475,0.0328874024526198,9.833333333333334,8.858166435416946,76,7.728813559322034,0.3406689265536722,0.1025079175142324,0.0753634894991922,-0.1081070905409417,5,4,2.583500557413601,,,8,0.2656705544383798,barabasi_albert,0.4521342940835331,0.162750949639738,-0.0116811040630617,-0.2666666666666666,0.5333333333333333,0.3666666666666666,0.45,0.4,0.8336226047173619,0.3402974401562597,0.1995835937522927,1.9386057078208243,0.5423728813553806,0.4782608695645935,affinity_reactive
barabasi_albert_22.pkl,baseline,0.05451229239722536,0.09133362239294042,-6.900000000000117,-6.900000000000117,828.0,828.0,2,6.159520149230957,828,300,1475,0.0328874024526198,9.833333333333334,8.858166435416946,76,7.728813559322034,0.3406689265536722,0.1025079175142324,0.0753634894991922,-0.1081070905409417,5,4,2.583500557413601,,,8,0.2656705544383798,barabasi_albert,0.4521342940835331,0.162750949639738,-0.0116811040630617,-0.2666666666666666,0.5333333333333333,0.3666666666666666,0.45,0.4,0.8336226047173619,0.3402974401562597,0.1995835937522927,1.9386057078208243,0.5423728813553806,0.4782608695645935,affinity_reactive
barabasi_albert_22.pkl,periodic,0.02828369206865618,0.04825828230846151,-11.400000000000002,-11.400000000000002,764.0,764.0,27,25.703535556793213,748,300,1475,0.0328874024526198,9.833333333333334,8.858166435416946,76,7.728813559322034,0.3406689265536722,0.1025079175142324,0.0753634894991922,-0.1081070905409417,5,4,2.583500557413601,,,8,0.2656705544383798,barabasi_albert,0.4521342940835331,0.162750949639738,-0.0116811040630617,-0.2666666666666666,0.5333333333333333,0.3666666666666666,0.45,0.4,0.8336226047173619,0.3402974401562597,0.1995835937522927,1.9386057078208243,0.5423728813553806,0.4782608695645935,affinity_reactive
barabasi_albert_22.pkl,reactive,0.05674714429881954,0.08868841785559224,-20.300000000000086,-20.300000000000086,774.0,774.0,21,23.45637035369873,753,300,1475,0.0328874024526198,9.833333333333334,8.858166435416946,76,7.728813559322034,0.3406689265536722,0.1025079175142324,0.0753634894991922,-0.1081070905409417,5,4,2.583500557413601,,,8,0.2656705544383798,barabasi_albert,0.4521342940835331,0.162750949639738,-0.0116811040630617,-0.2666666666666666,0.5333333333333333,0.3666666666666666,0.45,0.4,0.8336226047173619,0.3402974401562597,0.1995835937522927,1.9386057078208243,0.5423728813553806,0.4782608695645935,affinity_reactive
barabasi_albert_23.pkl,affinity,0.08977990450401503,0.12151750300676889,-17.000000000000096,-1.9482953968671564,782.0,62.262194220301694,5,8.5948326587677,778,300,1475,0.0328874024526198,9.833333333333334,8.685063229469806,66,6.711864406779661,0.3476045197740112,0.1045150052450281,0.0749197728955813,-0.1119768879779941,5,4,2.594715719063545,,,8,0.2728195346164895,barabasi_albert,0.5038897318088141,0.2254690867185544,0.0357498048485484,0.3666666666666666,0.6,0.4833333333333333,0.4,0.3,0.8398162196821969,0.3654154164063995,0.1907367071076811,1.7366114156712054,0.5999999999993999,0.6170212765949571,reactive
barabasi_albert_23.pkl,affinity_periodic,0.039254883761979664,0.06275361743297947,-10.499999999999938,-1.2400852983009907,769.0,60.817103642929645,13,40.02806329727173,752,300,1475,0.0328874024526198,9.833333333333334,8.685063229469806,66,6.711864406779661,0.3476045197740112,0.1045150052450281,0.0749197728955813,-0.1119768879779941,5,4,2.594715719063545,,,8,0.2728195346164895,barabasi_albert,0.5038897318088141,0.2254690867185544,0.0357498048485484,0.3666666666666666,0.6,0.4833333333333333,0.4,0.3,0.8398162196821969,0.3654154164063995,0.1907367071076811,1.7366114156712054,0.5999999999993999,0.6170212765949571,reactive
barabasi_albert_23.pkl,affinity_reactive,0.08977990450401503,0.12151750300676889,-17.000000000000096,-1.9482953968671564,782.0,62.262194220301694,34,30.15717959403992,756,300,1475,0.0328874024526198,9.833333333333334,8.685063229469806,66,6.711864406779661,0.3476045197740112,0.1045150052450281,0.0749197728955813,-0.1119768879779941,5,4,2.594715719063545,,,8,0.2728195346164895,barabasi_albert,0.5038897318088141,0.2254690867185544,0.0357498048485484,0.3666666666666666,0.6,0.4833333333333333,0.4,0.3,0.8398162196821969,0.3654154164063995,0.1907367071076811,1.7366114156712054,0.5999999999993999,0.6170212765949571,reactive
barabasi_albert_23.pkl,baseline,0.06228637599396253,0.08943707574225918,-19.500000000000064,-19.500000000000064,784.0,784.0,5,9.989557981491089,782,300,1475,0.0328874024526198,9.833333333333334,8.685063229469806,66,6.711864406779661,0.3476045197740112,0.1045150052450281,0.0749197728955813,-0.1119768879779941,5,4,2.594715719063545,,,8,0.2728195346164895,barabasi_albert,0.5038897318088141,0.2254690867185544,0.0357498048485484,0.3666666666666666,0.6,0.4833333333333333,0.4,0.3,0.8398162196821969,0.3654154164063995,0.1907367071076811,1.7366114156712054,0.5999999999993999,0.6170212765949571,reactive
barabasi_albert_23.pkl,periodic,0.029928674732312595,0.047718247376559525,-17.400000000000098,-17.400000000000098,741.0,741.0,30,26.75088572502136,734,300,1475,0.0328874024526198,9.833333333333334,8.685063229469806,66,6.711864406779661,0.3476045197740112,0.1045150052450281,0.0749197728955813,-0.1119768879779941,5,4,2.594715719063545,,,8,0.2728195346164895,barabasi_albert,0.5038897318088141,0.2254690867185544,0.0357498048485484,0.3666666666666666,0.6,0.4833333333333333,0.4,0.3,0.8398162196821969,0.3654154164063995,0.1907367071076811,1.7366114156712054,0.5999999999993999,0.6170212765949571,reactive
barabasi_albert_23.pkl,reactive,0.06398681336863134,0.08849803931914547,-26.100000000000147,-26.100000000000147,763.0,763.0,43,25.547089099884037,730,300,1475,0.0328874024526198,9.833333333333334,8.685063229469806,66,6.711864406779661,0.3476045197740112,0.1045150052450281,0.0749197728955813,-0.1119768879779941,5,4,2.594715719063545,,,8,0.2728195346164895,barabasi_albert,0.5038897318088141,0.2254690867185544,0.0357498048485484,0.3666666666666666,0.6,0.4833333333333333,0.4,0.3,0.8398162196821969,0.3654154164063995,0.1907367071076811,1.7366114156712054,0.5999999999993999,0.6170212765949571,reactive
barabasi_albert_24.pkl,affinity,0.07379543523716742,0.11001821829199328,-16.200000000000067,-1.865445289346307,789.0,62.74576520959509,2,8.856976985931396,789,300,1475,0.0328874024526198,9.833333333333334,8.52061569734027,73,7.423728813559322,0.3456790960451976,0.0953592462268142,0.0707197588242683,-0.1011234083291081,5,4,2.603032329988852,,,6,0.2663096811261132,barabasi_albert,0.4183668490312096,0.1304655917461081,0.0013379095147634,-0.4833333333333333,0.5,0.2833333333333333,0.5,0.45,0.8367336980632559,0.3376756492256816,0.1951233735591719,1.9614217142784307,0.4999999999994999,0.3863636363631095,periodic
barabasi_albert_24.pkl,affinity_periodic,0.037646257743642636,0.05448532127751136,-12.599999999999987,-1.51268900979717,772.0,61.47246206261106,32,32.4561665058136,756,300,1475,0.0328874024526198,9.833333333333334,8.52061569734027,73,7.423728813559322,0.3456790960451976,0.0953592462268142,0.0707197588242683,-0.1011234083291081,5,4,2.603032329988852,,,6,0.2663096811261132,barabasi_albert,0.4183668490312096,0.1304655917461081,0.0013379095147634,-0.4833333333333333,0.5,0.2833333333333333,0.5,0.45,0.8367336980632559,0.3376756492256816,0.1951233735591719,1.9614217142784307,0.4999999999994999,0.3863636363631095,periodic
barabasi_albert_24.pkl,affinity_reactive,0.07428126519668157,0.1096155026746148,-16.800000000000086,-1.9285873370605442,786.0,62.43005497102392,49,29.161518096923828,750,300,1475,0.0328874024526198,9.833333333333334,8.52061569734027,73,7.423728813559322,0.3456790960451976,0.0953592462268142,0.0707197588242683,-0.1011234083291081,5,4,2.603032329988852,,,6,0.2663096811261132,barabasi_albert,0.4183668490312096,0.1304655917461081,0.0013379095147634,-0.4833333333333333,0.5,0.2833333333333333,0.5,0.45,0.8367336980632559,0.3376756492256816,0.1951233735591719,1.9614217142784307,0.4999999999994999,0.3863636363631095,periodic
barabasi_albert_24.pkl,baseline,0.05536271251148396,0.08445963112939527,-14.900000000000077,-14.900000000000077,811.0,811.0,3,10.21351170539856,811,300,1475,0.0328874024526198,9.833333333333334,8.52061569734027,73,7.423728813559322,0.3456790960451976,0.0953592462268142,0.0707197588242683,-0.1011234083291081,5,4,2.603032329988852,,,6,0.2663096811261132,barabasi_albert,0.4183668490312096,0.1304655917461081,0.0013379095147634,-0.4833333333333333,0.5,0.2833333333333333,0.5,0.45,0.8367336980632559,0.3376756492256816,0.1951233735591719,1.9614217142784307,0.4999999999994999,0.3863636363631095,periodic
barabasi_albert_24.pkl,periodic,0.027012011878650637,0.04331130576367652,-13.300000000000146,-13.300000000000146,761.0,761.0,34,27.18496012687683,737,300,1475,0.0328874024526198,9.833333333333334,8.52061569734027,73,7.423728813559322,0.3456790960451976,0.0953592462268142,0.0707197588242683,-0.1011234083291081,5,4,2.603032329988852,,,6,0.2663096811261132,barabasi_albert,0.4183668490312096,0.1304655917461081,0.0013379095147634,-0.4833333333333333,0.5,0.2833333333333333,0.5,0.45,0.8367336980632559,0.3376756492256816,0.1951233735591719,1.9614217142784307,0.4999999999994999,0.3863636363631095,periodic
barabasi_albert_24.pkl,reactive,0.058126636917086624,0.0823195915698357,-21.90000000000019,-21.90000000000019,786.0,786.0,36,21.976645469665527,747,300,1475,0.0328874024526198,9.833333333333334,8.52061569734027,73,7.423728813559322,0.3456790960451976,0.0953592462268142,0.0707197588242683,-0.1011234083291081,5,4,2.603032329988852,,,6,0.2663096811261132,barabasi_albert,0.4183668490312096,0.1304655917461081,0.0013379095147634,-0.4833333333333333,0.5,0.2833333333333333,0.5,0.45,0.8367336980632559,0.3376756492256816,0.1951233735591719,1.9614217142784307,0.4999999999994999,0.3863636363631095,periodic
barabasi_albert_25.pkl,affinity,0.08613648222875735,0.11820028658648968,-24.500000000000075,-2.7354621133163226,779.0,61.4598753484161,3,13.72325849533081,779,300,1475,0.0328874024526198,9.833333333333334,8.237622044338613,69,7.016949152542373,0.339489265536723,0.0937997223211088,0.0732717700871666,-0.071348161606974,5,4,2.6133333333333333,,,9,0.2773759264579144,barabasi_albert,0.4066441881572682,0.1812956746561002,0.0330624744231068,0.4166666666666667,0.4666666666666667,0.4333333333333333,0.4666666666666667,0.3333333333333333,0.8132883763154077,0.3207538859304418,0.2295761615707416,2.1176551364271186,0.4999999999994643,0.5652173913036106,affinity_periodic
barabasi_albert_25.pkl,affinity_periodic,0.0434304206280356,0.05995093853790047,-19.900000000000002,-2.3542525585868335,754.0,59.06580903030403,13,35.736270904541016,736,300,1475,0.0328874024526198,9.833333333333334,8.237622044338613,69,7.016949152542373,0.339489265536723,0.0937997223211088,0.0732717700871666,-0.071348161606974,5,4,2.6133333333333333,,,9,0.2773759264579144,barabasi_albert,0.4066441881572682,0.1812956746561002,0.0330624744231068,0.4166666666666667,0.4666666666666667,0.4333333333333333,0.4666666666666667,0.3333333333333333,0.8132883763154077,0.3207538859304418,0.2295761615707416,2.1176551364271186,0.4999999999994643,0.5652173913036106,affinity_periodic
barabasi_albert_25.pkl,affinity_reactive,0.0848555318183842,0.11919035492980808,-25.10000000000001,-2.743916950769188,776.0,61.4176011611518,21,36.06118369102478,765,300,1475,0.0328874024526198,9.833333333333334,8.237622044338613,69,7.016949152542373,0.339489265536723,0.0937997223211088,0.0732717700871666,-0.071348161606974,5,4,2.6133333333333333,,,9,0.2773759264579144,barabasi_albert,0.4066441881572682,0.1812956746561002,0.0330624744231068,0.4166666666666667,0.4666666666666667,0.4333333333333333,0.4666666666666667,0.3333333333333333,0.8132883763154077,0.3207538859304418,0.2295761615707416,2.1176551364271186,0.4999999999994643,0.5652173913036106,affinity_periodic
barabasi_albert_25.pkl,baseline,0.06923325400971798,0.08348798298107045,-23.600000000000076,-23.600000000000076,774.0,774.0,5,6.514470100402832,773,300,1475,0.0328874024526198,9.833333333333334,8.237622044338613,69,7.016949152542373,0.339489265536723,0.0937997223211088,0.0732717700871666,-0.071348161606974,5,4,2.6133333333333333,,,9,0.2773759264579144,barabasi_albert,0.4066441881572682,0.1812956746561002,0.0330624744231068,0.4166666666666667,0.4666666666666667,0.4333333333333333,0.4666666666666667,0.3333333333333333,0.8132883763154077,0.3207538859304418,0.2295761615707416,2.1176551364271186,0.4999999999994643,0.5652173913036106,affinity_periodic
barabasi_albert_25.pkl,periodic,0.028398531108575757,0.0459737489008063,-14.500000000000098,-14.500000000000098,760.0,760.0,47,26.068663597106934,746,300,1475,0.0328874024526198,9.833333333333334,8.237622044338613,69,7.016949152542373,0.339489265536723,0.0937997223211088,0.0732717700871666,-0.071348161606974,5,4,2.6133333333333333,,,9,0.2773759264579144,barabasi_albert,0.4066441881572682,0.1812956746561002,0.0330624744231068,0.4166666666666667,0.4666666666666667,0.4333333333333333,0.4666666666666667,0.3333333333333333,0.8132883763154077,0.3207538859304418,0.2295761615707416,2.1176551364271186,0.4999999999994643,0.5652173913036106,affinity_periodic
barabasi_albert_25.pkl,reactive,0.06923325400971798,0.08348798298107045,-23.600000000000076,-23.600000000000076,774.0,774.0,37,22.91750431060791,736,300,1475,0.0328874024526198,9.833333333333334,8.237622044338613,69,7.016949152542373,0.339489265536723,0.0937997223211088,0.0732717700871666,-0.071348161606974,5,4,2.6133333333333333,,,9,0.2773759264579144,barabasi_albert,0.4066441881572682,0.1812956746561002,0.0330624744231068,0.4166666666666667,0.4666666666666667,0.4333333333333333,0.4666666666666667,0.3333333333333333,0.8132883763154077,0.3207538859304418,0.2295761615707416,2.1176551364271186,0.4999999999994643,0.5652173913036106,affinity_periodic
barabasi_albert_26.pkl,affinity,0.09276082833257343,0.10715460796120059,-25.400000000000066,-3.0108027626551785,747.0,60.947028757250365,7,16.99975562095642,739,300,1475,0.0328874024526198,9.833333333333334,7.823228141293377,54,5.491525423728813,0.3288361581920902,0.0886709416821957,0.0788583795482213,-0.0393377881366042,5,4,2.6391750278706803,,,7,0.2686894570525711,barabasi_albert,0.4460521834244998,0.1996041713632371,0.0064526227792422,0.2333333333333333,0.5333333333333333,0.4666666666666667,0.45,0.35,0.822408713189758,0.3493072998860926,0.2159404247085909,1.8628087655943488,0.5423728813553806,0.5714285714278717,affinity_periodic
barabasi_albert_26.pkl,affinity_periodic,0.0433043376975675,0.055020361346978755,-23.70000000000004,-2.827779402495411,733.0,59.22794845050721,40,32.51752305030823,722,300,1475,0.0328874024526198,9.833333333333334,7.823228141293377,54,5.491525423728813,0.3288361581920902,0.0886709416821957,0.0788583795482213,-0.0393377881366042,5,4,2.6391750278706803,,,7,0.2686894570525711,barabasi_albert,0.4460521834244998,0.1996041713632371,0.0064526227792422,0.2333333333333333,0.5333333333333333,0.4666666666666667,0.45,0.35,0.822408713189758,0.3493072998860926,0.2159404247085909,1.8628087655943488,0.5423728813553806,0.5714285714278717,affinity_periodic
barabasi_albert_26.pkl,affinity_reactive,0.09276082833257343,0.10715460796120059,-25.400000000000066,-3.0108027626551785,747.0,60.947028757250365,14,32.264278173446655,727,300,1475,0.0328874024526198,9.833333333333334,7.823228141293377,54,5.491525423728813,0.3288361581920902,0.0886709416821957,0.0788583795482213,-0.0393377881366042,5,4,2.6391750278706803,,,7,0.2686894570525711,barabasi_albert,0.4460521834244998,0.1996041713632371,0.0064526227792422,0.2333333333333333,0.5333333333333333,0.4666666666666667,0.45,0.35,0.822408713189758,0.3493072998860926,0.2159404247085909,1.8628087655943488,0.5423728813553806,0.5714285714278717,affinity_periodic
barabasi_albert_26.pkl,baseline,0.05943416879752228,0.08242493913236859,-19.800000000000022,-19.800000000000022,770.0,770.0,3,10.51470947265625,770,300,1475,0.0328874024526198,9.833333333333334,7.823228141293377,54,5.491525423728813,0.3288361581920902,0.0886709416821957,0.0788583795482213,-0.0393377881366042,5,4,2.6391750278706803,,,7,0.2686894570525711,barabasi_albert,0.4460521834244998,0.1996041713632371,0.0064526227792422,0.2333333333333333,0.5333333333333333,0.4666666666666667,0.45,0.35,0.822408713189758,0.3493072998860926,0.2159404247085909,1.8628087655943488,0.5423728813553806,0.5714285714278717,affinity_periodic
barabasi_albert_26.pkl,periodic,0.026293587043348117,0.043075332013708736,-11.000000000000098,-11.000000000000098,765.0,765.0,34,24.03423047065735,739,300,1475,0.0328874024526198,9.833333333333334,7.823228141293377,54,5.491525423728813,0.3288361581920902,0.0886709416821957,0.0788583795482213,-0.0393377881366042,5,4,2.6391750278706803,,,7,0.2686894570525711,barabasi_albert,0.4460521834244998,0.1996041713632371,0.0064526227792422,0.2333333333333333,0.5333333333333333,0.4666666666666667,0.45,0.35,0.822408713189758,0.3493072998860926,0.2159404247085909,1.8628087655943488,0.5423728813553806,0.5714285714278717,affinity_periodic
barabasi_albert_26.pkl,reactive,0.05998818541802088,0.08193342705944406,-20.80000000000017,-20.80000000000017,765.0,765.0,27,22.178702116012573,736,300,1475,0.0328874024526198,9.833333333333334,7.823228141293377,54,5.491525423728813,0.3288361581920902,0.0886709416821957,0.0788583795482213,-0.0393377881366042,5,4,2.6391750278706803,,,7,0.2686894570525711,barabasi_albert,0.4460521834244998,0.1996041713632371,0.0064526227792422,0.2333333333333333,0.5333333333333333,0.4666666666666667,0.45,0.35,0.822408713189758,0.3493072998860926,0.2159404247085909,1.8628087655943488,0.5423728813553806,0.5714285714278717,affinity_periodic
barabasi_albert_27.pkl,affinity,0.08796238023754613,0.09604879674079145,-18.600000000000115,-2.194720960252689,776.0,63.90457868600148,5,8.89342713356018,770,300,1475,0.0328874024526198,9.833333333333334,7.770897312345528,58,5.898305084745762,0.3350079096045197,0.0775779576995352,0.0704538241827991,-0.0554056756837256,5,4,2.634158305462653,,,8,0.2687004883654122,barabasi_albert,0.4367803480259906,0.2001003649110676,0.0417274992340504,0.2833333333333333,0.5166666666666667,0.4333333333333333,0.4666666666666667,0.3166666666666666,0.8312916301148274,0.3463275546542327,0.2029472735842038,1.887439900640832,0.525423728813025,0.5777777777770075,affinity_reactive
barabasi_albert_27.pkl,affinity_periodic,0.038693053464806546,0.05806886296170199,-14.50000000000011,-1.4944577268946115,768.0,61.87527562701129,22,34.43790793418884,747,300,1475,0.0328874024526198,9.833333333333334,7.770897312345528,58,5.898305084745762,0.3350079096045197,0.0775779576995352,0.0704538241827991,-0.0554056756837256,5,4,2.634158305462653,,,8,0.2687004883654122,barabasi_albert,0.4367803480259906,0.2001003649110676,0.0417274992340504,0.2833333333333333,0.5166666666666667,0.4333333333333333,0.4666666666666667,0.3166666666666666,0.8312916301148274,0.3463275546542327,0.2029472735842038,1.887439900640832,0.525423728813025,0.5777777777770075,affinity_reactive
barabasi_albert_27.pkl,affinity_reactive,0.08796238023754613,0.09604879674079145,-18.600000000000115,-2.194720960252689,776.0,63.90457868600148,48,26.663520097732544,733,300,1475,0.0328874024526198,9.833333333333334,7.770897312345528,58,5.898305084745762,0.3350079096045197,0.0775779576995352,0.0704538241827991,-0.0554056756837256,5,4,2.634158305462653,,,8,0.2687004883654122,barabasi_albert,0.4367803480259906,0.2001003649110676,0.0417274992340504,0.2833333333333333,0.5166666666666667,0.4333333333333333,0.4666666666666667,0.3166666666666666,0.8312916301148274,0.3463275546542327,0.2029472735842038,1.887439900640832,0.525423728813025,0.5777777777770075,affinity_reactive
barabasi_albert_27.pkl,baseline,0.05570252684340006,0.09032401321574568,-11.900000000000087,-11.900000000000087,794.0,794.0,2,6.392352104187012,794,300,1475,0.0328874024526198,9.833333333333334,7.770897312345528,58,5.898305084745762,0.3350079096045197,0.0775779576995352,0.0704538241827991,-0.0554056756837256,5,4,2.634158305462653,,,8,0.2687004883654122,barabasi_albert,0.4367803480259906,0.2001003649110676,0.0417274992340504,0.2833333333333333,0.5166666666666667,0.4333333333333333,0.4666666666666667,0.3166666666666666,0.8312916301148274,0.3463275546542327,0.2029472735842038,1.887439900640832,0.525423728813025,0.5777777777770075,affinity_reactive
barabasi_albert_27.pkl,periodic,0.02597870921771272,0.044698504182366046,-9.700000000000063,-9.700000000000063,775.0,775.0,9,27.65093207359314,765,300,1475,0.0328874024526198,9.833333333333334,7.770897312345528,58,5.898305084745762,0.3350079096045197,0.0775779576995352,0.0704538241827991,-0.0554056756837256,5,4,2.634158305462653,,,8,0.2687004883654122,barabasi_albert,0.4367803480259906,0.2001003649110676,0.0417274992340504,0.2833333333333333,0.5166666666666667,0.4333333333333333,0.4666666666666667,0.3166666666666666,0.8312916301148274,0.3463275546542327,0.2029472735842038,1.887439900640832,0.525423728813025,0.5777777777770075,affinity_reactive
barabasi_albert_27.pkl,reactive,0.05682095446339723,0.0894788956276477,-14.800000000000088,-14.800000000000088,784.0,784.0,40,25.362075328826904,754,300,1475,0.0328874024526198,9.833333333333334,7.770897312345528,58,5.898305084745762,0.3350079096045197,0.0775779576995352,0.0704538241827991,-0.0554056756837256,5,4,2.634158305462653,,,8,0.2687004883654122,barabasi_albert,0.4367803480259906,0.2001003649110676,0.0417274992340504,0.2833333333333333,0.5166666666666667,0.4333333333333333,0.4666666666666667,0.3166666666666666,0.8312916301148274,0.3463275546542327,0.2029472735842038,1.887439900640832,0.525423728813025,0.5777777777770075,affinity_reactive
barabasi_albert_28.pkl,affinity,0.08539593895863601,0.11715667382606461,-16.10000000000003,-1.8750757732071643,790.0,64.97739605839972,3,8.835889101028442,790,300,1475,0.0328874024526198,9.833333333333334,8.038716237770402,71,7.220338983050847,0.329541242937853,0.0787138999249462,0.0720581754076685,-0.0547883186925522,5,4,2.62546265328874,,,6,0.2714224648089629,barabasi_albert,0.4687961444784028,0.186310836461266,0.0143972161679923,0.1333333333333333,0.5666666666666667,0.4666666666666667,0.4333333333333333,0.3166666666666666,0.8272873137862442,0.3127360469175242,0.2087698957008079,2.197584703958745,0.5666666666660999,0.5957446808503034,reactive
barabasi_albert_28.pkl,affinity_periodic,0.039338761917835044,0.059947310133171686,-15.700000000000093,-1.843252588783998,778.0,63.01557127257716,9,40.41060757637024,772,300,1475,0.0328874024526198,9.833333333333334,8.038716237770402,71,7.220338983050847,0.329541242937853,0.0787138999249462,0.0720581754076685,-0.0547883186925522,5,4,2.62546265328874,,,6,0.2714224648089629,barabasi_albert,0.4687961444784028,0.186310836461266,0.0143972161679923,0.1333333333333333,0.5666666666666667,0.4666666666666667,0.4333333333333333,0.3166666666666666,0.8272873137862442,0.3127360469175242,0.2087698957008079,2.197584703958745,0.5666666666660999,0.5957446808503034,reactive
barabasi_albert_28.pkl,affinity_reactive,0.08572407677651951,0.11685961878022502,-16.499999999999986,-1.9035761705931116,788.0,64.83489407146999,26,36.02687311172485,766,300,1475,0.0328874024526198,9.833333333333334,8.038716237770402,71,7.220338983050847,0.329541242937853,0.0787138999249462,0.0720581754076685,-0.0547883186925522,5,4,2.62546265328874,,,6,0.2714224648089629,barabasi_albert,0.4687961444784028,0.186310836461266,0.0143972161679923,0.1333333333333333,0.5666666666666667,0.4666666666666667,0.4333333333333333,0.3166666666666666,0.8272873137862442,0.3127360469175242,0.2087698957008079,2.197584703958745,0.5666666666660999,0.5957446808503034,reactive
barabasi_albert_28.pkl,baseline,0.05797489421058031,0.09540882331709445,-11.200000000000047,-11.200000000000047,799.0,799.0,3,6.64297342300415,799,300,1475,0.0328874024526198,9.833333333333334,8.038716237770402,71,7.220338983050847,0.329541242937853,0.0787138999249462,0.0720581754076685,-0.0547883186925522,5,4,2.62546265328874,,,6,0.2714224648089629,barabasi_albert,0.4687961444784028,0.186310836461266,0.0143972161679923,0.1333333333333333,0.5666666666666667,0.4666666666666667,0.4333333333333333,0.3166666666666666,0.8272873137862442,0.3127360469175242,0.2087698957008079,2.197584703958745,0.5666666666660999,0.5957446808503034,reactive
barabasi_albert_28.pkl,periodic,0.027439518254088004,0.04759299896714026,-9.80000000000011,-9.80000000000011,785.0,785.0,13,30.130359649658203,782,300,1475,0.0328874024526198,9.833333333333334,8.038716237770402,71,7.220338983050847,0.329541242937853,0.0787138999249462,0.0720581754076685,-0.0547883186925522,5,4,2.62546265328874,,,6,0.2714224648089629,barabasi_albert,0.4687961444784028,0.186310836461266,0.0143972161679923,0.1333333333333333,0.5666666666666667,0.4666666666666667,0.4333333333333333,0.3166666666666666,0.8272873137862442,0.3127360469175242,0.2087698957008079,2.197584703958745,0.5666666666660999,0.5957446808503034,reactive
barabasi_albert_28.pkl,reactive,0.05920588364181821,0.09450411885954667,-15.000000000000126,-15.000000000000126,785.0,785.0,49,22.35957884788513,755,300,1475,0.0328874024526198,9.833333333333334,8.038716237770402,71,7.220338983050847,0.329541242937853,0.0787138999249462,0.0720581754076685,-0.0547883186925522,5,4,2.62546265328874,,,6,0.2714224648089629,barabasi_albert,0.4687961444784028,0.186310836461266,0.0143972161679923,0.1333333333333333,0.5666666666666667,0.4666666666666667,0.4333333333333333,0.3166666666666666,0.8272873137862442,0.3127360469175242,0.2087698957008079,2.197584703958745,0.5666666666660999,0.5957446808503034,reactive
barabasi_albert_29.pkl,affinity,0.08367555804508728,0.1043511819252446,-20.80000000000008,-2.4210442411139748,769.0,61.051531983129536,5,14.19994592666626,766,300,1475,0.0328874024526198,9.833333333333334,8.752957773700432,79,8.033898305084746,0.3370666666666666,0.0946615072626764,0.0720499938732998,-0.0910576056707097,5,4,2.5950278706800445,,,7,0.2694428037920138,barabasi_albert,0.4161126920722525,0.1824099225027026,-0.0185531390340948,0.05,0.4833333333333333,0.4333333333333333,0.4833333333333333,0.4333333333333333,0.832225384145366,0.3648198450058262,0.2015975708634821,1.7410789563381064,0.4999999999994827,0.4999999999994231,reactive
barabasi_albert_29.pkl,affinity_periodic,0.0396585654535877,0.056306449124221426,-15.20000000000006,-1.7835085291927308,763.0,60.5167638048904,49,31.579711198806763,759,300,1475,0.0328874024526198,9.833333333333334,8.752957773700432,79,8.033898305084746,0.3370666666666666,0.0946615072626764,0.0720499938732998,-0.0910576056707097,5,4,2.5950278706800445,,,7,0.2694428037920138,barabasi_albert,0.4161126920722525,0.1824099225027026,-0.0185531390340948,0.05,0.4833333333333333,0.4333333333333333,0.4833333333333333,0.4333333333333333,0.832225384145366,0.3648198450058262,0.2015975708634821,1.7410789563381064,0.4999999999994827,0.4999999999994231,reactive
barabasi_albert_29.pkl,affinity_reactive,0.08367555804508728,0.1043511819252446,-20.80000000000008,-2.4210442411139748,769.0,61.051531983129536,15,37.27124214172363,764,300,1475,0.0328874024526198,9.833333333333334,8.752957773700432,79,8.033898305084746,0.3370666666666666,0.0946615072626764,0.0720499938732998,-0.0910576056707097,5,4,2.5950278706800445,,,7,0.2694428037920138,barabasi_albert,0.4161126920722525,0.1824099225027026,-0.0185531390340948,0.05,0.4833333333333333,0.4333333333333333,0.4833333333333333,0.4333333333333333,0.832225384145366,0.3648198450058262,0.2015975708634821,1.7410789563381064,0.4999999999994827,0.4999999999994231,reactive
barabasi_albert_29.pkl,baseline,0.05566464420913688,0.08441913724491643,-16.60000000000011,-16.60000000000011,778.0,778.0,5,10.769298553466797,774,300,1475,0.0328874024526198,9.833333333333334,8.752957773700432,79,8.033898305084746,0.3370666666666666,0.0946615072626764,0.0720499938732998,-0.0910576056707097,5,4,2.5950278706800445,,,7,0.2694428037920138,barabasi_albert,0.4161126920722525,0.1824099225027026,-0.0185531390340948,0.05,0.4833333333333333,0.4333333333333333,0.4833333333333333,0.4333333333333333,0.832225384145366,0.3648198450058262,0.2015975708634821,1.7410789563381064,0.4999999999994827,0.4999999999994231,reactive
barabasi_albert_29.pkl,periodic,0.025233757978246663,0.043628310867101686,-10.899999999999988,-10.899999999999988,775.0,775.0,25,25.252853393554688,759,300,1475,0.0328874024526198,9.833333333333334,8.752957773700432,79,8.033898305084746,0.3370666666666666,0.0946615072626764,0.0720499938732998,-0.0910576056707097,5,4,2.5950278706800445,,,7,0.2694428037920138,barabasi_albert,0.4161126920722525,0.1824099225027026,-0.0185531390340948,0.05,0.4833333333333333,0.4333333333333333,0.4833333333333333,0.4333333333333333,0.832225384145366,0.3648198450058262,0.2015975708634821,1.7410789563381064,0.4999999999994827,0.4999999999994231,reactive
barabasi_albert_29.pkl,reactive,0.05540346207222432,0.0846233787835809,-16.80000000000008,-16.80000000000008,777.0,777.0,42,27.00381636619568,754,300,1475,0.0328874024526198,9.833333333333334,8.752957773700432,79,8.033898305084746,0.3370666666666666,0.0946615072626764,0.0720499938732998,-0.0910576056707097,5,4,2.5950278706800445,,,7,0.2694428037920138,barabasi_albert,0.4161126920722525,0.1824099225027026,-0.0185531390340948,0.05,0.4833333333333333,0.4333333333333333,0.4833333333333333,0.4333333333333333,0.832225384145366,0.3648198450058262,0.2015975708634821,1.7410789563381064,0.4999999999994827,0.4999999999994231,reactive
barabasi_albert_3.pkl,affinity,0.08136242572273235,0.09955390495167622,-14.600000000000069,-1.5452190041438845,784.0,62.56414268539636,6,14.080646276474,765,300,1475,0.0328874024526198,9.833333333333334,8.88982482995286,77,7.830508474576271,0.3436203389830508,0.1054765342929861,0.0804218322331347,-0.0866826362923672,5,4,2.599442586399108,,,9,0.2673990232691755,barabasi_albert,0.369933777046015,0.1413791568138715,-0.0410083292188791,-0.45,0.4666666666666667,0.4,0.5333333333333333,0.5166666666666667,0.7927152365279678,0.3239939010321424,0.2614870434179159,2.086477852867956,0.4666666666662,0.4363636363631603,periodic
barabasi_albert_3.pkl,affinity_periodic,0.0351568227202754,0.05418628817236694,-12.000000000000107,-1.407779920050095,782.0,60.98481025665254,48,32.77270460128784,751,300,1475,0.0328874024526198,9.833333333333334,8.88982482995286,77,7.830508474576271,0.3436203389830508,0.1054765342929861,0.0804218322331347,-0.0866826362923672,5,4,2.599442586399108,,,9,0.2673990232691755,barabasi_albert,0.369933777046015,0.1413791568138715,-0.0410083292188791,-0.45,0.4666666666666667,0.4,0.5333333333333333,0.5166666666666667,0.7927152365279678,0.3239939010321424,0.2614870434179159,2.086477852867956,0.4666666666662,0.4363636363631603,periodic
barabasi_albert_3.pkl,affinity_reactive,0.08136242572273235,0.09955390495167622,-14.600000000000069,-1.5452190041438845,784.0,62.56414268539636,45,28.14025568962097,760,300,1475,0.0328874024526198,9.833333333333334,8.88982482995286,77,7.830508474576271,0.3436203389830508,0.1054765342929861,0.0804218322331347,-0.0866826362923672,5,4,2.599442586399108,,,9,0.2673990232691755,barabasi_albert,0.369933777046015,0.1413791568138715,-0.0410083292188791,-0.45,0.4666666666666667,0.4,0.5333333333333333,0.5166666666666667,0.7927152365279678,0.3239939010321424,0.2614870434179159,2.086477852867956,0.4666666666662,0.4363636363631603,periodic
barabasi_albert_3.pkl,baseline,0.06096535490481836,0.08170695939695286,-13.400000000000176,-13.400000000000176,804.0,804.0,4,6.185614109039307,804,300,1475,0.0328874024526198,9.833333333333334,8.88982482995286,77,7.830508474576271,0.3436203389830508,0.1054765342929861,0.0804218322331347,-0.0866826362923672,5,4,2.599442586399108,,,9,0.2673990232691755,barabasi_albert,0.369933777046015,0.1413791568138715,-0.0410083292188791,-0.45,0.4666666666666667,0.4,0.5333333333333333,0.5166666666666667,0.7927152365279678,0.3239939010321424,0.2614870434179159,2.086477852867956,0.4666666666662,0.4363636363631603,periodic
barabasi_albert_3.pkl,periodic,0.027153320275820327,0.04429497425073939,-14.700000000000061,-14.700000000000061,756.0,756.0,44,23.20351505279541,722,300,1475,0.0328874024526198,9.833333333333334,8.88982482995286,77,7.830508474576271,0.3436203389830508,0.1054765342929861,0.0804218322331347,-0.0866826362923672,5,4,2.599442586399108,,,9,0.2673990232691755,barabasi_albert,0.369933777046015,0.1413791568138715,-0.0410083292188791,-0.45,0.4666666666666667,0.4,0.5333333333333333,0.5166666666666667,0.7927152365279678,0.3239939010321424,0.2614870434179159,2.086477852867956,0.4666666666662,0.4363636363631603,periodic
barabasi_albert_3.pkl,reactive,0.06122563097473027,0.08150729585739679,-16.40000000000008,-16.40000000000008,789.0,789.0,46,21.395841360092163,737,300,1475,0.0328874024526198,9.833333333333334,8.88982482995286,77,7.830508474576271,0.3436203389830508,0.1054765342929861,0.0804218322331347,-0.0866826362923672,5,4,2.599442586399108,,,9,0.2673990232691755,barabasi_albert,0.369933777046015,0.1413791568138715,-0.0410083292188791,-0.45,0.4666666666666667,0.4,0.5333333333333333,0.5166666666666667,0.7927152365279678,0.3239939010321424,0.2614870434179159,2.086477852867956,0.4666666666662,0.4363636363631603,periodic
barabasi_albert_4.pkl,affinity,0.08074541544340273,0.09926876409813733,-22.90000000000005,-2.369758575194024,774.0,61.59408292549304,5,13.803571224212646,772,300,1475,0.0328874024526198,9.833333333333334,8.528070248465637,71,7.220338983050847,0.3457333333333332,0.0967329403148546,0.0756840431763032,-0.0749207552112458,5,4,2.6043701226309923,,,7,0.2579166906061477,barabasi_albert,0.3879169432818771,0.1437140736110921,-0.0620791478731983,-0.5166666666666667,0.4666666666666667,0.3833333333333333,0.5,0.4333333333333333,0.8035422396561481,0.3061734611718322,0.2444896492658806,2.2661224005916534,0.4827586206891557,0.469387755101466,reactive
barabasi_albert_4.pkl,affinity_periodic,0.036295583798175206,0.05332502772756729,-13.400000000000066,-1.3592224733351665,781.0,62.28777351602584,24,33.05602049827576,750,300,1475,0.0328874024526198,9.833333333333334,8.528070248465637,71,7.220338983050847,0.3457333333333332,0.0967329403148546,0.0756840431763032,-0.0749207552112458,5,4,2.6043701226309923,,,7,0.2579166906061477,barabasi_albert,0.3879169432818771,0.1437140736110921,-0.0620791478731983,-0.5166666666666667,0.4666666666666667,0.3833333333333333,0.5,0.4333333333333333,0.8035422396561481,0.3061734611718322,0.2444896492658806,2.2661224005916534,0.4827586206891557,0.469387755101466,reactive
barabasi_albert_4.pkl,affinity_reactive,0.08074541544340273,0.09926876409813733,-22.90000000000005,-2.369758575194024,774.0,61.59408292549304,49,28.752139568328857,740,300,1475,0.0328874024526198,9.833333333333334,8.528070248465637,71,7.220338983050847,0.3457333333333332,0.0967329403148546,0.0756840431763032,-0.0749207552112458,5,4,2.6043701226309923,,,7,0.2579166906061477,barabasi_albert,0.3879169432818771,0.1437140736110921,-0.0620791478731983,-0.5166666666666667,0.4666666666666667,0.3833333333333333,0.5,0.4333333333333333,0.8035422396561481,0.3061734611718322,0.2444896492658806,2.2661224005916534,0.4827586206891557,0.469387755101466,reactive
barabasi_albert_4.pkl,baseline,0.05536968787736198,0.08190933668461442,-17.20000000000008,-17.20000000000008,811.0,811.0,4,6.3797454833984375,811,300,1475,0.0328874024526198,9.833333333333334,8.528070248465637,71,7.220338983050847,0.3457333333333332,0.0967329403148546,0.0756840431763032,-0.0749207552112458,5,4,2.6043701226309923,,,7,0.2579166906061477,barabasi_albert,0.3879169432818771,0.1437140736110921,-0.0620791478731983,-0.5166666666666667,0.4666666666666667,0.3833333333333333,0.5,0.4333333333333333,0.8035422396561481,0.3061734611718322,0.2444896492658806,2.2661224005916534,0.4827586206891557,0.469387755101466,reactive
barabasi_albert_4.pkl,periodic,0.02842478874399228,0.04193954223661174,-16.20000000000001,-16.20000000000001,761.0,761.0,30,28.00416731834412,750,300,1475,0.0328874024526198,9.833333333333334,8.528070248465637,71,7.220338983050847,0.3457333333333332,0.0967329403148546,0.0756840431763032,-0.0749207552112458,5,4,2.6043701226309923,,,7,0.2579166906061477,barabasi_albert,0.3879169432818771,0.1437140736110921,-0.0620791478731983,-0.5166666666666667,0.4666666666666667,0.3833333333333333,0.5,0.4333333333333333,0.8035422396561481,0.3061734611718322,0.2444896492658806,2.2661224005916534,0.4827586206891557,0.469387755101466,reactive
barabasi_albert_4.pkl,reactive,0.05739310853109071,0.08040978468594195,-22.000000000000075,-22.000000000000075,787.0,787.0,39,26.831189393997192,734,300,1475,0.0328874024526198,9.833333333333334,8.528070248465637,71,7.220338983050847,0.3457333333333332,0.0967329403148546,0.0756840431763032,-0.0749207552112458,5,4,2.6043701226309923,,,7,0.2579166906061477,barabasi_albert,0.3879169432818771,0.1437140736110921,-0.0620791478731983,-0.5166666666666667,0.4666666666666667,0.3833333333333333,0.5,0.4333333333333333,0.8035422396561481,0.3061734611718322,0.2444896492658806,2.2661224005916534,0.4827586206891557,0.469387755101466,reactive
barabasi_albert_5.pkl,affinity,0.08599433052066167,0.10083576027236305,-16.699999999999996,-1.7848078816946156,788.0,62.91830442886843,5,13.954522132873535,786,300,1475,0.0328874024526198,9.833333333333334,8.402433686841059,71,7.220338983050847,0.3397785310734462,0.0912505553503875,0.0708531207598371,-0.0776246052344786,5,4,2.6077591973244147,,,8,0.2667688595231255,barabasi_albert,0.3966076094557335,0.1630901189536048,-0.0137530406254114,0.0333333333333333,0.4833333333333333,0.4,0.5166666666666667,0.3833333333333333,0.8205674678402695,0.3193848162845504,0.2186688349124981,2.1310192251251765,0.4833333333328499,0.5106382978716886,periodic
barabasi_albert_5.pkl,affinity_periodic,0.039567906094796663,0.05226448847097263,-14.60000000000013,-1.544863407759167,776.0,61.21602087539004,45,36.7108006477356,771,300,1475,0.0328874024526198,9.833333333333334,8.402433686841059,71,7.220338983050847,0.3397785310734462,0.0912505553503875,0.0708531207598371,-0.0776246052344786,5,4,2.6077591973244147,,,8,0.2667688595231255,barabasi_albert,0.3966076094557335,0.1630901189536048,-0.0137530406254114,0.0333333333333333,0.4833333333333333,0.4,0.5166666666666667,0.3833333333333333,0.8205674678402695,0.3193848162845504,0.2186688349124981,2.1310192251251765,0.4833333333328499,0.5106382978716886,periodic
barabasi_albert_5.pkl,affinity_reactive,0.08599433052066167,0.10083576027236305,-16.699999999999996,-1.7848078816946156,788.0,62.91830442886843,44,29.208200693130493,770,300,1475,0.0328874024526198,9.833333333333334,8.402433686841059,71,7.220338983050847,0.3397785310734462,0.0912505553503875,0.0708531207598371,-0.0776246052344786,5,4,2.6077591973244147,,,8,0.2667688595231255,barabasi_albert,0.3966076094557335,0.1630901189536048,-0.0137530406254114,0.0333333333333333,0.4833333333333333,0.4,0.5166666666666667,0.3833333333333333,0.8205674678402695,0.3193848162845504,0.2186688349124981,2.1310192251251765,0.4833333333328499,0.5106382978716886,periodic
barabasi_albert_5.pkl,baseline,0.05209792131999208,0.08837557304082416,-14.00000000000009,-14.00000000000009,801.0,801.0,2,10.626521110534668,801,300,1475,0.0328874024526198,9.833333333333334,8.402433686841059,71,7.220338983050847,0.3397785310734462,0.0912505553503875,0.0708531207598371,-0.0776246052344786,5,4,2.6077591973244147,,,8,0.2667688595231255,barabasi_albert,0.3966076094557335,0.1630901189536048,-0.0137530406254114,0.0333333333333333,0.4833333333333333,0.4,0.5166666666666667,0.3833333333333333,0.8205674678402695,0.3193848162845504,0.2186688349124981,2.1310192251251765,0.4833333333328499,0.5106382978716886,periodic
barabasi_albert_5.pkl,periodic,0.026593240288103687,0.043651673423145194,-14.000000000000062,-14.000000000000062,767.0,767.0,20,27.079012393951416,766,300,1475,0.0328874024526198,9.833333333333334,8.402433686841059,71,7.220338983050847,0.3397785310734462,0.0912505553503875,0.0708531207598371,-0.0776246052344786,5,4,2.6077591973244147,,,8,0.2667688595231255,barabasi_albert,0.3966076094557335,0.1630901189536048,-0.0137530406254114,0.0333333333333333,0.4833333333333333,0.4,0.5166666666666667,0.3833333333333333,0.8205674678402695,0.3193848162845504,0.2186688349124981,2.1310192251251765,0.4833333333328499,0.5106382978716886,periodic
barabasi_albert_5.pkl,reactive,0.05318175323230736,0.08758741678770961,-16.30000000000008,-16.30000000000008,793.0,793.0,22,25.883694410324097,769,300,1475,0.0328874024526198,9.833333333333334,8.402433686841059,71,7.220338983050847,0.3397785310734462,0.0912505553503875,0.0708531207598371,-0.0776246052344786,5,4,2.6077591973244147,,,8,0.2667688595231255,barabasi_albert,0.3966076094557335,0.1630901189536048,-0.0137530406254114,0.0333333333333333,0.4833333333333333,0.4,0.5166666666666667,0.3833333333333333,0.8205674678402695,0.3193848162845504,0.2186688349124981,2.1310192251251765,0.4833333333328499,0.5106382978716886,periodic
barabasi_albert_6.pkl,affinity,0.09321534817007245,0.10985877944765178,-30.200000000000102,-2.9771680073296864,743.0,60.712894369649774,5,9.0251727104187,740,300,1475,0.0328874024526198,9.833333333333334,8.059491727890082,67,6.813559322033898,0.3382508474576271,0.0865161447740467,0.0676781002638522,-0.0803078721020423,5,4,2.6219843924191752,,,9,0.2630775064636598,barabasi_albert,0.4705503164588437,0.1701269693837161,0.0457078153704979,0.6666666666666666,0.5666666666666667,0.5,0.4166666666666667,0.3666666666666666,0.8165431962088239,0.2948867469321149,0.2246749524617417,2.3911323937192988,0.5762711864400919,0.5769230769224113,affinity_reactive
barabasi_albert_6.pkl,affinity_periodic,0.040557671218101186,0.05705631268941965,-14.8000000000001,-1.8839090948894144,763.0,60.43646092615604,14,39.262237787246704,745,300,1475,0.0328874024526198,9.833333333333334,8.059491727890082,67,6.813559322033898,0.3382508474576271,0.0865161447740467,0.0676781002638522,-0.0803078721020423,5,4,2.6219843924191752,,,9,0.2630775064636598,barabasi_albert,0.4705503164588437,0.1701269693837161,0.0457078153704979,0.6666666666666666,0.5666666666666667,0.5,0.4166666666666667,0.3666666666666666,0.8165431962088239,0.2948867469321149,0.2246749524617417,2.3911323937192988,0.5762711864400919,0.5769230769224113,affinity_reactive
barabasi_albert_6.pkl,affinity_reactive,0.09321534817007245,0.10985877944765178,-30.200000000000102,-2.9771680073296864,743.0,60.712894369649774,44,28.33945178985596,734,300,1475,0.0328874024526198,9.833333333333334,8.059491727890082,67,6.813559322033898,0.3382508474576271,0.0865161447740467,0.0676781002638522,-0.0803078721020423,5,4,2.6219843924191752,,,9,0.2630775064636598,barabasi_albert,0.4705503164588437,0.1701269693837161,0.0457078153704979,0.6666666666666666,0.5666666666666667,0.5,0.4166666666666667,0.3666666666666666,0.8165431962088239,0.2948867469321149,0.2246749524617417,2.3911323937192988,0.5762711864400919,0.5769230769224113,affinity_reactive
barabasi_albert_6.pkl,baseline,0.06258009882876414,0.09173012231931318,-16.10000000000014,-16.10000000000014,794.0,794.0,5,6.766596555709839,793,300,1475,0.0328874024526198,9.833333333333334,8.059491727890082,67,6.813559322033898,0.3382508474576271,0.0865161447740467,0.0676781002638522,-0.0803078721020423,5,4,2.6219843924191752,,,9,0.2630775064636598,barabasi_albert,0.4705503164588437,0.1701269693837161,0.0457078153704979,0.6666666666666666,0.5666666666666667,0.5,0.4166666666666667,0.3666666666666666,0.8165431962088239,0.2948867469321149,0.2246749524617417,2.3911323937192988,0.5762711864400919,0.5769230769224113,affinity_reactive
barabasi_albert_6.pkl,periodic,0.0287778224443699,0.045910619087940675,-14.30000000000005,-14.30000000000005,764.0,764.0,31,23.305904626846317,748,300,1475,0.0328874024526198,9.833333333333334,8.059491727890082,67,6.813559322033898,0.3382508474576271,0.0865161447740467,0.0676781002638522,-0.0803078721020423,5,4,2.6219843924191752,,,9,0.2630775064636598,barabasi_albert,0.4705503164588437,0.1701269693837161,0.0457078153704979,0.6666666666666666,0.5666666666666667,0.5,0.4166666666666667,0.3666666666666666,0.8165431962088239,0.2948867469321149,0.2246749524617417,2.3911323937192988,0.5762711864400919,0.5769230769224113,affinity_reactive
barabasi_albert_6.pkl,reactive,0.06258009882876414,0.09173012231931318,-16.10000000000014,-16.10000000000014,794.0,794.0,37,22.6737642288208,771,300,1475,0.0328874024526198,9.833333333333334,8.059491727890082,67,6.813559322033898,0.3382508474576271,0.0865161447740467,0.0676781002638522,-0.0803078721020423,5,4,2.6219843924191752,,,9,0.2630775064636598,barabasi_albert,0.4705503164588437,0.1701269693837161,0.0457078153704979,0.6666666666666666,0.5666666666666667,0.5,0.4166666666666667,0.3666666666666666,0.8165431962088239,0.2948867469321149,0.2246749524617417,2.3911323937192988,0.5762711864400919,0.5769230769224113,affinity_reactive
barabasi_albert_7.pkl,affinity,0.07970998443443778,0.10974514281879467,-22.40000000000009,-2.3802647843142677,768.0,60.27868479515927,4,8.904292821884155,768,300,1475,0.0328874024526198,9.833333333333334,8.511583031840509,62,6.305084745762711,0.3492836158192089,0.0911042647894588,0.0690276613579212,-0.1092495486700815,5,4,2.597547380156076,,,6,0.2714114334961218,barabasi_albert,0.4145216937194733,0.1712464576729291,0.0083527153239505,0.0666666666666666,0.4666666666666667,0.35,0.5,0.4166666666666667,0.8586520798483687,0.3751112882364292,0.1646160575032816,1.6658755184400345,0.4827586206891557,0.4565217391298393,affinity_periodic
barabasi_albert_7.pkl,affinity_periodic,0.03853000633997845,0.055212451730661465,-18.100000000000158,-1.7498725906753054,741.0,58.33467884984221,35,31.47825312614441,739,300,1475,0.0328874024526198,9.833333333333334,8.511583031840509,62,6.305084745762711,0.3492836158192089,0.0911042647894588,0.0690276613579212,-0.1092495486700815,5,4,2.597547380156076,,,6,0.2714114334961218,barabasi_albert,0.4145216937194733,0.1712464576729291,0.0083527153239505,0.0666666666666666,0.4666666666666667,0.35,0.5,0.4166666666666667,0.8586520798483687,0.3751112882364292,0.1646160575032816,1.6658755184400345,0.4827586206891557,0.4565217391298393,affinity_periodic
barabasi_albert_7.pkl,affinity_reactive,0.07970998443443778,0.10974514281879467,-22.40000000000009,-2.3802647843142677,768.0,60.27868479515927,25,28.30198884010315,741,300,1475,0.0328874024526198,9.833333333333334,8.511583031840509,62,6.305084745762711,0.3492836158192089,0.0911042647894588,0.0690276613579212,-0.1092495486700815,5,4,2.597547380156076,,,6,0.2714114334961218,barabasi_albert,0.4145216937194733,0.1712464576729291,0.0083527153239505,0.0666666666666666,0.4666666666666667,0.35,0.5,0.4166666666666667,0.8586520798483687,0.3751112882364292,0.1646160575032816,1.6658755184400345,0.4827586206891557,0.4565217391298393,affinity_periodic
barabasi_albert_7.pkl,baseline,0.05646615845516393,0.08148551343280648,-12.300000000000075,-12.300000000000075,810.0,810.0,2,6.105481147766113,810,300,1475,0.0328874024526198,9.833333333333334,8.511583031840509,62,6.305084745762711,0.3492836158192089,0.0911042647894588,0.0690276613579212,-0.1092495486700815,5,4,2.597547380156076,,,6,0.2714114334961218,barabasi_albert,0.4145216937194733,0.1712464576729291,0.0083527153239505,0.0666666666666666,0.4666666666666667,0.35,0.5,0.4166666666666667,0.8586520798483687,0.3751112882364292,0.1646160575032816,1.6658755184400345,0.4827586206891557,0.4565217391298393,affinity_periodic
barabasi_albert_7.pkl,periodic,0.02595305250510672,0.040361835354471826,-13.900000000000128,-13.900000000000128,758.0,758.0,33,28.27202868461609,744,300,1475,0.0328874024526198,9.833333333333334,8.511583031840509,62,6.305084745762711,0.3492836158192089,0.0911042647894588,0.0690276613579212,-0.1092495486700815,5,4,2.597547380156076,,,6,0.2714114334961218,barabasi_albert,0.4145216937194733,0.1712464576729291,0.0083527153239505,0.0666666666666666,0.4666666666666667,0.35,0.5,0.4166666666666667,0.8586520798483687,0.3751112882364292,0.1646160575032816,1.6658755184400345,0.4827586206891557,0.4565217391298393,affinity_periodic
barabasi_albert_7.pkl,reactive,0.06136547209780463,0.07743482457330998,-18.800000000000132,-18.800000000000132,786.0,786.0,49,22.15508198738098,754,300,1475,0.0328874024526198,9.833333333333334,8.511583031840509,62,6.305084745762711,0.3492836158192089,0.0911042647894588,0.0690276613579212,-0.1092495486700815,5,4,2.597547380156076,,,6,0.2714114334961218,barabasi_albert,0.4145216937194733,0.1712464576729291,0.0083527153239505,0.0666666666666666,0.4666666666666667,0.35,0.5,0.4166666666666667,0.8586520798483687,0.3751112882364292,0.1646160575032816,1.6658755184400345,0.4827586206891557,0.4565217391298393,affinity_periodic
barabasi_albert_8.pkl,affinity,0.09266200743226471,0.09811908144584756,-23.700000000000145,-2.698807484140777,792.0,60.95919037774237,6,8.820353031158447,786,300,1475,0.0328874024526198,9.833333333333334,8.923619904288257,67,6.813559322033898,0.3528949152542371,0.1029085463082754,0.0756797946578968,-0.1032608856875606,5,4,2.583634336677815,,,6,0.267840735420856,barabasi_albert,0.2255446515145092,0.0917231527893317,-0.0888828798082776,-1.0833333333333333,0.2666666666666666,0.2166666666666666,0.7333333333333333,0.6166666666666667,0.8457924431802554,0.3527813568824685,0.1823231669461486,1.83461691070358,0.2666666666664,0.2599999999996879,reactive
barabasi_albert_8.pkl,affinity_periodic,0.03940378261534716,0.05333684335288004,-18.600000000000165,-1.8572260082604646,787.0,61.4594864746948,43,37.386112213134766,770,300,1475,0.0328874024526198,9.833333333333334,8.923619904288257,67,6.813559322033898,0.3528949152542371,0.1029085463082754,0.0756797946578968,-0.1032608856875606,5,4,2.583634336677815,,,6,0.267840735420856,barabasi_albert,0.2255446515145092,0.0917231527893317,-0.0888828798082776,-1.0833333333333333,0.2666666666666666,0.2166666666666666,0.7333333333333333,0.6166666666666667,0.8457924431802554,0.3527813568824685,0.1823231669461486,1.83461691070358,0.2666666666664,0.2599999999996879,reactive
barabasi_albert_8.pkl,affinity_reactive,0.09266200743226471,0.09811908144584756,-23.700000000000145,-2.698807484140777,792.0,60.95919037774237,44,28.83332872390747,779,300,1475,0.0328874024526198,9.833333333333334,8.923619904288257,67,6.813559322033898,0.3528949152542371,0.1029085463082754,0.0756797946578968,-0.1032608856875606,5,4,2.583634336677815,,,6,0.267840735420856,barabasi_albert,0.2255446515145092,0.0917231527893317,-0.0888828798082776,-1.0833333333333333,0.2666666666666666,0.2166666666666666,0.7333333333333333,0.6166666666666667,0.8457924431802554,0.3527813568824685,0.1823231669461486,1.83461691070358,0.2666666666664,0.2599999999996879,reactive
barabasi_albert_8.pkl,baseline,0.049889484032815776,0.09107891756811892,-4.400000000000094,-4.400000000000094,847.0,847.0,1,6.403523206710815,847,300,1475,0.0328874024526198,9.833333333333334,8.923619904288257,67,6.813559322033898,0.3528949152542371,0.1029085463082754,0.0756797946578968,-0.1032608856875606,5,4,2.583634336677815,,,6,0.267840735420856,barabasi_albert,0.2255446515145092,0.0917231527893317,-0.0888828798082776,-1.0833333333333333,0.2666666666666666,0.2166666666666666,0.7333333333333333,0.6166666666666667,0.8457924431802554,0.3527813568824685,0.1823231669461486,1.83461691070358,0.2666666666664,0.2599999999996879,reactive
barabasi_albert_8.pkl,periodic,0.02766328649524736,0.042592203837814625,-14.800000000000082,-14.800000000000082,772.0,772.0,34,27.976564168930054,748,300,1475,0.0328874024526198,9.833333333333334,8.923619904288257,67,6.813559322033898,0.3528949152542371,0.1029085463082754,0.0756797946578968,-0.1032608856875606,5,4,2.583634336677815,,,6,0.267840735420856,barabasi_albert,0.2255446515145092,0.0917231527893317,-0.0888828798082776,-1.0833333333333333,0.2666666666666666,0.2166666666666666,0.7333333333333333,0.6166666666666667,0.8457924431802554,0.3527813568824685,0.1823231669461486,1.83461691070358,0.2666666666664,0.2599999999996879,reactive
barabasi_albert_8.pkl,reactive,0.05823643397039,0.08573894743352592,-17.500000000000078,-17.500000000000078,800.0,800.0,40,24.336612224578857,742,300,1475,0.0328874024526198,9.833333333333334,8.923619904288257,67,6.813559322033898,0.3528949152542371,0.1029085463082754,0.0756797946578968,-0.1032608856875606,5,4,2.583634336677815,,,6,0.267840735420856,barabasi_albert,0.2255446515145092,0.0917231527893317,-0.0888828798082776,-1.0833333333333333,0.2666666666666666,0.2166666666666666,0.7333333333333333,0.6166666666666667,0.8457924431802554,0.3527813568824685,0.1823231669461486,1.83461691070358,0.2666666666664,0.2599999999996879,reactive
barabasi_albert_9.pkl,affinity,0.08956519237246521,0.10036086048047317,-24.80000000000009,-2.593305865777658,769.0,60.361693115864085,5,13.72695517539978,770,300,1475,0.0328874024526198,9.833333333333334,8.92474420282406,69,7.016949152542373,0.3466011299435028,0.1061303871319752,0.0714600794000882,-0.1174863692553384,5,4,2.586934225195095,,,7,0.2594534903763286,barabasi_albert,0.3686823122801866,0.1959176940541082,-0.0360379162010074,-0.0333333333333333,0.4333333333333333,0.3666666666666666,0.5666666666666667,0.3833333333333333,0.8508053360320508,0.4007407378384831,0.1753569913697965,1.4953789459833904,0.4333333333328999,0.488888888888237,affinity_periodic
barabasi_albert_9.pkl,affinity_periodic,0.04127949789916197,0.05546899207237193,-21.00000000000009,-2.1527975700683224,742.0,58.02173570870114,15,32.7394802570343,735,300,1475,0.0328874024526198,9.833333333333334,8.92474420282406,69,7.016949152542373,0.3466011299435028,0.1061303871319752,0.0714600794000882,-0.1174863692553384,5,4,2.586934225195095,,,7,0.2594534903763286,barabasi_albert,0.3686823122801866,0.1959176940541082,-0.0360379162010074,-0.0333333333333333,0.4333333333333333,0.3666666666666666,0.5666666666666667,0.3833333333333333,0.8508053360320508,0.4007407378384831,0.1753569913697965,1.4953789459833904,0.4333333333328999,0.488888888888237,affinity_periodic
barabasi_albert_9.pkl,affinity_reactive,0.0876598372456362,0.10216178843019717,-25.400000000000112,-2.6082077306756566,766.0,60.28718379137411,30,28.6823787689209,759,300,1475,0.0328874024526198,9.833333333333334,8.92474420282406,69,7.016949152542373,0.3466011299435028,0.1061303871319752,0.0714600794000882,-0.1174863692553384,5,4,2.586934225195095,,,7,0.2594534903763286,barabasi_albert,0.3686823122801866,0.1959176940541082,-0.0360379162010074,-0.0333333333333333,0.4333333333333333,0.3666666666666666,0.5666666666666667,0.3833333333333333,0.8508053360320508,0.4007407378384831,0.1753569913697965,1.4953789459833904,0.4333333333328999,0.488888888888237,affinity_periodic
barabasi_albert_9.pkl,baseline,0.04706349206349206,0.08554675721170349,-6.200000000000025,-6.200000000000025,822.0,822.0,1,6.367882966995239,822,300,1475,0.0328874024526198,9.833333333333334,8.92474420282406,69,7.016949152542373,0.3466011299435028,0.1061303871319752,0.0714600794000882,-0.1174863692553384,5,4,2.586934225195095,,,7,0.2594534903763286,barabasi_albert,0.3686823122801866,0.1959176940541082,-0.0360379162010074,-0.0333333333333333,0.4333333333333333,0.3666666666666666,0.5666666666666667,0.3833333333333333,0.8508053360320508,0.4007407378384831,0.1753569913697965,1.4953789459833904,0.4333333333328999,0.488888888888237,affinity_periodic
barabasi_albert_9.pkl,periodic,0.024970323864339217,0.04034710858376577,-10.80000000000015,-10.80000000000015,778.0,778.0,48,26.015226364135746,741,300,1475,0.0328874024526198,9.833333333333334,8.92474420282406,69,7.016949152542373,0.3466011299435028,0.1061303871319752,0.0714600794000882,-0.1174863692553384,5,4,2.586934225195095,,,7,0.2594534903763286,barabasi_albert,0.3686823122801866,0.1959176940541082,-0.0360379162010074,-0.0333333333333333,0.4333333333333333,0.3666666666666666,0.5666666666666667,0.3833333333333333,0.8508053360320508,0.4007407378384831,0.1753569913697965,1.4953789459833904,0.4333333333328999,0.488888888888237,affinity_periodic
barabasi_albert_9.pkl,reactive,0.05206475944435499,0.08216673899841272,-15.300000000000164,-15.300000000000164,787.0,787.0,39,24.629300832748413,753,300,1475,0.0328874024526198,9.833333333333334,8.92474420282406,69,7.016949152542373,0.3466011299435028,0.1061303871319752,0.0714600794000882,-0.1174863692553384,5,4,2.586934225195095,,,7,0.2594534903763286,barabasi_albert,0.3686823122801866,0.1959176940541082,-0.0360379162010074,-0.0333333333333333,0.4333333333333333,0.3666666666666666,0.5666666666666667,0.3833333333333333,0.8508053360320508,0.4007407378384831,0.1753569913697965,1.4953789459833904,0.4333333333328999,0.488888888888237,affinity_periodic
planted_partition_0.pkl,affinity,0.09551085889537614,0.11779332156415988,-28.800000000000022,-3.8609942443303016,412.0,56.2599243742932,8,9.868537425994871,399,300,985,0.0219620958751393,6.566666666666666,2.546994206349808,13,1.9796954314720807,0.2194416243654822,0.0392380582380582,0.0418410041841004,0.0188791708625973,4,6,3.3712151616499444,,,5,0.4773392769718364,planted_partition,0.3332002004219218,0.1659949352784243,-0.0627876876173128,-0.25,0.4166666666666667,0.3,0.5833333333333334,0.45,0.799680481013412,0.4149873381966142,0.2504994478954003,1.4097120754229284,0.4166666666662499,0.3999999999994666,affinity_periodic
planted_partition_0.pkl,affinity_periodic,0.04819563383905624,0.060362396921765836,-26.80000000000009,-4.041367482215964,393.0,51.87860403123522,47,24.11306619644165,346,300,985,0.0219620958751393,6.566666666666666,2.546994206349808,13,1.9796954314720807,0.2194416243654822,0.0392380582380582,0.0418410041841004,0.0188791708625973,4,6,3.3712151616499444,,,5,0.4773392769718364,planted_partition,0.3332002004219218,0.1659949352784243,-0.0627876876173128,-0.25,0.4166666666666667,0.3,0.5833333333333334,0.45,0.799680481013412,0.4149873381966142,0.2504994478954003,1.4097120754229284,0.4166666666662499,0.3999999999994666,affinity_periodic
planted_partition_0.pkl,affinity_reactive,0.09551085889537614,0.11779332156415988,-28.800000000000022,-3.8609942443303016,412.0,56.2599243742932,19,21.160293340682983,354,300,985,0.0219620958751393,6.566666666666666,2.546994206349808,13,1.9796954314720807,0.2194416243654822,0.0392380582380582,0.0418410041841004,0.0188791708625973,4,6,3.3712151616499444,,,5,0.4773392769718364,planted_partition,0.3332002004219218,0.1659949352784243,-0.0627876876173128,-0.25,0.4166666666666667,0.3,0.5833333333333334,0.45,0.799680481013412,0.4149873381966142,0.2504994478954003,1.4097120754229284,0.4166666666662499,0.3999999999994666,affinity_periodic
planted_partition_0.pkl,baseline,0.06522266639279406,0.08079575555512639,-25.100000000000087,-25.100000000000087,439.0,439.0,4,9.4022536277771,439,300,985,0.0219620958751393,6.566666666666666,2.546994206349808,13,1.9796954314720807,0.2194416243654822,0.0392380582380582,0.0418410041841004,0.0188791708625973,4,6,3.3712151616499444,,,5,0.4773392769718364,planted_partition,0.3332002004219218,0.1659949352784243,-0.0627876876173128,-0.25,0.4166666666666667,0.3,0.5833333333333334,0.45,0.799680481013412,0.4149873381966142,0.2504994478954003,1.4097120754229284,0.4166666666662499,0.3999999999994666,affinity_periodic
planted_partition_0.pkl,periodic,0.029759131892745906,0.041856006568923895,-20.20000000000002,-20.20000000000002,414.0,414.0,20,19.994725465774536,402,300,985,0.0219620958751393,6.566666666666666,2.546994206349808,13,1.9796954314720807,0.2194416243654822,0.0392380582380582,0.0418410041841004,0.0188791708625973,4,6,3.3712151616499444,,,5,0.4773392769718364,planted_partition,0.3332002004219218,0.1659949352784243,-0.0627876876173128,-0.25,0.4166666666666667,0.3,0.5833333333333334,0.45,0.799680481013412,0.4149873381966142,0.2504994478954003,1.4097120754229284,0.4166666666662499,0.3999999999994666,affinity_periodic
planted_partition_0.pkl,reactive,0.06518168293687791,0.080836225457966,-25.500000000000046,-25.500000000000046,437.0,437.0,21,19.59942650794983,391,300,985,0.0219620958751393,6.566666666666666,2.546994206349808,13,1.9796954314720807,0.2194416243654822,0.0392380582380582,0.0418410041841004,0.0188791708625973,4,6,3.3712151616499444,,,5,0.4773392769718364,planted_partition,0.3332002004219218,0.1659949352784243,-0.0627876876173128,-0.25,0.4166666666666667,0.3,0.5833333333333334,0.45,0.799680481013412,0.4149873381966142,0.2504994478954003,1.4097120754229284,0.4166666666662499,0.3999999999994666,affinity_periodic
planted_partition_1.pkl,affinity,0.07814053806281832,0.12312920466282082,-13.100000000000028,-1.960199705134483,406.0,58.29933192761946,3,5.498048543930054,406,300,932,0.0207803790412486,6.213333333333333,2.420886447742873,13,2.092274678111588,0.2181616595135906,0.0438612128612128,0.0455100261551874,-0.0462409978629279,4,6,3.447157190635452,,,5,0.4941614553592808,planted_partition,0.402131272494636,0.214446127466526,0.0552524701025762,0.4166666666666667,0.5,0.4666666666666667,0.5,0.3333333333333333,0.8042625449900763,0.3676219328002185,0.2433750722686443,1.720185905076134,0.4999999999994999,0.5833333333326042,periodic
planted_partition_1.pkl,affinity_periodic,0.03887406099482767,0.0590971161780987,-15.100000000000026,-2.2921944342412806,376.0,53.71283637491719,49,21.645729541778564,335,300,932,0.0207803790412486,6.213333333333333,2.420886447742873,13,2.092274678111588,0.2181616595135906,0.0438612128612128,0.0455100261551874,-0.0462409978629279,4,6,3.447157190635452,,,5,0.4941614553592808,planted_partition,0.402131272494636,0.214446127466526,0.0552524701025762,0.4166666666666667,0.5,0.4666666666666667,0.5,0.3333333333333333,0.8042625449900763,0.3676219328002185,0.2433750722686443,1.720185905076134,0.4999999999994999,0.5833333333326042,periodic
planted_partition_1.pkl,affinity_reactive,0.07846813839041863,0.12287123538933523,-13.500000000000094,-1.979983731023359,404.0,58.20041179817509,39,18.44335174560547,365,300,932,0.0207803790412486,6.213333333333333,2.420886447742873,13,2.092274678111588,0.2181616595135906,0.0438612128612128,0.0455100261551874,-0.0462409978629279,4,6,3.447157190635452,,,5,0.4941614553592808,planted_partition,0.402131272494636,0.214446127466526,0.0552524701025762,0.4166666666666667,0.5,0.4666666666666667,0.5,0.3333333333333333,0.8042625449900763,0.3676219328002185,0.2433750722686443,1.720185905076134,0.4999999999994999,0.5833333333326042,periodic
planted_partition_1.pkl,baseline,0.04832271843684062,0.08503007443027905,-8.70000000000003,-8.70000000000003,429.0,429.0,2,4.434772491455078,429,300,932,0.0207803790412486,6.213333333333333,2.420886447742873,13,2.092274678111588,0.2181616595135906,0.0438612128612128,0.0455100261551874,-0.0462409978629279,4,6,3.447157190635452,,,5,0.4941614553592808,planted_partition,0.402131272494636,0.214446127466526,0.0552524701025762,0.4166666666666667,0.5,0.4666666666666667,0.5,0.3333333333333333,0.8042625449900763,0.3676219328002185,0.2433750722686443,1.720185905076134,0.4999999999994999,0.5833333333326042,periodic
planted_partition_1.pkl,periodic,0.02690368431339598,0.040707658241577134,-13.300000000000054,-13.300000000000054,393.0,393.0,38,18.75471568107605,287,300,932,0.0207803790412486,6.213333333333333,2.420886447742873,13,2.092274678111588,0.2181616595135906,0.0438612128612128,0.0455100261551874,-0.0462409978629279,4,6,3.447157190635452,,,5,0.4941614553592808,planted_partition,0.402131272494636,0.214446127466526,0.0552524701025762,0.4166666666666667,0.5,0.4666666666666667,0.5,0.3333333333333333,0.8042625449900763,0.3676219328002185,0.2433750722686443,1.720185905076134,0.4999999999994999,0.5833333333326042,periodic
planted_partition_1.pkl,reactive,0.0502390162860525,0.08370555519600562,-11.70000000000007,-11.70000000000007,418.0,418.0,9,18.529725551605225,374,300,932,0.0207803790412486,6.213333333333333,2.420886447742873,13,2.092274678111588,0.2181616595135906,0.0438612128612128,0.0455100261551874,-0.0462409978629279,4,6,3.447157190635452,,,5,0.4941614553592808,planted_partition,0.402131272494636,0.214446127466526,0.0552524701025762,0.4166666666666667,0.5,0.4666666666666667,0.5,0.3333333333333333,0.8042625449900763,0.3676219328002185,0.2433750722686443,1.720185905076134,0.4999999999994999,0.5833333333326042,periodic
planted_partition_10.pkl,affinity,0.08683655026079443,0.1039069344319299,-25.100000000000104,-4.123063118650706,371.0,54.716132467052674,4,5.604847431182861,371,300,886,0.0197547380156075,5.906666666666666,2.3344065058749144,13,2.2009029345372464,0.2202784048156507,0.0456450771450771,0.0406819062378922,0.0302795705681387,4,7,3.5460259028978025,,,6,0.5041630785379798,planted_partition,0.3740141725858569,0.2116148520394267,-0.0272934516245446,-0.0166666666666666,0.4333333333333333,0.35,0.5166666666666667,0.3833333333333333,0.8199541475929342,0.4433834995117843,0.2195803910933439,1.2553838857357429,0.4561403508767128,0.4772727272720765,affinity_periodic
planted_partition_10.pkl,affinity_periodic,0.04153922892371504,0.058745629543097415,-17.70000000000008,-2.804343600967045,357.0,53.092791669009735,49,23.688156366348267,263,300,886,0.0197547380156075,5.906666666666666,2.3344065058749144,13,2.2009029345372464,0.2202784048156507,0.0456450771450771,0.0406819062378922,0.0302795705681387,4,7,3.5460259028978025,,,6,0.5041630785379798,planted_partition,0.3740141725858569,0.2116148520394267,-0.0272934516245446,-0.0166666666666666,0.4333333333333333,0.35,0.5166666666666667,0.3833333333333333,0.8199541475929342,0.4433834995117843,0.2195803910933439,1.2553838857357429,0.4561403508767128,0.4772727272720765,affinity_periodic
planted_partition_10.pkl,affinity_reactive,0.08683655026079443,0.1039069344319299,-25.100000000000104,-4.123063118650706,371.0,54.716132467052674,34,18.1207811832428,313,300,886,0.0197547380156075,5.906666666666666,2.3344065058749144,13,2.2009029345372464,0.2202784048156507,0.0456450771450771,0.0406819062378922,0.0302795705681387,4,7,3.5460259028978025,,,6,0.5041630785379798,planted_partition,0.3740141725858569,0.2116148520394267,-0.0272934516245446,-0.0166666666666666,0.4333333333333333,0.35,0.5166666666666667,0.3833333333333333,0.8199541475929342,0.4433834995117843,0.2195803910933439,1.2553838857357429,0.4561403508767128,0.4772727272720765,affinity_periodic
planted_partition_10.pkl,baseline,0.05564626873240278,0.08182993450717727,-15.800000000000022,-15.800000000000022,386.0,386.0,5,4.27959942817688,385,300,886,0.0197547380156075,5.906666666666666,2.3344065058749144,13,2.2009029345372464,0.2202784048156507,0.0456450771450771,0.0406819062378922,0.0302795705681387,4,7,3.5460259028978025,,,6,0.5041630785379798,planted_partition,0.3740141725858569,0.2116148520394267,-0.0272934516245446,-0.0166666666666666,0.4333333333333333,0.35,0.5166666666666667,0.3833333333333333,0.8199541475929342,0.4433834995117843,0.2195803910933439,1.2553838857357429,0.4561403508767128,0.4772727272720765,affinity_periodic
planted_partition_10.pkl,periodic,0.02860121594130524,0.040139700627720015,-17.900000000000052,-17.900000000000052,358.0,358.0,34,15.788312911987305,264,300,886,0.0197547380156075,5.906666666666666,2.3344065058749144,13,2.2009029345372464,0.2202784048156507,0.0456450771450771,0.0406819062378922,0.0302795705681387,4,7,3.5460259028978025,,,6,0.5041630785379798,planted_partition,0.3740141725858569,0.2116148520394267,-0.0272934516245446,-0.0166666666666666,0.4333333333333333,0.35,0.5166666666666667,0.3833333333333333,0.8199541475929342,0.4433834995117843,0.2195803910933439,1.2553838857357429,0.4561403508767128,0.4772727272720765,affinity_periodic
planted_partition_10.pkl,reactive,0.05564626873240278,0.08182993450717727,-15.800000000000022,-15.800000000000022,386.0,386.0,23,13.57266902923584,285,300,886,0.0197547380156075,5.906666666666666,2.3344065058749144,13,2.2009029345372464,0.2202784048156507,0.0456450771450771,0.0406819062378922,0.0302795705681387,4,7,3.5460259028978025,,,6,0.5041630785379798,planted_partition,0.3740141725858569,0.2116148520394267,-0.0272934516245446,-0.0166666666666666,0.4333333333333333,0.35,0.5166666666666667,0.3833333333333333,0.8199541475929342,0.4433834995117843,0.2195803910933439,1.2553838857357429,0.4561403508767128,0.4772727272720765,affinity_periodic
planted_partition_11.pkl,affinity,0.0736822480583055,0.09683127441954385,-14.100000000000088,-2.280624974629768,398.0,58.27801456454349,6,6.184739589691162,391,300,924,0.0206020066889632,6.16,2.3521995683539587,16,2.5974025974025974,0.2106313131313131,0.0333141025641025,0.0343163538873994,0.0470321557063482,4,7,3.451036789297659,,,4,0.4872689089409869,planted_partition,0.399081839113405,0.1738049811650588,-0.0283087908518164,-0.1833333333333333,0.5,0.45,0.45,0.4,0.7582554943162677,0.3282982977566084,0.3188166884325942,2.0460103108465497,0.5263157894731302,0.5294117647052595,affinity_periodic
planted_partition_11.pkl,affinity_periodic,0.03962425387944162,0.047262137395552246,-20.600000000000037,-3.310246638968868,353.0,50.80752990560478,15,20.66967797279358,311,300,924,0.0206020066889632,6.16,2.3521995683539587,16,2.5974025974025974,0.2106313131313131,0.0333141025641025,0.0343163538873994,0.0470321557063482,4,7,3.451036789297659,,,4,0.4872689089409869,planted_partition,0.399081839113405,0.1738049811650588,-0.0283087908518164,-0.1833333333333333,0.5,0.45,0.45,0.4,0.7582554943162677,0.3282982977566084,0.3188166884325942,2.0460103108465497,0.5263157894731302,0.5294117647052595,affinity_periodic
planted_partition_11.pkl,affinity_reactive,0.0736822480583055,0.09683127441954385,-14.100000000000088,-2.280624974629768,398.0,58.27801456454349,49,17.360068559646606,335,300,924,0.0206020066889632,6.16,2.3521995683539587,16,2.5974025974025974,0.2106313131313131,0.0333141025641025,0.0343163538873994,0.0470321557063482,4,7,3.451036789297659,,,4,0.4872689089409869,planted_partition,0.399081839113405,0.1738049811650588,-0.0283087908518164,-0.1833333333333333,0.5,0.45,0.45,0.4,0.7582554943162677,0.3282982977566084,0.3188166884325942,2.0460103108465497,0.5263157894731302,0.5294117647052595,affinity_periodic
planted_partition_11.pkl,baseline,0.05586955273112432,0.0743294494778423,-22.800000000000107,-22.800000000000107,366.0,366.0,7,8.816263675689697,357,300,924,0.0206020066889632,6.16,2.3521995683539587,16,2.5974025974025974,0.2106313131313131,0.0333141025641025,0.0343163538873994,0.0470321557063482,4,7,3.451036789297659,,,4,0.4872689089409869,planted_partition,0.399081839113405,0.1738049811650588,-0.0283087908518164,-0.1833333333333333,0.5,0.45,0.45,0.4,0.7582554943162677,0.3282982977566084,0.3188166884325942,2.0460103108465497,0.5263157894731302,0.5294117647052595,affinity_periodic
planted_partition_11.pkl,periodic,0.029025234039003246,0.040670361887278246,-22.200000000000003,-22.200000000000003,329.0,329.0,13,18.495707750320435,321,300,924,0.0206020066889632,6.16,2.3521995683539587,16,2.5974025974025974,0.2106313131313131,0.0333141025641025,0.0343163538873994,0.0470321557063482,4,7,3.451036789297659,,,4,0.4872689089409869,planted_partition,0.399081839113405,0.1738049811650588,-0.0283087908518164,-0.1833333333333333,0.5,0.45,0.45,0.4,0.7582554943162677,0.3282982977566084,0.3188166884325942,2.0460103108465497,0.5263157894731302,0.5294117647052595,affinity_periodic
planted_partition_11.pkl,reactive,0.05586955273112432,0.0743294494778423,-22.800000000000107,-22.800000000000107,366.0,366.0,37,19.399425745010376,351,300,924,0.0206020066889632,6.16,2.3521995683539587,16,2.5974025974025974,0.2106313131313131,0.0333141025641025,0.0343163538873994,0.0470321557063482,4,7,3.451036789297659,,,4,0.4872689089409869,planted_partition,0.399081839113405,0.1738049811650588,-0.0283087908518164,-0.1833333333333333,0.5,0.45,0.45,0.4,0.7582554943162677,0.3282982977566084,0.3188166884325942,2.0460103108465497,0.5263157894731302,0.5294117647052595,affinity_periodic
planted_partition_12.pkl,affinity,0.08701402623785968,0.10737610071208507,-20.700000000000024,-3.460292024426904,370.0,56.11917027491696,5,8.764188289642334,368,300,867,0.0193311036789297,5.78,2.4573145197205486,15,2.5951557093425603,0.234951941560938,0.029522052022052,0.0344759262928472,-0.0279911949590263,4,7,3.5259977703455965,,,6,0.4845381534118498,planted_partition,0.3443206924927602,0.1574807040766695,-0.0291522285502499,-0.1333333333333333,0.4333333333333333,0.3833333333333333,0.5166666666666667,0.4666666666666667,0.7548569027733844,0.3491963438225911,0.3247543956025928,1.863718414268533,0.4561403508767128,0.4509803921563322,reactive
planted_partition_12.pkl,affinity_periodic,0.041129241017771365,0.05683239318525002,-16.90000000000007,-2.906941989381885,356.0,53.05242739850349,41,19.145707607269287,345,300,867,0.0193311036789297,5.78,2.4573145197205486,15,2.5951557093425603,0.234951941560938,0.029522052022052,0.0344759262928472,-0.0279911949590263,4,7,3.5259977703455965,,,6,0.4845381534118498,planted_partition,0.3443206924927602,0.1574807040766695,-0.0291522285502499,-0.1333333333333333,0.4333333333333333,0.3833333333333333,0.5166666666666667,0.4666666666666667,0.7548569027733844,0.3491963438225911,0.3247543956025928,1.863718414268533,0.4561403508767128,0.4509803921563322,reactive
planted_partition_12.pkl,affinity_reactive,0.08701402623785968,0.10737610071208507,-20.700000000000024,-3.460292024426904,370.0,56.11917027491696,13,19.755860090255737,358,300,867,0.0193311036789297,5.78,2.4573145197205486,15,2.5951557093425603,0.234951941560938,0.029522052022052,0.0344759262928472,-0.0279911949590263,4,7,3.5259977703455965,,,6,0.4845381534118498,planted_partition,0.3443206924927602,0.1574807040766695,-0.0291522285502499,-0.1333333333333333,0.4333333333333333,0.3833333333333333,0.5166666666666667,0.4666666666666667,0.7548569027733844,0.3491963438225911,0.3247543956025928,1.863718414268533,0.4561403508767128,0.4509803921563322,reactive
planted_partition_12.pkl,baseline,0.056415972291528185,0.08403212057388673,-17.20000000000004,-17.20000000000004,360.0,360.0,3,7.088593482971191,360,300,867,0.0193311036789297,5.78,2.4573145197205486,15,2.5951557093425603,0.234951941560938,0.029522052022052,0.0344759262928472,-0.0279911949590263,4,7,3.5259977703455965,,,6,0.4845381534118498,planted_partition,0.3443206924927602,0.1574807040766695,-0.0291522285502499,-0.1333333333333333,0.4333333333333333,0.3833333333333333,0.5166666666666667,0.4666666666666667,0.7548569027733844,0.3491963438225911,0.3247543956025928,1.863718414268533,0.4561403508767128,0.4509803921563322,reactive
planted_partition_12.pkl,periodic,0.030135117454838017,0.04449216266848642,-18.200000000000067,-18.200000000000067,315.0,315.0,26,17.294858932495117,291,300,867,0.0193311036789297,5.78,2.4573145197205486,15,2.5951557093425603,0.234951941560938,0.029522052022052,0.0344759262928472,-0.0279911949590263,4,7,3.5259977703455965,,,6,0.4845381534118498,planted_partition,0.3443206924927602,0.1574807040766695,-0.0291522285502499,-0.1333333333333333,0.4333333333333333,0.3833333333333333,0.5166666666666667,0.4666666666666667,0.7548569027733844,0.3491963438225911,0.3247543956025928,1.863718414268533,0.4561403508767128,0.4509803921563322,reactive
planted_partition_12.pkl,reactive,0.05864755462175283,0.08225174257178117,-19.800000000000068,-19.800000000000068,349.0,349.0,26,15.493139743804932,291,300,867,0.0193311036789297,5.78,2.4573145197205486,15,2.5951557093425603,0.234951941560938,0.029522052022052,0.0344759262928472,-0.0279911949590263,4,7,3.5259977703455965,,,6,0.4845381534118498,planted_partition,0.3443206924927602,0.1574807040766695,-0.0291522285502499,-0.1333333333333333,0.4333333333333333,0.3833333333333333,0.5166666666666667,0.4666666666666667,0.7548569027733844,0.3491963438225911,0.3247543956025928,1.863718414268533,0.4561403508767128,0.4509803921563322,reactive
planted_partition_13.pkl,affinity,0.0889106689407822,0.11478905106143408,-21.200000000000028,-3.532908104464928,365.0,54.252576206303154,4,8.830259561538696,365,300,883,0.0196878483835005,5.886666666666667,2.3406732778271304,14,2.378255945639864,0.2216232540581351,0.0386699596699596,0.0379820802493182,0.0027754621843276,4,8,3.5243032329988853,,,6,0.4703824217091686,planted_partition,0.3991936417126406,0.1909275179976052,0.0341437589857432,0.1166666666666666,0.4666666666666667,0.3833333333333333,0.45,0.35,0.7841303676506853,0.3652526431263516,0.2752981407875793,1.7378309748577798,0.5090909090903537,0.5227272727265599,affinity_periodic
planted_partition_13.pkl,affinity_periodic,0.0400717411405734,0.05834594152828397,-16.10000000000005,-2.4002540474478615,350.0,52.19337538776913,7,22.98524022102356,337,300,883,0.0196878483835005,5.886666666666667,2.3406732778271304,14,2.378255945639864,0.2216232540581351,0.0386699596699596,0.0379820802493182,0.0027754621843276,4,8,3.5243032329988853,,,6,0.4703824217091686,planted_partition,0.3991936417126406,0.1909275179976052,0.0341437589857432,0.1166666666666666,0.4666666666666667,0.3833333333333333,0.45,0.35,0.7841303676506853,0.3652526431263516,0.2752981407875793,1.7378309748577798,0.5090909090903537,0.5227272727265599,affinity_periodic
planted_partition_13.pkl,affinity_reactive,0.0882524635098495,0.11539575762191451,-21.200000000000028,-3.532908104464928,365.0,54.252576206303154,49,17.601248502731323,340,300,883,0.0196878483835005,5.886666666666667,2.3406732778271304,14,2.378255945639864,0.2216232540581351,0.0386699596699596,0.0379820802493182,0.0027754621843276,4,8,3.5243032329988853,,,6,0.4703824217091686,planted_partition,0.3991936417126406,0.1909275179976052,0.0341437589857432,0.1166666666666666,0.4666666666666667,0.3833333333333333,0.45,0.35,0.7841303676506853,0.3652526431263516,0.2752981407875793,1.7378309748577798,0.5090909090903537,0.5227272727265599,affinity_periodic
planted_partition_13.pkl,baseline,0.06065602888879632,0.08385924405402809,-18.500000000000043,-18.500000000000043,371.0,371.0,5,8.778096675872803,370,300,883,0.0196878483835005,5.886666666666667,2.3406732778271304,14,2.378255945639864,0.2216232540581351,0.0386699596699596,0.0379820802493182,0.0027754621843276,4,8,3.5243032329988853,,,6,0.4703824217091686,planted_partition,0.3991936417126406,0.1909275179976052,0.0341437589857432,0.1166666666666666,0.4666666666666667,0.3833333333333333,0.45,0.35,0.7841303676506853,0.3652526431263516,0.2752981407875793,1.7378309748577798,0.5090909090903537,0.5227272727265599,affinity_periodic
planted_partition_13.pkl,periodic,0.02765461971821026,0.04196328063376562,-17.40000000000005,-17.40000000000005,358.0,358.0,4,22.78159713745117,358,300,883,0.0196878483835005,5.886666666666667,2.3406732778271304,14,2.378255945639864,0.2216232540581351,0.0386699596699596,0.0379820802493182,0.0027754621843276,4,8,3.5243032329988853,,,6,0.4703824217091686,planted_partition,0.3991936417126406,0.1909275179976052,0.0341437589857432,0.1166666666666666,0.4666666666666667,0.3833333333333333,0.45,0.35,0.7841303676506853,0.3652526431263516,0.2752981407875793,1.7378309748577798,0.5090909090903537,0.5227272727265599,affinity_periodic
planted_partition_13.pkl,reactive,0.06065602888879632,0.08385924405402809,-18.500000000000043,-18.500000000000043,371.0,371.0,9,18.58231544494629,359,300,883,0.0196878483835005,5.886666666666667,2.3406732778271304,14,2.378255945639864,0.2216232540581351,0.0386699596699596,0.0379820802493182,0.0027754621843276,4,8,3.5243032329988853,,,6,0.4703824217091686,planted_partition,0.3991936417126406,0.1909275179976052,0.0341437589857432,0.1166666666666666,0.4666666666666667,0.3833333333333333,0.45,0.35,0.7841303676506853,0.3652526431263516,0.2752981407875793,1.7378309748577798,0.5090909090903537,0.5227272727265599,affinity_periodic
planted_partition_14.pkl,affinity,0.07262256287415274,0.09544702808096017,-19.50000000000001,-3.2523944879659594,354.0,52.59933224453575,6,8.413640022277832,349,300,868,0.0193534002229654,5.786666666666667,2.405641826529332,15,2.592165898617511,0.2312711213517664,0.0355988455988455,0.0358565737051792,-0.0218539321601413,4,7,3.5089896972009607,,,9,0.4771974346450339,planted_partition,0.3024764023308476,0.1363085963388663,-0.0546744958376201,-0.35,0.35,0.2333333333333333,0.55,0.45,0.7777964631373298,0.3991894607072642,0.2856833984129822,1.505076156640632,0.3888888888884567,0.3414634146336466,periodic
planted_partition_14.pkl,affinity_periodic,0.03593923371737284,0.04884558984618128,-15.300000000000027,-2.652008315449702,351.0,52.04120816030596,14,23.797390460968018,344,300,868,0.0193534002229654,5.786666666666667,2.405641826529332,15,2.592165898617511,0.2312711213517664,0.0355988455988455,0.0358565737051792,-0.0218539321601413,4,7,3.5089896972009607,,,9,0.4771974346450339,planted_partition,0.3024764023308476,0.1363085963388663,-0.0546744958376201,-0.35,0.35,0.2333333333333333,0.55,0.45,0.7777964631373298,0.3991894607072642,0.2856833984129822,1.505076156640632,0.3888888888884567,0.3414634146336466,periodic
planted_partition_14.pkl,affinity_reactive,0.07262256287415274,0.09544702808096017,-19.50000000000001,-3.2523944879659594,354.0,52.59933224453575,10,21.08875679969788,344,300,868,0.0193534002229654,5.786666666666667,2.405641826529332,15,2.592165898617511,0.2312711213517664,0.0355988455988455,0.0358565737051792,-0.0218539321601413,4,7,3.5089896972009607,,,9,0.4771974346450339,planted_partition,0.3024764023308476,0.1363085963388663,-0.0546744958376201,-0.35,0.35,0.2333333333333333,0.55,0.45,0.7777964631373298,0.3991894607072642,0.2856833984129822,1.505076156640632,0.3888888888884567,0.3414634146336466,periodic
planted_partition_14.pkl,baseline,0.050819085431039,0.07685571253113276,-12.800000000000043,-12.800000000000043,368.0,368.0,3,4.333742618560791,368,300,868,0.0193534002229654,5.786666666666667,2.405641826529332,15,2.592165898617511,0.2312711213517664,0.0355988455988455,0.0358565737051792,-0.0218539321601413,4,7,3.5089896972009607,,,9,0.4771974346450339,planted_partition,0.3024764023308476,0.1363085963388663,-0.0546744958376201,-0.35,0.35,0.2333333333333333,0.55,0.45,0.7777964631373298,0.3991894607072642,0.2856833984129822,1.505076156640632,0.3888888888884567,0.3414634146336466,periodic
planted_partition_14.pkl,periodic,0.02504370512258918,0.038318413938783207,-16.10000000000007,-16.10000000000007,333.0,333.0,5,20.34254574775696,332,300,868,0.0193534002229654,5.786666666666667,2.405641826529332,15,2.592165898617511,0.2312711213517664,0.0355988455988455,0.0358565737051792,-0.0218539321601413,4,7,3.5089896972009607,,,9,0.4771974346450339,planted_partition,0.3024764023308476,0.1363085963388663,-0.0546744958376201,-0.35,0.35,0.2333333333333333,0.55,0.45,0.7777964631373298,0.3991894607072642,0.2856833984129822,1.505076156640632,0.3888888888884567,0.3414634146336466,periodic
planted_partition_14.pkl,reactive,0.051150485596739084,0.07658489437014206,-13.600000000000007,-13.600000000000007,364.0,364.0,24,17.245384693145752,347,300,868,0.0193534002229654,5.786666666666667,2.405641826529332,15,2.592165898617511,0.2312711213517664,0.0355988455988455,0.0358565737051792,-0.0218539321601413,4,7,3.5089896972009607,,,9,0.4771974346450339,planted_partition,0.3024764023308476,0.1363085963388663,-0.0546744958376201,-0.35,0.35,0.2333333333333333,0.55,0.45,0.7777964631373298,0.3991894607072642,0.2856833984129822,1.505076156640632,0.3888888888884567,0.3414634146336466,periodic
planted_partition_15.pkl,affinity,0.08420264563393959,0.1060545130984813,-24.800000000000054,-3.709400936325478,362.0,54.33734563172337,6,5.8174707889556885,358,300,886,0.0197547380156075,5.906666666666666,2.454527361996913,15,2.539503386004515,0.2319638826185099,0.028048507048507,0.0337271341463414,-0.0504597277128214,4,6,3.501592501592502,,,8,0.478034282977238,planted_partition,0.4992696879514685,0.2280679148963666,0.0410548889825221,0.3333333333333333,0.5833333333333334,0.4333333333333333,0.35,0.3,0.7988315007232054,0.3859610867482237,0.2518284507992873,1.5909347712359814,0.6249999999993304,0.5909090909082851,reactive
planted_partition_15.pkl,affinity_periodic,0.03849291987210094,0.05475063690817365,-18.80000000000008,-2.693045953915531,365.0,54.60852118163984,49,22.61698627471924,305,300,886,0.0197547380156075,5.906666666666666,2.454527361996913,15,2.539503386004515,0.2319638826185099,0.028048507048507,0.0337271341463414,-0.0504597277128214,4,6,3.501592501592502,,,8,0.478034282977238,planted_partition,0.4992696879514685,0.2280679148963666,0.0410548889825221,0.3333333333333333,0.5833333333333334,0.4333333333333333,0.35,0.3,0.7988315007232054,0.3859610867482237,0.2518284507992873,1.5909347712359814,0.6249999999993304,0.5909090909082851,reactive
planted_partition_15.pkl,affinity_reactive,0.08420264563393959,0.1060545130984813,-24.800000000000054,-3.709400936325478,362.0,54.33734563172337,27,20.473642110824585,317,300,886,0.0197547380156075,5.906666666666666,2.454527361996913,15,2.539503386004515,0.2319638826185099,0.028048507048507,0.0337271341463414,-0.0504597277128214,4,6,3.501592501592502,,,8,0.478034282977238,planted_partition,0.4992696879514685,0.2280679148963666,0.0410548889825221,0.3333333333333333,0.5833333333333334,0.4333333333333333,0.35,0.3,0.7988315007232054,0.3859610867482237,0.2518284507992873,1.5909347712359814,0.6249999999993304,0.5909090909082851,reactive
planted_partition_15.pkl,baseline,0.05056687291589066,0.0721665661187836,-13.300000000000011,-13.300000000000011,391.0,391.0,4,4.214112043380737,391,300,886,0.0197547380156075,5.906666666666666,2.454527361996913,15,2.539503386004515,0.2319638826185099,0.028048507048507,0.0337271341463414,-0.0504597277128214,4,6,3.501592501592502,,,8,0.478034282977238,planted_partition,0.4992696879514685,0.2280679148963666,0.0410548889825221,0.3333333333333333,0.5833333333333334,0.4333333333333333,0.35,0.3,0.7988315007232054,0.3859610867482237,0.2518284507992873,1.5909347712359814,0.6249999999993304,0.5909090909082851,reactive
planted_partition_15.pkl,periodic,0.024217367968048402,0.03728374148512018,-14.10000000000005,-14.10000000000005,359.0,359.0,22,18.73456835746765,338,300,886,0.0197547380156075,5.906666666666666,2.454527361996913,15,2.539503386004515,0.2319638826185099,0.028048507048507,0.0337271341463414,-0.0504597277128214,4,6,3.501592501592502,,,8,0.478034282977238,planted_partition,0.4992696879514685,0.2280679148963666,0.0410548889825221,0.3333333333333333,0.5833333333333334,0.4333333333333333,0.35,0.3,0.7988315007232054,0.3859610867482237,0.2518284507992873,1.5909347712359814,0.6249999999993304,0.5909090909082851,reactive
planted_partition_15.pkl,reactive,0.04792626696707158,0.07383899468816317,-15.800000000000036,-15.800000000000036,384.0,384.0,49,15.178343772888184,289,300,886,0.0197547380156075,5.906666666666666,2.454527361996913,15,2.539503386004515,0.2319638826185099,0.028048507048507,0.0337271341463414,-0.0504597277128214,4,6,3.501592501592502,,,8,0.478034282977238,planted_partition,0.4992696879514685,0.2280679148963666,0.0410548889825221,0.3333333333333333,0.5833333333333334,0.4333333333333333,0.35,0.3,0.7988315007232054,0.3859610867482237,0.2518284507992873,1.5909347712359814,0.6249999999993304,0.5909090909082851,reactive
planted_partition_16.pkl,affinity,0.09077173765109278,0.1018369847441261,-32.70000000000007,-5.11387144481999,326.0,49.14819924358751,6,10.43817377090454,314,300,886,0.0197547380156075,5.906666666666666,2.2497764041011696,12,2.031602708803612,0.2125507900677199,0.0425045695045695,0.0352664576802507,0.0228620205476434,4,8,3.532352285395764,,,6,0.4794253728681419,planted_partition,0.5842673172752859,0.308678941811285,0.1135635804974372,0.7,0.6833333333333333,0.6,0.2666666666666666,0.2,0.812274075237228,0.4115719224155612,0.2311115551828313,1.4297089901830264,0.719298245613278,0.7499999999990624,affinity_reactive
planted_partition_16.pkl,affinity_periodic,0.039445053171379196,0.05419814744844296,-18.60000000000003,-3.2750278977172873,341.0,50.88136622266043,42,22.23160552978516,327,300,886,0.0197547380156075,5.906666666666666,2.2497764041011696,12,2.031602708803612,0.2125507900677199,0.0425045695045695,0.0352664576802507,0.0228620205476434,4,8,3.532352285395764,,,6,0.4794253728681419,planted_partition,0.5842673172752859,0.308678941811285,0.1135635804974372,0.7,0.6833333333333333,0.6,0.2666666666666666,0.2,0.812274075237228,0.4115719224155612,0.2311115551828313,1.4297089901830264,0.719298245613278,0.7499999999990624,affinity_reactive
planted_partition_16.pkl,affinity_reactive,0.09077173765109278,0.1018369847441261,-32.70000000000007,-5.11387144481999,326.0,49.14819924358751,42,20.332401514053345,293,300,886,0.0197547380156075,5.906666666666666,2.2497764041011696,12,2.031602708803612,0.2125507900677199,0.0425045695045695,0.0352664576802507,0.0228620205476434,4,8,3.532352285395764,,,6,0.4794253728681419,planted_partition,0.5842673172752859,0.308678941811285,0.1135635804974372,0.7,0.6833333333333333,0.6,0.2666666666666666,0.2,0.812274075237228,0.4115719224155612,0.2311115551828313,1.4297089901830264,0.719298245613278,0.7499999999990624,affinity_reactive
planted_partition_16.pkl,baseline,0.058950929158151144,0.08735313192837656,-16.50000000000002,-16.50000000000002,386.0,386.0,3,4.571702241897583,386,300,886,0.0197547380156075,5.906666666666666,2.2497764041011696,12,2.031602708803612,0.2125507900677199,0.0425045695045695,0.0352664576802507,0.0228620205476434,4,8,3.532352285395764,,,6,0.4794253728681419,planted_partition,0.5842673172752859,0.308678941811285,0.1135635804974372,0.7,0.6833333333333333,0.6,0.2666666666666666,0.2,0.812274075237228,0.4115719224155612,0.2311115551828313,1.4297089901830264,0.719298245613278,0.7499999999990624,affinity_reactive
planted_partition_16.pkl,periodic,0.027253942746538622,0.04620816691224445,-11.700000000000012,-11.700000000000012,370.0,370.0,12,18.269267559051517,364,300,886,0.0197547380156075,5.906666666666666,2.2497764041011696,12,2.031602708803612,0.2125507900677199,0.0425045695045695,0.0352664576802507,0.0228620205476434,4,8,3.532352285395764,,,6,0.4794253728681419,planted_partition,0.5842673172752859,0.308678941811285,0.1135635804974372,0.7,0.6833333333333333,0.6,0.2666666666666666,0.2,0.812274075237228,0.4115719224155612,0.2311115551828313,1.4297089901830264,0.719298245613278,0.7499999999990624,affinity_reactive
planted_partition_16.pkl,reactive,0.059440725076518486,0.08694587021066927,-17.10000000000005,-17.10000000000005,383.0,383.0,35,16.586575031280518,351,300,886,0.0197547380156075,5.906666666666666,2.2497764041011696,12,2.031602708803612,0.2125507900677199,0.0425045695045695,0.0352664576802507,0.0228620205476434,4,8,3.532352285395764,,,6,0.4794253728681419,planted_partition,0.5842673172752859,0.308678941811285,0.1135635804974372,0.7,0.6833333333333333,0.6,0.2666666666666666,0.2,0.812274075237228,0.4115719224155612,0.2311115551828313,1.4297089901830264,0.719298245613278,0.7499999999990624,affinity_reactive
planted_partition_17.pkl,affinity,0.08160622840584054,0.10685392059342556,-16.30000000000005,-2.85797980897855,370.0,56.097115130815865,5,8.416983366012573,369,300,847,0.0188851727982162,5.6466666666666665,2.4334257247926216,13,2.3022432113341207,0.2421881149153875,0.0339586524586524,0.0323584318606098,-0.0100067125806139,4,7,3.617776867776868,,,8,0.5115993805486131,planted_partition,0.2983709873719866,0.1601699923126073,-0.0171117373365293,-0.2,0.35,0.3,0.5666666666666667,0.4166666666666667,0.7814478240703412,0.3826283149695403,0.2796759670930839,1.6135023490867542,0.3818181818177653,0.4186046511622066,affinity_periodic
planted_partition_17.pkl,affinity_periodic,0.043025062289707386,0.052960895557718886,-26.50000000000003,-4.087192787883211,308.0,47.70591193267207,39,19.620047330856323,236,300,847,0.0188851727982162,5.6466666666666665,2.4334257247926216,13,2.3022432113341207,0.2421881149153875,0.0339586524586524,0.0323584318606098,-0.0100067125806139,4,7,3.617776867776868,,,8,0.5115993805486131,planted_partition,0.2983709873719866,0.1601699923126073,-0.0171117373365293,-0.2,0.35,0.3,0.5666666666666667,0.4166666666666667,0.7814478240703412,0.3826283149695403,0.2796759670930839,1.6135023490867542,0.3818181818177653,0.4186046511622066,affinity_periodic
planted_partition_17.pkl,affinity_reactive,0.08160622840584054,0.10685392059342556,-16.30000000000005,-2.85797980897855,370.0,56.097115130815865,41,17.710461139678955,331,300,847,0.0188851727982162,5.6466666666666665,2.4334257247926216,13,2.3022432113341207,0.2421881149153875,0.0339586524586524,0.0323584318606098,-0.0100067125806139,4,7,3.617776867776868,,,8,0.5115993805486131,planted_partition,0.2983709873719866,0.1601699923126073,-0.0171117373365293,-0.2,0.35,0.3,0.5666666666666667,0.4166666666666667,0.7814478240703412,0.3826283149695403,0.2796759670930839,1.6135023490867542,0.3818181818177653,0.4186046511622066,affinity_periodic
planted_partition_17.pkl,baseline,0.04990766357556166,0.07994273141199193,-9.100000000000072,-9.100000000000072,370.0,370.0,3,4.048477649688721,370,300,847,0.0188851727982162,5.6466666666666665,2.4334257247926216,13,2.3022432113341207,0.2421881149153875,0.0339586524586524,0.0323584318606098,-0.0100067125806139,4,7,3.617776867776868,,,8,0.5115993805486131,planted_partition,0.2983709873719866,0.1601699923126073,-0.0171117373365293,-0.2,0.35,0.3,0.5666666666666667,0.4166666666666667,0.7814478240703412,0.3826283149695403,0.2796759670930839,1.6135023490867542,0.3818181818177653,0.4186046511622066,affinity_periodic
planted_partition_17.pkl,periodic,0.025203216395912553,0.039262787713607396,-14.600000000000023,-14.600000000000023,333.0,333.0,4,22.096279859542847,333,300,847,0.0188851727982162,5.6466666666666665,2.4334257247926216,13,2.3022432113341207,0.2421881149153875,0.0339586524586524,0.0323584318606098,-0.0100067125806139,4,7,3.617776867776868,,,8,0.5115993805486131,planted_partition,0.2983709873719866,0.1601699923126073,-0.0171117373365293,-0.2,0.35,0.3,0.5666666666666667,0.4166666666666667,0.7814478240703412,0.3826283149695403,0.2796759670930839,1.6135023490867542,0.3818181818177653,0.4186046511622066,affinity_periodic
planted_partition_17.pkl,reactive,0.0526939605192557,0.0779329577177084,-12.800000000000072,-12.800000000000072,355.0,355.0,33,16.878219842910767,320,300,847,0.0188851727982162,5.6466666666666665,2.4334257247926216,13,2.3022432113341207,0.2421881149153875,0.0339586524586524,0.0323584318606098,-0.0100067125806139,4,7,3.617776867776868,,,8,0.5115993805486131,planted_partition,0.2983709873719866,0.1601699923126073,-0.0171117373365293,-0.2,0.35,0.3,0.5666666666666667,0.4166666666666667,0.7814478240703412,0.3826283149695403,0.2796759670930839,1.6135023490867542,0.3818181818177653,0.4186046511622066,affinity_periodic
planted_partition_18.pkl,affinity,0.07347315864292905,0.09113920041624175,-14.000000000000034,-2.2389025075658227,364.0,54.94041886884338,4,5.358721494674683,364,300,871,0.0194202898550724,5.806666666666667,2.4101143248995145,15,2.583237657864524,0.231044776119403,0.0394668109668109,0.0397626112759643,-0.0129731303807204,4,7,3.57355629877369,,,5,0.4990496163534531,planted_partition,0.3663457459753777,0.1750638271107995,-0.0227292566231272,-0.1166666666666666,0.4333333333333333,0.3,0.5166666666666667,0.4166666666666667,0.8031425969468658,0.4182080314319379,0.2451089056930669,1.391154461037047,0.4561403508767128,0.4186046511622066,affinity_reactive
planted_partition_18.pkl,affinity_periodic,0.03431914544700303,0.04515489874357709,-17.200000000000014,-2.8958755337523963,341.0,51.10659858051072,43,22.218158721923828,324,300,871,0.0194202898550724,5.806666666666667,2.4101143248995145,15,2.583237657864524,0.231044776119403,0.0394668109668109,0.0397626112759643,-0.0129731303807204,4,7,3.57355629877369,,,5,0.4990496163534531,planted_partition,0.3663457459753777,0.1750638271107995,-0.0227292566231272,-0.1166666666666666,0.4333333333333333,0.3,0.5166666666666667,0.4166666666666667,0.8031425969468658,0.4182080314319379,0.2451089056930669,1.391154461037047,0.4561403508767128,0.4186046511622066,affinity_reactive
planted_partition_18.pkl,affinity_reactive,0.07347315864292905,0.09113920041624175,-14.000000000000034,-2.2389025075658227,364.0,54.94041886884338,49,16.038771152496338,308,300,871,0.0194202898550724,5.806666666666667,2.4101143248995145,15,2.583237657864524,0.231044776119403,0.0394668109668109,0.0397626112759643,-0.0129731303807204,4,7,3.57355629877369,,,5,0.4990496163534531,planted_partition,0.3663457459753777,0.1750638271107995,-0.0227292566231272,-0.1166666666666666,0.4333333333333333,0.3,0.5166666666666667,0.4166666666666667,0.8031425969468658,0.4182080314319379,0.2451089056930669,1.391154461037047,0.4561403508767128,0.4186046511622066,affinity_reactive
planted_partition_18.pkl,baseline,0.05354892783056807,0.08259098225387843,-14.800000000000066,-14.800000000000066,358.0,358.0,4,8.647309064865112,358,300,871,0.0194202898550724,5.806666666666667,2.4101143248995145,15,2.583237657864524,0.231044776119403,0.0394668109668109,0.0397626112759643,-0.0129731303807204,4,7,3.57355629877369,,,5,0.4990496163534531,planted_partition,0.3663457459753777,0.1750638271107995,-0.0227292566231272,-0.1166666666666666,0.4333333333333333,0.3,0.5166666666666667,0.4166666666666667,0.8031425969468658,0.4182080314319379,0.2451089056930669,1.391154461037047,0.4561403508767128,0.4186046511622066,affinity_reactive
planted_partition_18.pkl,periodic,0.023383369641164938,0.0409092569819009,-9.200000000000033,-9.200000000000033,365.0,365.0,23,18.620546340942383,352,300,871,0.0194202898550724,5.806666666666667,2.4101143248995145,15,2.583237657864524,0.231044776119403,0.0394668109668109,0.0397626112759643,-0.0129731303807204,4,7,3.57355629877369,,,5,0.4990496163534531,planted_partition,0.3663457459753777,0.1750638271107995,-0.0227292566231272,-0.1166666666666666,0.4333333333333333,0.3,0.5166666666666667,0.4166666666666667,0.8031425969468658,0.4182080314319379,0.2451089056930669,1.391154461037047,0.4561403508767128,0.4186046511622066,affinity_reactive
planted_partition_18.pkl,reactive,0.05323735319349927,0.0828329294234454,-14.800000000000066,-14.800000000000066,358.0,358.0,14,20.941394805908203,355,300,871,0.0194202898550724,5.806666666666667,2.4101143248995145,15,2.583237657864524,0.231044776119403,0.0394668109668109,0.0397626112759643,-0.0129731303807204,4,7,3.57355629877369,,,5,0.4990496163534531,planted_partition,0.3663457459753777,0.1750638271107995,-0.0227292566231272,-0.1166666666666666,0.4333333333333333,0.3,0.5166666666666667,0.4166666666666667,0.8031425969468658,0.4182080314319379,0.2451089056930669,1.391154461037047,0.4561403508767128,0.4186046511622066,affinity_reactive
planted_partition_19.pkl,affinity,0.08843972810384954,0.10761482582175275,-26.600000000000012,-3.9422820452812686,352.0,52.88646076662446,6,5.545769929885864,351,300,884,0.0197101449275362,5.8933333333333335,2.4044180813498226,14,2.3755656108597285,0.230180995475113,0.0359460169460169,0.0398843930635838,0.0295491063918651,4,7,3.539910813823857,,,6,0.4826823263241948,planted_partition,0.522020618223852,0.230254227713677,0.0436228126810625,0.2333333333333333,0.6166666666666667,0.4666666666666667,0.3333333333333333,0.3333333333333333,0.8041939253727266,0.3947215332239397,0.2434811659843384,1.5334315861421828,0.6491228070168606,0.5833333333326042,affinity_periodic
planted_partition_19.pkl,affinity_periodic,0.03990706425664472,0.05342555473824201,-17.100000000000044,-2.714218349422571,358.0,52.75117879125656,45,23.848732709884644,293,300,884,0.0197101449275362,5.8933333333333335,2.4044180813498226,14,2.3755656108597285,0.230180995475113,0.0359460169460169,0.0398843930635838,0.0295491063918651,4,7,3.539910813823857,,,6,0.4826823263241948,planted_partition,0.522020618223852,0.230254227713677,0.0436228126810625,0.2333333333333333,0.6166666666666667,0.4666666666666667,0.3333333333333333,0.3333333333333333,0.8041939253727266,0.3947215332239397,0.2434811659843384,1.5334315861421828,0.6491228070168606,0.5833333333326042,affinity_periodic
planted_partition_19.pkl,affinity_reactive,0.08843972810384954,0.10761482582175275,-26.600000000000012,-3.9422820452812686,352.0,52.88646076662446,38,16.75457000732422,331,300,884,0.0197101449275362,5.8933333333333335,2.4044180813498226,14,2.3755656108597285,0.230180995475113,0.0359460169460169,0.0398843930635838,0.0295491063918651,4,7,3.539910813823857,,,6,0.4826823263241948,planted_partition,0.522020618223852,0.230254227713677,0.0436228126810625,0.2333333333333333,0.6166666666666667,0.4666666666666667,0.3333333333333333,0.3333333333333333,0.8041939253727266,0.3947215332239397,0.2434811659843384,1.5334315861421828,0.6491228070168606,0.5833333333326042,affinity_periodic
planted_partition_19.pkl,baseline,0.057616251060070546,0.07766693644874242,-23.600000000000033,-23.600000000000033,373.0,373.0,4,8.878910064697266,373,300,884,0.0197101449275362,5.8933333333333335,2.4044180813498226,14,2.3755656108597285,0.230180995475113,0.0359460169460169,0.0398843930635838,0.0295491063918651,4,7,3.539910813823857,,,6,0.4826823263241948,planted_partition,0.522020618223852,0.230254227713677,0.0436228126810625,0.2333333333333333,0.6166666666666667,0.4666666666666667,0.3333333333333333,0.3333333333333333,0.8041939253727266,0.3947215332239397,0.2434811659843384,1.5334315861421828,0.6491228070168606,0.5833333333326042,affinity_periodic
planted_partition_19.pkl,periodic,0.026645566100971695,0.03879252293734919,-18.399999999999995,-18.399999999999995,354.0,354.0,15,18.8337721824646,350,300,884,0.0197101449275362,5.8933333333333335,2.4044180813498226,14,2.3755656108597285,0.230180995475113,0.0359460169460169,0.0398843930635838,0.0295491063918651,4,7,3.539910813823857,,,6,0.4826823263241948,planted_partition,0.522020618223852,0.230254227713677,0.0436228126810625,0.2333333333333333,0.6166666666666667,0.4666666666666667,0.3333333333333333,0.3333333333333333,0.8041939253727266,0.3947215332239397,0.2434811659843384,1.5334315861421828,0.6491228070168606,0.5833333333326042,affinity_periodic
planted_partition_19.pkl,reactive,0.057479550863020326,0.07779136842164132,-23.600000000000033,-23.600000000000033,373.0,373.0,23,15.441912174224854,363,300,884,0.0197101449275362,5.8933333333333335,2.4044180813498226,14,2.3755656108597285,0.230180995475113,0.0359460169460169,0.0398843930635838,0.0295491063918651,4,7,3.539910813823857,,,6,0.4826823263241948,planted_partition,0.522020618223852,0.230254227713677,0.0436228126810625,0.2333333333333333,0.6166666666666667,0.4666666666666667,0.3333333333333333,0.3333333333333333,0.8041939253727266,0.3947215332239397,0.2434811659843384,1.5334315861421828,0.6491228070168606,0.5833333333326042,affinity_periodic
planted_partition_2.pkl,affinity,0.07953081481281796,0.09107483819787983,-22.80000000000009,-3.7109994812969167,373.0,54.01101430533026,7,8.554882526397705,359,300,885,0.0197324414715719,5.9,2.601131732078446,15,2.542372881355932,0.245713747645951,0.0412996077996078,0.043754674644727,0.009319597982813,4,7,3.580535117056856,,,5,0.5156551437964825,planted_partition,0.4536945322068184,0.2352789551653235,0.0323504081011705,0.35,0.5833333333333334,0.5166666666666667,0.3833333333333333,0.2833333333333333,0.7518366533720768,0.3643028983209563,0.3300761482096958,1.744968553939379,0.6034482758614448,0.6458333333325261,affinity_periodic
planted_partition_2.pkl,affinity_periodic,0.036588381047179555,0.0514407692132689,-17.200000000000014,-2.617064158854167,365.0,53.85537564714154,31,20.45848321914673,313,300,885,0.0197324414715719,5.9,2.601131732078446,15,2.542372881355932,0.245713747645951,0.0412996077996078,0.043754674644727,0.009319597982813,4,7,3.580535117056856,,,5,0.5156551437964825,planted_partition,0.4536945322068184,0.2352789551653235,0.0323504081011705,0.35,0.5833333333333334,0.5166666666666667,0.3833333333333333,0.2833333333333333,0.7518366533720768,0.3643028983209563,0.3300761482096958,1.744968553939379,0.6034482758614448,0.6458333333325261,affinity_periodic
planted_partition_2.pkl,affinity_reactive,0.07953081481281796,0.09107483819787983,-22.80000000000009,-3.7109994812969167,373.0,54.01101430533026,19,19.62471556663513,346,300,885,0.0197324414715719,5.9,2.601131732078446,15,2.542372881355932,0.245713747645951,0.0412996077996078,0.043754674644727,0.009319597982813,4,7,3.580535117056856,,,5,0.5156551437964825,planted_partition,0.4536945322068184,0.2352789551653235,0.0323504081011705,0.35,0.5833333333333334,0.5166666666666667,0.3833333333333333,0.2833333333333333,0.7518366533720768,0.3643028983209563,0.3300761482096958,1.744968553939379,0.6034482758614448,0.6458333333325261,affinity_periodic
planted_partition_2.pkl,baseline,0.05693583430060397,0.0838192386644692,-17.400000000000023,-17.400000000000023,384.0,384.0,4,4.108134746551514,384,300,885,0.0197324414715719,5.9,2.601131732078446,15,2.542372881355932,0.245713747645951,0.0412996077996078,0.043754674644727,0.009319597982813,4,7,3.580535117056856,,,5,0.5156551437964825,planted_partition,0.4536945322068184,0.2352789551653235,0.0323504081011705,0.35,0.5833333333333334,0.5166666666666667,0.3833333333333333,0.2833333333333333,0.7518366533720768,0.3643028983209563,0.3300761482096958,1.744968553939379,0.6034482758614448,0.6458333333325261,affinity_periodic
planted_partition_2.pkl,periodic,0.02636131415768686,0.04382639487352796,-12.200000000000026,-12.200000000000026,378.0,378.0,38,15.172815561294556,360,300,885,0.0197324414715719,5.9,2.601131732078446,15,2.542372881355932,0.245713747645951,0.0412996077996078,0.043754674644727,0.009319597982813,4,7,3.580535117056856,,,5,0.5156551437964825,planted_partition,0.4536945322068184,0.2352789551653235,0.0323504081011705,0.35,0.5833333333333334,0.5166666666666667,0.3833333333333333,0.2833333333333333,0.7518366533720768,0.3643028983209563,0.3300761482096958,1.744968553939379,0.6034482758614448,0.6458333333325261,affinity_periodic
planted_partition_2.pkl,reactive,0.05699906526853107,0.08376833276880584,-18.000000000000025,-18.000000000000025,381.0,381.0,43,14.259164333343506,370,300,885,0.0197324414715719,5.9,2.601131732078446,15,2.542372881355932,0.245713747645951,0.0412996077996078,0.043754674644727,0.009319597982813,4,7,3.580535117056856,,,5,0.5156551437964825,planted_partition,0.4536945322068184,0.2352789551653235,0.0323504081011705,0.35,0.5833333333333334,0.5166666666666667,0.3833333333333333,0.2833333333333333,0.7518366533720768,0.3643028983209563,0.3300761482096958,1.744968553939379,0.6034482758614448,0.6458333333325261,affinity_periodic
planted_partition_20.pkl,affinity,0.08683720758207397,0.09976471317254532,-28.200000000000074,-4.248625353544518,370.0,52.21454092447456,6,8.713823318481445,354,300,930,0.0207357859531772,6.2,2.5927606960064504,16,2.5806451612903225,0.231716845878136,0.0507309727309727,0.0498202362609142,-0.0309228023350635,4,7,3.4553177257525083,,,6,0.5024164643311365,planted_partition,0.3558491262780948,0.1580272800432844,-0.0422714513254661,-0.1333333333333333,0.45,0.3833333333333333,0.5166666666666667,0.4833333333333333,0.7644166416352168,0.3572790679243596,0.3081871135887759,1.7989325146014776,0.4655172413788287,0.442307692307182,affinity_reactive
planted_partition_20.pkl,affinity_periodic,0.04322727176392074,0.04968738992476602,-29.40000000000007,-4.318760579389059,346.0,49.35455401424126,26,22.456191778182983,324,300,930,0.0207357859531772,6.2,2.5927606960064504,16,2.5806451612903225,0.231716845878136,0.0507309727309727,0.0498202362609142,-0.0309228023350635,4,7,3.4553177257525083,,,6,0.5024164643311365,planted_partition,0.3558491262780948,0.1580272800432844,-0.0422714513254661,-0.1333333333333333,0.45,0.3833333333333333,0.5166666666666667,0.4833333333333333,0.7644166416352168,0.3572790679243596,0.3081871135887759,1.7989325146014776,0.4655172413788287,0.442307692307182,affinity_reactive
planted_partition_20.pkl,affinity_reactive,0.08683720758207397,0.09976471317254532,-28.200000000000074,-4.248625353544518,370.0,52.21454092447456,48,19.15058946609497,301,300,930,0.0207357859531772,6.2,2.5927606960064504,16,2.5806451612903225,0.231716845878136,0.0507309727309727,0.0498202362609142,-0.0309228023350635,4,7,3.4553177257525083,,,6,0.5024164643311365,planted_partition,0.3558491262780948,0.1580272800432844,-0.0422714513254661,-0.1333333333333333,0.45,0.3833333333333333,0.5166666666666667,0.4833333333333333,0.7644166416352168,0.3572790679243596,0.3081871135887759,1.7989325146014776,0.4655172413788287,0.442307692307182,affinity_reactive
planted_partition_20.pkl,baseline,0.05640672969530319,0.085493077427146,-14.600000000000032,-14.600000000000032,409.0,409.0,3,7.024547100067139,409,300,930,0.0207357859531772,6.2,2.5927606960064504,16,2.5806451612903225,0.231716845878136,0.0507309727309727,0.0498202362609142,-0.0309228023350635,4,7,3.4553177257525083,,,6,0.5024164643311365,planted_partition,0.3558491262780948,0.1580272800432844,-0.0422714513254661,-0.1333333333333333,0.45,0.3833333333333333,0.5166666666666667,0.4833333333333333,0.7644166416352168,0.3572790679243596,0.3081871135887759,1.7989325146014776,0.4655172413788287,0.442307692307182,affinity_reactive
planted_partition_20.pkl,periodic,0.02561581836534486,0.040801351047384846,-12.700000000000035,-12.700000000000035,396.0,396.0,44,16.555652141571045,360,300,930,0.0207357859531772,6.2,2.5927606960064504,16,2.5806451612903225,0.231716845878136,0.0507309727309727,0.0498202362609142,-0.0309228023350635,4,7,3.4553177257525083,,,6,0.5024164643311365,planted_partition,0.3558491262780948,0.1580272800432844,-0.0422714513254661,-0.1333333333333333,0.45,0.3833333333333333,0.5166666666666667,0.4833333333333333,0.7644166416352168,0.3572790679243596,0.3081871135887759,1.7989325146014776,0.4655172413788287,0.442307692307182,affinity_reactive
planted_partition_20.pkl,reactive,0.05654352860091193,0.08538072915148152,-14.800000000000045,-14.800000000000045,408.0,408.0,16,17.553431749343872,400,300,930,0.0207357859531772,6.2,2.5927606960064504,16,2.5806451612903225,0.231716845878136,0.0507309727309727,0.0498202362609142,-0.0309228023350635,4,7,3.4553177257525083,,,6,0.5024164643311365,planted_partition,0.3558491262780948,0.1580272800432844,-0.0422714513254661,-0.1333333333333333,0.45,0.3833333333333333,0.5166666666666667,0.4833333333333333,0.7644166416352168,0.3572790679243596,0.3081871135887759,1.7989325146014776,0.4655172413788287,0.442307692307182,affinity_reactive
planted_partition_21.pkl,affinity,0.07222518016571979,0.09951723547149609,-18.200000000000077,-2.6543393208246937,387.0,58.59519666464115,4,5.365919828414917,387,300,894,0.0199331103678929,5.96,2.1926603013974635,12,2.0134228187919465,0.2063310961968678,0.0352491582491582,0.0320201824180089,-0.0380170831642132,4,6,3.497407465601221,,,5,0.458041804923702,planted_partition,0.56614674393082,0.2622731588411034,0.0936122649128556,0.6333333333333333,0.7,0.6333333333333333,0.2666666666666666,0.1833333333333333,0.7818216940005125,0.3381943364007844,0.2790640214689981,1.9568797947430103,0.7241379310337337,0.775510204080683,periodic
planted_partition_21.pkl,affinity_periodic,0.03622959826613918,0.052173078987720736,-17.10000000000005,-2.727007237104372,365.0,54.556583608038494,5,23.9551362991333,364,300,894,0.0199331103678929,5.96,2.1926603013974635,12,2.0134228187919465,0.2063310961968678,0.0352491582491582,0.0320201824180089,-0.0380170831642132,4,6,3.497407465601221,,,5,0.458041804923702,planted_partition,0.56614674393082,0.2622731588411034,0.0936122649128556,0.6333333333333333,0.7,0.6333333333333333,0.2666666666666666,0.1833333333333333,0.7818216940005125,0.3381943364007844,0.2790640214689981,1.9568797947430103,0.7241379310337337,0.775510204080683,periodic
planted_partition_21.pkl,affinity_reactive,0.07179727126953804,0.09989337205475561,-18.200000000000077,-2.6543393208246937,387.0,58.59519666464115,35,19.15044116973877,336,300,894,0.0199331103678929,5.96,2.1926603013974635,12,2.0134228187919465,0.2063310961968678,0.0352491582491582,0.0320201824180089,-0.0380170831642132,4,6,3.497407465601221,,,5,0.458041804923702,planted_partition,0.56614674393082,0.2622731588411034,0.0936122649128556,0.6333333333333333,0.7,0.6333333333333333,0.2666666666666666,0.1833333333333333,0.7818216940005125,0.3381943364007844,0.2790640214689981,1.9568797947430103,0.7241379310337337,0.775510204080683,periodic
planted_partition_21.pkl,baseline,0.05829039516542002,0.07757744067320439,-21.50000000000003,-21.50000000000003,364.0,364.0,7,6.7181477546691895,350,300,894,0.0199331103678929,5.96,2.1926603013974635,12,2.0134228187919465,0.2063310961968678,0.0352491582491582,0.0320201824180089,-0.0380170831642132,4,6,3.497407465601221,,,5,0.458041804923702,planted_partition,0.56614674393082,0.2622731588411034,0.0936122649128556,0.6333333333333333,0.7,0.6333333333333333,0.2666666666666666,0.1833333333333333,0.7818216940005125,0.3381943364007844,0.2790640214689981,1.9568797947430103,0.7241379310337337,0.775510204080683,periodic
planted_partition_21.pkl,periodic,0.0283353453890653,0.040360208048590154,-19.20000000000003,-19.20000000000003,349.0,349.0,38,16.937423706054688,304,300,894,0.0199331103678929,5.96,2.1926603013974635,12,2.0134228187919465,0.2063310961968678,0.0352491582491582,0.0320201824180089,-0.0380170831642132,4,6,3.497407465601221,,,5,0.458041804923702,planted_partition,0.56614674393082,0.2622731588411034,0.0936122649128556,0.6333333333333333,0.7,0.6333333333333333,0.2666666666666666,0.1833333333333333,0.7818216940005125,0.3381943364007844,0.2790640214689981,1.9568797947430103,0.7241379310337337,0.775510204080683,periodic
planted_partition_21.pkl,reactive,0.05829039516542002,0.07757744067320439,-21.50000000000003,-21.50000000000003,364.0,364.0,40,16.736809015274048,331,300,894,0.0199331103678929,5.96,2.1926603013974635,12,2.0134228187919465,0.2063310961968678,0.0352491582491582,0.0320201824180089,-0.0380170831642132,4,6,3.497407465601221,,,5,0.458041804923702,planted_partition,0.56614674393082,0.2622731588411034,0.0936122649128556,0.6333333333333333,0.7,0.6333333333333333,0.2666666666666666,0.1833333333333333,0.7818216940005125,0.3381943364007844,0.2790640214689981,1.9568797947430103,0.7241379310337337,0.775510204080683,periodic
planted_partition_22.pkl,affinity,0.08146195925907547,0.10408412555030122,-23.200000000000042,-3.451234596186262,387.0,55.15480388608093,6,8.607580423355103,371,300,937,0.0208918617614269,6.246666666666667,2.5312407011541764,14,2.24119530416222,0.2270508715759516,0.0343384578384578,0.0377936670071501,0.0235830270825581,4,7,3.4439855446566856,,,8,0.48801666118052,planted_partition,0.4942936531688909,0.2091636168837128,0.0507260615862016,0.1833333333333333,0.55,0.4,0.3333333333333333,0.3,0.7938655641812385,0.3660363295470203,0.259659122551008,1.731969259000948,0.6226415094332575,0.5714285714277552,affinity_periodic
planted_partition_22.pkl,affinity_periodic,0.04398338872457093,0.050350032175763344,-33.199999999999996,-4.88332926728221,323.0,45.99191294375765,36,19.113996028900143,284,300,937,0.0208918617614269,6.246666666666667,2.5312407011541764,14,2.24119530416222,0.2270508715759516,0.0343384578384578,0.0377936670071501,0.0235830270825581,4,7,3.4439855446566856,,,8,0.48801666118052,planted_partition,0.4942936531688909,0.2091636168837128,0.0507260615862016,0.1833333333333333,0.55,0.4,0.3333333333333333,0.3,0.7938655641812385,0.3660363295470203,0.259659122551008,1.731969259000948,0.6226415094332575,0.5714285714277552,affinity_periodic
planted_partition_22.pkl,affinity_reactive,0.08146195925907547,0.10408412555030122,-23.200000000000042,-3.451234596186262,387.0,55.15480388608093,49,16.245276927947998,305,300,937,0.0208918617614269,6.246666666666667,2.5312407011541764,14,2.24119530416222,0.2270508715759516,0.0343384578384578,0.0377936670071501,0.0235830270825581,4,7,3.4439855446566856,,,8,0.48801666118052,planted_partition,0.4942936531688909,0.2091636168837128,0.0507260615862016,0.1833333333333333,0.55,0.4,0.3333333333333333,0.3,0.7938655641812385,0.3660363295470203,0.259659122551008,1.731969259000948,0.6226415094332575,0.5714285714277552,affinity_periodic
planted_partition_22.pkl,baseline,0.06049313931957352,0.07535821774643092,-20.200000000000077,-20.200000000000077,403.0,403.0,4,6.940600395202637,403,300,937,0.0208918617614269,6.246666666666667,2.5312407011541764,14,2.24119530416222,0.2270508715759516,0.0343384578384578,0.0377936670071501,0.0235830270825581,4,7,3.4439855446566856,,,8,0.48801666118052,planted_partition,0.4942936531688909,0.2091636168837128,0.0507260615862016,0.1833333333333333,0.55,0.4,0.3333333333333333,0.3,0.7938655641812385,0.3660363295470203,0.259659122551008,1.731969259000948,0.6226415094332575,0.5714285714277552,affinity_periodic
planted_partition_22.pkl,periodic,0.02726536611071142,0.03641814620817935,-21.80000000000004,-21.80000000000004,366.0,366.0,46,17.736162185668945,296,300,937,0.0208918617614269,6.246666666666667,2.5312407011541764,14,2.24119530416222,0.2270508715759516,0.0343384578384578,0.0377936670071501,0.0235830270825581,4,7,3.4439855446566856,,,8,0.48801666118052,planted_partition,0.4942936531688909,0.2091636168837128,0.0507260615862016,0.1833333333333333,0.55,0.4,0.3333333333333333,0.3,0.7938655641812385,0.3660363295470203,0.259659122551008,1.731969259000948,0.6226415094332575,0.5714285714277552,affinity_periodic
planted_partition_22.pkl,reactive,0.06049313931957352,0.07535821774643092,-20.200000000000077,-20.200000000000077,403.0,403.0,21,18.430634021759037,390,300,937,0.0208918617614269,6.246666666666667,2.5312407011541764,14,2.24119530416222,0.2270508715759516,0.0343384578384578,0.0377936670071501,0.0235830270825581,4,7,3.4439855446566856,,,8,0.48801666118052,planted_partition,0.4942936531688909,0.2091636168837128,0.0507260615862016,0.1833333333333333,0.55,0.4,0.3333333333333333,0.3,0.7938655641812385,0.3660363295470203,0.259659122551008,1.731969259000948,0.6226415094332575,0.5714285714277552,affinity_periodic
planted_partition_23.pkl,affinity,0.07664175649992302,0.09901958331018315,-19.80000000000001,-3.282358549440678,359.0,53.11852968338119,6,5.627364873886108,351,300,881,0.0196432552954292,5.873333333333333,2.421466612904997,15,2.553916004540296,0.2282368520620505,0.0329019129019129,0.0284332688588007,-0.029221216847208,4,6,3.5259141208951537,,,5,0.4727827087421295,planted_partition,0.4872942616172043,0.2315766520486255,0.0597542237938699,0.3333333333333333,0.5666666666666667,0.45,0.35,0.3,0.7882701290875139,0.3859610867482238,0.2686006523646665,1.5909347712359811,0.6181818181811438,0.5999999999992001,reactive
planted_partition_23.pkl,affinity_periodic,0.0368356265351411,0.052552310845986584,-14.700000000000061,-2.629350199700399,357.0,52.61437733075906,10,26.26229739189148,336,300,881,0.0196432552954292,5.873333333333333,2.421466612904997,15,2.553916004540296,0.2282368520620505,0.0329019129019129,0.0284332688588007,-0.029221216847208,4,6,3.5259141208951537,,,5,0.4727827087421295,planted_partition,0.4872942616172043,0.2315766520486255,0.0597542237938699,0.3333333333333333,0.5666666666666667,0.45,0.35,0.3,0.7882701290875139,0.3859610867482238,0.2686006523646665,1.5909347712359811,0.6181818181811438,0.5999999999992001,reactive
planted_partition_23.pkl,affinity_reactive,0.07664175649992302,0.09901958331018315,-19.80000000000001,-3.282358549440678,359.0,53.11852968338119,47,18.57044816017151,327,300,881,0.0196432552954292,5.873333333333333,2.421466612904997,15,2.553916004540296,0.2282368520620505,0.0329019129019129,0.0284332688588007,-0.029221216847208,4,6,3.5259141208951537,,,5,0.4727827087421295,planted_partition,0.4872942616172043,0.2315766520486255,0.0597542237938699,0.3333333333333333,0.5666666666666667,0.45,0.35,0.3,0.7882701290875139,0.3859610867482238,0.2686006523646665,1.5909347712359811,0.6181818181811438,0.5999999999992001,reactive
planted_partition_23.pkl,baseline,0.056700417767782216,0.07466824468424829,-17.900000000000016,-17.900000000000016,373.0,373.0,4,4.273762702941895,373,300,881,0.0196432552954292,5.873333333333333,2.421466612904997,15,2.553916004540296,0.2282368520620505,0.0329019129019129,0.0284332688588007,-0.029221216847208,4,6,3.5259141208951537,,,5,0.4727827087421295,planted_partition,0.4872942616172043,0.2315766520486255,0.0597542237938699,0.3333333333333333,0.5666666666666667,0.45,0.35,0.3,0.7882701290875139,0.3859610867482238,0.2686006523646665,1.5909347712359811,0.6181818181811438,0.5999999999992001,reactive
planted_partition_23.pkl,periodic,0.025178352470912817,0.040419272182403564,-11.700000000000033,-11.700000000000033,368.0,368.0,20,19.48973846435547,360,300,881,0.0196432552954292,5.873333333333333,2.421466612904997,15,2.553916004540296,0.2282368520620505,0.0329019129019129,0.0284332688588007,-0.029221216847208,4,6,3.5259141208951537,,,5,0.4727827087421295,planted_partition,0.4872942616172043,0.2315766520486255,0.0597542237938699,0.3333333333333333,0.5666666666666667,0.45,0.35,0.3,0.7882701290875139,0.3859610867482238,0.2686006523646665,1.5909347712359811,0.6181818181811438,0.5999999999992001,reactive
planted_partition_23.pkl,reactive,0.05689768401794522,0.07449195106385637,-19.30000000000004,-19.30000000000004,366.0,366.0,49,14.227768182754517,325,300,881,0.0196432552954292,5.873333333333333,2.421466612904997,15,2.553916004540296,0.2282368520620505,0.0329019129019129,0.0284332688588007,-0.029221216847208,4,6,3.5259141208951537,,,5,0.4727827087421295,planted_partition,0.4872942616172043,0.2315766520486255,0.0597542237938699,0.3333333333333333,0.5666666666666667,0.45,0.35,0.3,0.7882701290875139,0.3859610867482238,0.2686006523646665,1.5909347712359811,0.6181818181811438,0.5999999999992001,reactive
planted_partition_24.pkl,affinity,0.08752723287468564,0.09281370574151579,-27.700000000000042,-4.229066806336253,375.0,54.64456130753907,5,8.956537008285522,372,300,917,0.0204459308807134,6.113333333333333,2.5288612760292373,13,2.1264994547437297,0.2324609233006178,0.0412154512154512,0.0387953941541186,-0.02036488841301,4,7,3.46232407802294,,,6,0.4951670196660915,planted_partition,0.2204230223161492,0.0986216901470347,-0.1256068890481704,-0.6,0.2666666666666666,0.1666666666666666,0.7166666666666667,0.5666666666666667,0.8128098947916271,0.4339354366475448,0.2302999833145008,1.3044902894442094,0.2711864406776902,0.2272727272724173,reactive
planted_partition_24.pkl,affinity_periodic,0.03961510966228556,0.04845748555525412,-20.800000000000022,-3.215094725886998,375.0,54.14350973121039,17,27.86180591583252,372,300,917,0.0204459308807134,6.113333333333333,2.5288612760292373,13,2.1264994547437297,0.2324609233006178,0.0412154512154512,0.0387953941541186,-0.02036488841301,4,7,3.46232407802294,,,6,0.4951670196660915,planted_partition,0.2204230223161492,0.0986216901470347,-0.1256068890481704,-0.6,0.2666666666666666,0.1666666666666666,0.7166666666666667,0.5666666666666667,0.8128098947916271,0.4339354366475448,0.2302999833145008,1.3044902894442094,0.2711864406776902,0.2272727272724173,reactive
planted_partition_24.pkl,affinity_reactive,0.08752723287468564,0.09281370574151579,-27.700000000000042,-4.229066806336253,375.0,54.64456130753907,10,25.316120386123657,363,300,917,0.0204459308807134,6.113333333333333,2.5288612760292373,13,2.1264994547437297,0.2324609233006178,0.0412154512154512,0.0387953941541186,-0.02036488841301,4,7,3.46232407802294,,,6,0.4951670196660915,planted_partition,0.2204230223161492,0.0986216901470347,-0.1256068890481704,-0.6,0.2666666666666666,0.1666666666666666,0.7166666666666667,0.5666666666666667,0.8128098947916271,0.4339354366475448,0.2302999833145008,1.3044902894442094,0.2711864406776902,0.2272727272724173,reactive
planted_partition_24.pkl,baseline,0.049511081940387926,0.07126522152730534,-18.40000000000004,-18.40000000000004,405.0,405.0,3,7.322010278701782,405,300,917,0.0204459308807134,6.113333333333333,2.5288612760292373,13,2.1264994547437297,0.2324609233006178,0.0412154512154512,0.0387953941541186,-0.02036488841301,4,7,3.46232407802294,,,6,0.4951670196660915,planted_partition,0.2204230223161492,0.0986216901470347,-0.1256068890481704,-0.6,0.2666666666666666,0.1666666666666666,0.7166666666666667,0.5666666666666667,0.8128098947916271,0.4339354366475448,0.2302999833145008,1.3044902894442094,0.2711864406776902,0.2272727272724173,reactive
planted_partition_24.pkl,periodic,0.02590674110718902,0.038642571724825166,-18.10000000000002,-18.10000000000002,366.0,366.0,5,18.417033910751343,364,300,917,0.0204459308807134,6.113333333333333,2.5288612760292373,13,2.1264994547437297,0.2324609233006178,0.0412154512154512,0.0387953941541186,-0.02036488841301,4,7,3.46232407802294,,,6,0.4951670196660915,planted_partition,0.2204230223161492,0.0986216901470347,-0.1256068890481704,-0.6,0.2666666666666666,0.1666666666666666,0.7166666666666667,0.5666666666666667,0.8128098947916271,0.4339354366475448,0.2302999833145008,1.3044902894442094,0.2711864406776902,0.2272727272724173,reactive
planted_partition_24.pkl,reactive,0.04967824646687104,0.07110940043670116,-19.50000000000004,-19.50000000000004,400.0,400.0,48,16.820331573486328,355,300,917,0.0204459308807134,6.113333333333333,2.5288612760292373,13,2.1264994547437297,0.2324609233006178,0.0412154512154512,0.0387953941541186,-0.02036488841301,4,7,3.46232407802294,,,6,0.4951670196660915,planted_partition,0.2204230223161492,0.0986216901470347,-0.1256068890481704,-0.6,0.2666666666666666,0.1666666666666666,0.7166666666666667,0.5666666666666667,0.8128098947916271,0.4339354366475448,0.2302999833145008,1.3044902894442094,0.2711864406776902,0.2272727272724173,reactive
planted_partition_25.pkl,affinity,0.08889286770716412,0.11297759356140342,-20.700000000000063,-3.1475101534800203,373.0,55.27663748541715,5,5.526636123657227,368,300,912,0.0203344481605351,6.08,2.3746712499102904,15,2.4671052631578947,0.2180555555555554,0.0336767676767676,0.0383491599707815,-0.0122260660729344,4,6,3.476824313707885,,,7,0.4782018265235457,planted_partition,0.4265053299547181,0.1952499804985485,0.0021722034042724,0.0666666666666666,0.5166666666666667,0.3833333333333333,0.4666666666666667,0.3833333333333333,0.8117359505598051,0.3904999609976063,0.2319276968210668,1.5608197179976924,0.525423728813025,0.4999999999993478,affinity_periodic
planted_partition_25.pkl,affinity_periodic,0.04307994943728262,0.05604462810499467,-23.60000000000005,-3.533168460845074,327.0,48.54812488035967,49,21.360179901123047,265,300,912,0.0203344481605351,6.08,2.3746712499102904,15,2.4671052631578947,0.2180555555555554,0.0336767676767676,0.0383491599707815,-0.0122260660729344,4,6,3.476824313707885,,,7,0.4782018265235457,planted_partition,0.4265053299547181,0.1952499804985485,0.0021722034042724,0.0666666666666666,0.5166666666666667,0.3833333333333333,0.4666666666666667,0.3833333333333333,0.8117359505598051,0.3904999609976063,0.2319276968210668,1.5608197179976924,0.525423728813025,0.4999999999993478,affinity_periodic
planted_partition_25.pkl,affinity_reactive,0.08889286770716412,0.11297759356140342,-20.700000000000063,-3.1475101534800203,373.0,55.27663748541715,46,15.412611246109009,267,300,912,0.0203344481605351,6.08,2.3746712499102904,15,2.4671052631578947,0.2180555555555554,0.0336767676767676,0.0383491599707815,-0.0122260660729344,4,6,3.476824313707885,,,7,0.4782018265235457,planted_partition,0.4265053299547181,0.1952499804985485,0.0021722034042724,0.0666666666666666,0.5166666666666667,0.3833333333333333,0.4666666666666667,0.3833333333333333,0.8117359505598051,0.3904999609976063,0.2319276968210668,1.5608197179976924,0.525423728813025,0.4999999999993478,affinity_periodic
planted_partition_25.pkl,baseline,0.05373770687609449,0.0866080504413544,-13.600000000000085,-13.600000000000085,393.0,393.0,3,7.2199366092681885,393,300,912,0.0203344481605351,6.08,2.3746712499102904,15,2.4671052631578947,0.2180555555555554,0.0336767676767676,0.0383491599707815,-0.0122260660729344,4,6,3.476824313707885,,,7,0.4782018265235457,planted_partition,0.4265053299547181,0.1952499804985485,0.0021722034042724,0.0666666666666666,0.5166666666666667,0.3833333333333333,0.4666666666666667,0.3833333333333333,0.8117359505598051,0.3904999609976063,0.2319276968210668,1.5608197179976924,0.525423728813025,0.4999999999993478,affinity_periodic
planted_partition_25.pkl,periodic,0.027622192241635417,0.0418697997468045,-17.600000000000048,-17.600000000000048,359.0,359.0,17,18.633498907089237,354,300,912,0.0203344481605351,6.08,2.3746712499102904,15,2.4671052631578947,0.2180555555555554,0.0336767676767676,0.0383491599707815,-0.0122260660729344,4,6,3.476824313707885,,,7,0.4782018265235457,planted_partition,0.4265053299547181,0.1952499804985485,0.0021722034042724,0.0666666666666666,0.5166666666666667,0.3833333333333333,0.4666666666666667,0.3833333333333333,0.8117359505598051,0.3904999609976063,0.2319276968210668,1.5608197179976924,0.525423728813025,0.4999999999993478,affinity_periodic
planted_partition_25.pkl,reactive,0.0583102260199839,0.08342315406486407,-20.400000000000045,-20.400000000000045,365.0,365.0,49,14.513575553894045,318,300,912,0.0203344481605351,6.08,2.3746712499102904,15,2.4671052631578947,0.2180555555555554,0.0336767676767676,0.0383491599707815,-0.0122260660729344,4,6,3.476824313707885,,,7,0.4782018265235457,planted_partition,0.4265053299547181,0.1952499804985485,0.0021722034042724,0.0666666666666666,0.5166666666666667,0.3833333333333333,0.4666666666666667,0.3833333333333333,0.8117359505598051,0.3904999609976063,0.2319276968210668,1.5608197179976924,0.525423728813025,0.4999999999993478,affinity_periodic
planted_partition_26.pkl,affinity,0.0793202168986113,0.09568697328256755,-22.700000000000056,-3.5874271744205175,377.0,54.85863377116341,5,5.636220455169678,375,300,902,0.0201114827201783,6.013333333333334,2.364697627984363,13,2.161862527716186,0.2211714708056171,0.029599012099012,0.0296752519596864,-0.0353625329509574,4,7,3.4958305462653287,,,5,0.47855099040811,planted_partition,0.3446990184381331,0.1742819235991714,-0.0301866090731178,-0.2333333333333333,0.4,0.35,0.5166666666666667,0.4166666666666667,0.7899352505882501,0.3817604040748735,0.2659265417707573,1.6194440002842014,0.4363636363631603,0.4565217391298393,affinity_periodic
planted_partition_26.pkl,affinity_periodic,0.0378638976854357,0.04885703278521757,-14.900000000000043,-2.1928184276564697,376.0,55.56812093424785,40,19.655260801315308,306,300,902,0.0201114827201783,6.013333333333334,2.364697627984363,13,2.161862527716186,0.2211714708056171,0.029599012099012,0.0296752519596864,-0.0353625329509574,4,7,3.4958305462653287,,,5,0.47855099040811,planted_partition,0.3446990184381331,0.1742819235991714,-0.0301866090731178,-0.2333333333333333,0.4,0.35,0.5166666666666667,0.4166666666666667,0.7899352505882501,0.3817604040748735,0.2659265417707573,1.6194440002842014,0.4363636363631603,0.4565217391298393,affinity_periodic
planted_partition_26.pkl,affinity_reactive,0.0793202168986113,0.09568697328256755,-22.700000000000056,-3.5874271744205175,377.0,54.85863377116341,49,18.222949981689453,329,300,902,0.0201114827201783,6.013333333333334,2.364697627984363,13,2.161862527716186,0.2211714708056171,0.029599012099012,0.0296752519596864,-0.0353625329509574,4,7,3.4958305462653287,,,5,0.47855099040811,planted_partition,0.3446990184381331,0.1742819235991714,-0.0301866090731178,-0.2333333333333333,0.4,0.35,0.5166666666666667,0.4166666666666667,0.7899352505882501,0.3817604040748735,0.2659265417707573,1.6194440002842014,0.4363636363631603,0.4565217391298393,affinity_periodic
planted_partition_26.pkl,baseline,0.04891258474779832,0.07824191780159961,-10.300000000000072,-10.300000000000072,418.0,418.0,3,6.805371046066284,418,300,902,0.0201114827201783,6.013333333333334,2.364697627984363,13,2.161862527716186,0.2211714708056171,0.029599012099012,0.0296752519596864,-0.0353625329509574,4,7,3.4958305462653287,,,5,0.47855099040811,planted_partition,0.3446990184381331,0.1742819235991714,-0.0301866090731178,-0.2333333333333333,0.4,0.35,0.5166666666666667,0.4166666666666667,0.7899352505882501,0.3817604040748735,0.2659265417707573,1.6194440002842014,0.4363636363631603,0.4565217391298393,affinity_periodic
planted_partition_26.pkl,periodic,0.026363751055076816,0.03924604046526527,-16.40000000000003,-16.40000000000003,368.0,368.0,34,17.14983630180359,358,300,902,0.0201114827201783,6.013333333333334,2.364697627984363,13,2.161862527716186,0.2211714708056171,0.029599012099012,0.0296752519596864,-0.0353625329509574,4,7,3.4958305462653287,,,5,0.47855099040811,planted_partition,0.3446990184381331,0.1742819235991714,-0.0301866090731178,-0.2333333333333333,0.4,0.35,0.5166666666666667,0.4166666666666667,0.7899352505882501,0.3817604040748735,0.2659265417707573,1.6194440002842014,0.4363636363631603,0.4565217391298393,affinity_periodic
planted_partition_26.pkl,reactive,0.049191719430282596,0.07802598467878791,-11.100000000000064,-11.100000000000064,414.0,414.0,21,14.798226356506348,384,300,902,0.0201114827201783,6.013333333333334,2.364697627984363,13,2.161862527716186,0.2211714708056171,0.029599012099012,0.0296752519596864,-0.0353625329509574,4,7,3.4958305462653287,,,5,0.47855099040811,planted_partition,0.3446990184381331,0.1742819235991714,-0.0301866090731178,-0.2333333333333333,0.4,0.35,0.5166666666666667,0.4166666666666667,0.7899352505882501,0.3817604040748735,0.2659265417707573,1.6194440002842014,0.4363636363631603,0.4565217391298393,affinity_periodic
planted_partition_27.pkl,affinity,0.08497189232869541,0.09935987199346379,-22.70000000000003,-3.73006865744107,358.0,55.51675446807282,8,5.499222755432129,335,300,862,0.0192196209587513,5.746666666666667,2.237373838797921,12,2.088167053364269,0.2160750193348799,0.0289160654160654,0.0316115702479338,-0.0242506561844058,4,7,3.546564611344302,,,8,0.4884031093717196,planted_partition,0.4261047647993053,0.2306342107844118,0.0533404490575783,0.3,0.5166666666666667,0.4333333333333333,0.4166666666666667,0.25,0.7697376396382793,0.3636924093144124,0.2991439530876094,1.749576219875128,0.5535714285708355,0.6341463414624866,affinity_reactive
planted_partition_27.pkl,affinity_periodic,0.03904382859052606,0.056151772950005015,-19.20000000000006,-3.098684230789858,336.0,51.92985430465947,23,22.16964101791382,315,300,862,0.0192196209587513,5.746666666666667,2.237373838797921,12,2.088167053364269,0.2160750193348799,0.0289160654160654,0.0316115702479338,-0.0242506561844058,4,7,3.546564611344302,,,8,0.4884031093717196,planted_partition,0.4261047647993053,0.2306342107844118,0.0533404490575783,0.3,0.5166666666666667,0.4333333333333333,0.4166666666666667,0.25,0.7697376396382793,0.3636924093144124,0.2991439530876094,1.749576219875128,0.5535714285708355,0.6341463414624866,affinity_reactive
planted_partition_27.pkl,affinity_reactive,0.08497189232869541,0.09935987199346379,-22.70000000000003,-3.73006865744107,358.0,55.51675446807282,48,16.06667137145996,309,300,862,0.0192196209587513,5.746666666666667,2.237373838797921,12,2.088167053364269,0.2160750193348799,0.0289160654160654,0.0316115702479338,-0.0242506561844058,4,7,3.546564611344302,,,8,0.4884031093717196,planted_partition,0.4261047647993053,0.2306342107844118,0.0533404490575783,0.3,0.5166666666666667,0.4333333333333333,0.4166666666666667,0.25,0.7697376396382793,0.3636924093144124,0.2991439530876094,1.749576219875128,0.5535714285708355,0.6341463414624866,affinity_reactive
planted_partition_27.pkl,baseline,0.05549598309513186,0.07485843953544821,-21.20000000000003,-21.20000000000003,379.0,379.0,4,8.952293157577515,379,300,862,0.0192196209587513,5.746666666666667,2.237373838797921,12,2.088167053364269,0.2160750193348799,0.0289160654160654,0.0316115702479338,-0.0242506561844058,4,7,3.546564611344302,,,8,0.4884031093717196,planted_partition,0.4261047647993053,0.2306342107844118,0.0533404490575783,0.3,0.5166666666666667,0.4333333333333333,0.4166666666666667,0.25,0.7697376396382793,0.3636924093144124,0.2991439530876094,1.749576219875128,0.5535714285708355,0.6341463414624866,affinity_reactive
planted_partition_27.pkl,periodic,0.02427029820125176,0.03939846647980281,-11.200000000000074,-11.200000000000074,377.0,377.0,44,17.587231159210205,311,300,862,0.0192196209587513,5.746666666666667,2.237373838797921,12,2.088167053364269,0.2160750193348799,0.0289160654160654,0.0316115702479338,-0.0242506561844058,4,7,3.546564611344302,,,8,0.4884031093717196,planted_partition,0.4261047647993053,0.2306342107844118,0.0533404490575783,0.3,0.5166666666666667,0.4333333333333333,0.4166666666666667,0.25,0.7697376396382793,0.3636924093144124,0.2991439530876094,1.749576219875128,0.5535714285708355,0.6341463414624866,affinity_reactive
planted_partition_27.pkl,reactive,0.05534685378341213,0.07499388551642662,-21.20000000000003,-21.20000000000003,379.0,379.0,4,19.47126817703247,379,300,862,0.0192196209587513,5.746666666666667,2.237373838797921,12,2.088167053364269,0.2160750193348799,0.0289160654160654,0.0316115702479338,-0.0242506561844058,4,7,3.546564611344302,,,8,0.4884031093717196,planted_partition,0.4261047647993053,0.2306342107844118,0.0533404490575783,0.3,0.5166666666666667,0.4333333333333333,0.4166666666666667,0.25,0.7697376396382793,0.3636924093144124,0.2991439530876094,1.749576219875128,0.5535714285708355,0.6341463414624866,affinity_reactive
planted_partition_28.pkl,affinity,0.08301752301248934,0.09896435037108181,-21.200000000000074,-3.2795174051034977,384.0,55.51008305976545,6,5.9646077156066895,371,300,926,0.0206465997770345,6.173333333333333,2.424089434718516,14,2.267818574514039,0.2201187904967601,0.0444086284086284,0.0428647027694478,0.001793264315048,4,7,3.4840133779264213,,,6,0.4911000424501677,planted_partition,0.3932998436164645,0.2015714659599633,-0.0095027758138575,-0.05,0.4666666666666667,0.4,0.4833333333333333,0.3666666666666666,0.8006461102200741,0.3863453097571002,0.248991267471629,1.5883580691809398,0.4912280701749215,0.5217391304341021,affinity_reactive
planted_partition_28.pkl,affinity_periodic,0.04209851444201954,0.04888440896384095,-24.60000000000005,-3.4978462331939415,355.0,52.08740522142876,26,19.802916526794437,308,300,926,0.0206465997770345,6.173333333333333,2.424089434718516,14,2.267818574514039,0.2201187904967601,0.0444086284086284,0.0428647027694478,0.001793264315048,4,7,3.4840133779264213,,,6,0.4911000424501677,planted_partition,0.3932998436164645,0.2015714659599633,-0.0095027758138575,-0.05,0.4666666666666667,0.4,0.4833333333333333,0.3666666666666666,0.8006461102200741,0.3863453097571002,0.248991267471629,1.5883580691809398,0.4912280701749215,0.5217391304341021,affinity_reactive
planted_partition_28.pkl,affinity_reactive,0.08301752301248934,0.09896435037108181,-21.200000000000074,-3.2795174051034977,384.0,55.51008305976545,45,14.70192050933838,285,300,926,0.0206465997770345,6.173333333333333,2.424089434718516,14,2.267818574514039,0.2201187904967601,0.0444086284086284,0.0428647027694478,0.001793264315048,4,7,3.4840133779264213,,,6,0.4911000424501677,planted_partition,0.3932998436164645,0.2015714659599633,-0.0095027758138575,-0.05,0.4666666666666667,0.4,0.4833333333333333,0.3666666666666666,0.8006461102200741,0.3863453097571002,0.248991267471629,1.5883580691809398,0.4912280701749215,0.5217391304341021,affinity_reactive
planted_partition_28.pkl,baseline,0.04957799178537266,0.0769369380777758,-10.700000000000085,-10.700000000000085,428.0,428.0,3,7.360953569412231,428,300,926,0.0206465997770345,6.173333333333333,2.424089434718516,14,2.267818574514039,0.2201187904967601,0.0444086284086284,0.0428647027694478,0.001793264315048,4,7,3.4840133779264213,,,6,0.4911000424501677,planted_partition,0.3932998436164645,0.2015714659599633,-0.0095027758138575,-0.05,0.4666666666666667,0.4,0.4833333333333333,0.3666666666666666,0.8006461102200741,0.3863453097571002,0.248991267471629,1.5883580691809398,0.4912280701749215,0.5217391304341021,affinity_reactive
planted_partition_28.pkl,periodic,0.02340998775150762,0.03846359265117592,-10.000000000000071,-10.000000000000071,413.0,413.0,16,19.14974904060364,378,300,926,0.0206465997770345,6.173333333333333,2.424089434718516,14,2.267818574514039,0.2201187904967601,0.0444086284086284,0.0428647027694478,0.001793264315048,4,7,3.4840133779264213,,,6,0.4911000424501677,planted_partition,0.3932998436164645,0.2015714659599633,-0.0095027758138575,-0.05,0.4666666666666667,0.4,0.4833333333333333,0.3666666666666666,0.8006461102200741,0.3863453097571002,0.248991267471629,1.5883580691809398,0.4912280701749215,0.5217391304341021,affinity_reactive
planted_partition_28.pkl,reactive,0.0498573213943112,0.07671415164943325,-11.300000000000065,-11.300000000000065,425.0,425.0,44,16.671623945236206,376,300,926,0.0206465997770345,6.173333333333333,2.424089434718516,14,2.267818574514039,0.2201187904967601,0.0444086284086284,0.0428647027694478,0.001793264315048,4,7,3.4840133779264213,,,6,0.4911000424501677,planted_partition,0.3932998436164645,0.2015714659599633,-0.0095027758138575,-0.05,0.4666666666666667,0.4,0.4833333333333333,0.3666666666666666,0.8006461102200741,0.3863453097571002,0.248991267471629,1.5883580691809398,0.4912280701749215,0.5217391304341021,affinity_reactive
planted_partition_29.pkl,affinity,0.08919758996730243,0.11330336467125093,-25.00000000000005,-3.824870396499287,367.0,52.70884867511423,4,5.59872579574585,367,300,909,0.020267558528428,6.06,2.583016307371511,15,2.4752475247524752,0.2369380271360468,0.0464596329596329,0.0460961229229944,-0.0457713819340155,4,7,3.490314471055644,,,6,0.5099978094619142,planted_partition,0.3577542064677191,0.1900291123023038,-0.002170344892427,-0.0166666666666666,0.3833333333333333,0.3333333333333333,0.45,0.3333333333333333,0.7777265358003227,0.3800582246051776,0.2857989974213055,1.6311757916536265,0.459999999999448,0.49999999999925,affinity_periodic
planted_partition_29.pkl,affinity_periodic,0.04179874722398374,0.053952321026884444,-22.800000000000093,-3.376533235908937,340.0,49.02148367876053,48,20.896870136260983,244,300,909,0.020267558528428,6.06,2.583016307371511,15,2.4752475247524752,0.2369380271360468,0.0464596329596329,0.0460961229229944,-0.0457713819340155,4,7,3.490314471055644,,,6,0.5099978094619142,planted_partition,0.3577542064677191,0.1900291123023038,-0.002170344892427,-0.0166666666666666,0.3833333333333333,0.3333333333333333,0.45,0.3333333333333333,0.7777265358003227,0.3800582246051776,0.2857989974213055,1.6311757916536265,0.459999999999448,0.49999999999925,affinity_periodic
planted_partition_29.pkl,affinity_reactive,0.0890607334560907,0.1134336886521171,-25.80000000000006,-3.8975294657467794,363.0,52.34555332887675,35,17.2036612033844,287,300,909,0.020267558528428,6.06,2.583016307371511,15,2.4752475247524752,0.2369380271360468,0.0464596329596329,0.0460961229229944,-0.0457713819340155,4,7,3.490314471055644,,,6,0.5099978094619142,planted_partition,0.3577542064677191,0.1900291123023038,-0.002170344892427,-0.0166666666666666,0.3833333333333333,0.3333333333333333,0.45,0.3333333333333333,0.7777265358003227,0.3800582246051776,0.2857989974213055,1.6311757916536265,0.459999999999448,0.49999999999925,affinity_periodic
planted_partition_29.pkl,baseline,0.05849997295455397,0.07811625431957356,-22.70000000000005,-22.70000000000005,370.0,370.0,6,4.473871946334839,360,300,909,0.020267558528428,6.06,2.583016307371511,15,2.4752475247524752,0.2369380271360468,0.0464596329596329,0.0460961229229944,-0.0457713819340155,4,7,3.490314471055644,,,6,0.5099978094619142,planted_partition,0.3577542064677191,0.1900291123023038,-0.002170344892427,-0.0166666666666666,0.3833333333333333,0.3333333333333333,0.45,0.3333333333333333,0.7777265358003227,0.3800582246051776,0.2857989974213055,1.6311757916536265,0.459999999999448,0.49999999999925,affinity_periodic
planted_partition_29.pkl,periodic,0.030232607097903076,0.038401192655928944,-26.600000000000062,-26.600000000000062,328.0,328.0,47,16.162129402160645,269,300,909,0.020267558528428,6.06,2.583016307371511,15,2.4752475247524752,0.2369380271360468,0.0464596329596329,0.0460961229229944,-0.0457713819340155,4,7,3.490314471055644,,,6,0.5099978094619142,planted_partition,0.3577542064677191,0.1900291123023038,-0.002170344892427,-0.0166666666666666,0.3833333333333333,0.3333333333333333,0.45,0.3333333333333333,0.7777265358003227,0.3800582246051776,0.2857989974213055,1.6311757916536265,0.459999999999448,0.49999999999925,affinity_periodic
planted_partition_29.pkl,reactive,0.05849997295455397,0.07811625431957356,-22.70000000000005,-22.70000000000005,370.0,370.0,44,14.241652488708496,251,300,909,0.020267558528428,6.06,2.583016307371511,15,2.4752475247524752,0.2369380271360468,0.0464596329596329,0.0460961229229944,-0.0457713819340155,4,7,3.490314471055644,,,6,0.5099978094619142,planted_partition,0.3577542064677191,0.1900291123023038,-0.002170344892427,-0.0166666666666666,0.3833333333333333,0.3333333333333333,0.45,0.3333333333333333,0.7777265358003227,0.3800582246051776,0.2857989974213055,1.6311757916536265,0.459999999999448,0.49999999999925,affinity_periodic
planted_partition_3.pkl,affinity,0.07971117990640822,0.09716103995587597,-21.90000000000006,-3.3986563578371074,365.0,52.833370741784655,4,5.699043273925781,365,300,907,0.0202229654403567,6.046666666666667,2.54020952620296,14,2.3153252480705624,0.2354244762954795,0.0370094905094905,0.0384337784193432,0.0291219452426476,4,7,3.4596524529410435,,,7,0.4720591649658602,planted_partition,0.4305344036808972,0.2277684096116201,0.0462157776965829,0.3333333333333333,0.5,0.45,0.4,0.2833333333333333,0.774961926626476,0.3711781489972204,0.2903859733511657,1.694124109141695,0.5555555555549383,0.6136363636355269,affinity_periodic
planted_partition_3.pkl,affinity_periodic,0.03798611918235384,0.05261162706255175,-16.500000000000085,-2.7338930158654455,361.0,52.01339229698323,48,20.46934127807617,286,300,907,0.0202229654403567,6.046666666666667,2.54020952620296,14,2.3153252480705624,0.2354244762954795,0.0370094905094905,0.0384337784193432,0.0291219452426476,4,7,3.4596524529410435,,,7,0.4720591649658602,planted_partition,0.4305344036808972,0.2277684096116201,0.0462157776965829,0.3333333333333333,0.5,0.45,0.4,0.2833333333333333,0.774961926626476,0.3711781489972204,0.2903859733511657,1.694124109141695,0.5555555555549383,0.6136363636355269,affinity_periodic
planted_partition_3.pkl,affinity_reactive,0.07971117990640822,0.09716103995587597,-21.90000000000006,-3.3986563578371074,365.0,52.833370741784655,41,17.83138418197632,358,300,907,0.0202229654403567,6.046666666666667,2.54020952620296,14,2.3153252480705624,0.2354244762954795,0.0370094905094905,0.0384337784193432,0.0291219452426476,4,7,3.4596524529410435,,,7,0.4720591649658602,planted_partition,0.4305344036808972,0.2277684096116201,0.0462157776965829,0.3333333333333333,0.5,0.45,0.4,0.2833333333333333,0.774961926626476,0.3711781489972204,0.2903859733511657,1.694124109141695,0.5555555555549383,0.6136363636355269,affinity_periodic
planted_partition_3.pkl,baseline,0.051750727500893566,0.08337045310229013,-13.30000000000007,-13.30000000000007,399.0,399.0,4,7.329118967056274,399,300,907,0.0202229654403567,6.046666666666667,2.54020952620296,14,2.3153252480705624,0.2354244762954795,0.0370094905094905,0.0384337784193432,0.0291219452426476,4,7,3.4596524529410435,,,7,0.4720591649658602,planted_partition,0.4305344036808972,0.2277684096116201,0.0462157776965829,0.3333333333333333,0.5,0.45,0.4,0.2833333333333333,0.774961926626476,0.3711781489972204,0.2903859733511657,1.694124109141695,0.5555555555549383,0.6136363636355269,affinity_periodic
planted_partition_3.pkl,periodic,0.025718370412526437,0.0416090610173802,-12.100000000000056,-12.100000000000056,378.0,378.0,32,18.3926374912262,323,300,907,0.0202229654403567,6.046666666666667,2.54020952620296,14,2.3153252480705624,0.2354244762954795,0.0370094905094905,0.0384337784193432,0.0291219452426476,4,7,3.4596524529410435,,,7,0.4720591649658602,planted_partition,0.4305344036808972,0.2277684096116201,0.0462157776965829,0.3333333333333333,0.5,0.45,0.4,0.2833333333333333,0.774961926626476,0.3711781489972204,0.2903859733511657,1.694124109141695,0.5555555555549383,0.6136363636355269,affinity_periodic
planted_partition_3.pkl,reactive,0.05180478617592801,0.08333005432457576,-13.70000000000001,-13.70000000000001,397.0,397.0,20,20.094943046569824,382,300,907,0.0202229654403567,6.046666666666667,2.54020952620296,14,2.3153252480705624,0.2354244762954795,0.0370094905094905,0.0384337784193432,0.0291219452426476,4,7,3.4596524529410435,,,7,0.4720591649658602,planted_partition,0.4305344036808972,0.2277684096116201,0.0462157776965829,0.3333333333333333,0.5,0.45,0.4,0.2833333333333333,0.774961926626476,0.3711781489972204,0.2903859733511657,1.694124109141695,0.5555555555549383,0.6136363636355269,affinity_periodic
planted_partition_4.pkl,affinity,0.06761263923303025,0.10451101906214087,-11.100000000000055,-1.8626753592812604,380.0,56.824295141300304,3,8.860134840011597,380,300,886,0.0197547380156075,5.906666666666666,2.357218094712996,13,2.2009029345372464,0.2235176824680209,0.0286734376734376,0.0330243337195828,0.0233219799520643,4,7,3.541401988732015,,,6,0.4979388430004738,planted_partition,0.2477271255717904,0.1490615592910655,-0.0841742618051119,-0.3333333333333333,0.3,0.25,0.65,0.4,0.7844692309781621,0.3875600541573667,0.2747472565024514,1.5802452788231762,0.3157894736838781,0.3846153846147929,reactive
planted_partition_4.pkl,affinity_periodic,0.0360151892059113,0.051257358208756425,-13.300000000000054,-2.2276178706931,365.0,54.70949893489367,49,23.27239489555359,356,300,886,0.0197547380156075,5.906666666666666,2.357218094712996,13,2.2009029345372464,0.2235176824680209,0.0286734376734376,0.0330243337195828,0.0233219799520643,4,7,3.541401988732015,,,6,0.4979388430004738,planted_partition,0.2477271255717904,0.1490615592910655,-0.0841742618051119,-0.3333333333333333,0.3,0.25,0.65,0.4,0.7844692309781621,0.3875600541573667,0.2747472565024514,1.5802452788231762,0.3157894736838781,0.3846153846147929,reactive
planted_partition_4.pkl,affinity_reactive,0.06775210924697725,0.10439863756529136,-11.300000000000018,-1.8713729923773137,379.0,56.78080697582005,30,19.04693055152893,347,300,886,0.0197547380156075,5.906666666666666,2.357218094712996,13,2.2009029345372464,0.2235176824680209,0.0286734376734376,0.0330243337195828,0.0233219799520643,4,7,3.541401988732015,,,6,0.4979388430004738,planted_partition,0.2477271255717904,0.1490615592910655,-0.0841742618051119,-0.3333333333333333,0.3,0.25,0.65,0.4,0.7844692309781621,0.3875600541573667,0.2747472565024514,1.5802452788231762,0.3157894736838781,0.3846153846147929,reactive
planted_partition_4.pkl,baseline,0.05097184414351384,0.07254078669120184,-16.10000000000002,-16.10000000000002,376.0,376.0,5,7.241544723510742,373,300,886,0.0197547380156075,5.906666666666666,2.357218094712996,13,2.2009029345372464,0.2235176824680209,0.0286734376734376,0.0330243337195828,0.0233219799520643,4,7,3.541401988732015,,,6,0.4979388430004738,planted_partition,0.2477271255717904,0.1490615592910655,-0.0841742618051119,-0.3333333333333333,0.3,0.25,0.65,0.4,0.7844692309781621,0.3875600541573667,0.2747472565024514,1.5802452788231762,0.3157894736838781,0.3846153846147929,reactive
planted_partition_4.pkl,periodic,0.022408547929625718,0.03867739285427167,-10.200000000000042,-10.200000000000042,377.0,377.0,25,19.21470141410828,363,300,886,0.0197547380156075,5.906666666666666,2.357218094712996,13,2.2009029345372464,0.2235176824680209,0.0286734376734376,0.0330243337195828,0.0233219799520643,4,7,3.541401988732015,,,6,0.4979388430004738,planted_partition,0.2477271255717904,0.1490615592910655,-0.0841742618051119,-0.3333333333333333,0.3,0.25,0.65,0.4,0.7844692309781621,0.3875600541573667,0.2747472565024514,1.5802452788231762,0.3157894736838781,0.3846153846147929,reactive
planted_partition_4.pkl,reactive,0.05097184414351384,0.07254078669120184,-16.10000000000002,-16.10000000000002,376.0,376.0,41,16.203839778900146,336,300,886,0.0197547380156075,5.906666666666666,2.357218094712996,13,2.2009029345372464,0.2235176824680209,0.0286734376734376,0.0330243337195828,0.0233219799520643,4,7,3.541401988732015,,,6,0.4979388430004738,planted_partition,0.2477271255717904,0.1490615592910655,-0.0841742618051119,-0.3333333333333333,0.3,0.25,0.65,0.4,0.7844692309781621,0.3875600541573667,0.2747472565024514,1.5802452788231762,0.3157894736838781,0.3846153846147929,reactive
planted_partition_5.pkl,affinity,0.08593525201936669,0.10057104472657201,-19.000000000000068,-2.861321300512723,404.0,58.658296611424,8,9.176140546798706,392,300,921,0.0205351170568561,6.14,2.420729871416448,14,2.280130293159609,0.2195114006514658,0.0340914085914085,0.0272727272727272,-0.0179196641588429,4,6,3.455810905475335,,,8,0.4752222540527987,planted_partition,0.3136018388220306,0.1461276988401742,-0.0159873116054086,-0.05,0.3833333333333333,0.3166666666666666,0.5666666666666667,0.45,0.7771871657771549,0.3537828498240412,0.2866913454496402,1.8265926414956624,0.4035087719293998,0.4130434782603308,affinity_periodic
planted_partition_5.pkl,affinity_periodic,0.03688662976879323,0.05215321113132306,-13.500000000000027,-2.1388586549465227,399.0,58.00845221965051,41,23.259851694107056,310,300,921,0.0205351170568561,6.14,2.420729871416448,14,2.280130293159609,0.2195114006514658,0.0340914085914085,0.0272727272727272,-0.0179196641588429,4,6,3.455810905475335,,,8,0.4752222540527987,planted_partition,0.3136018388220306,0.1461276988401742,-0.0159873116054086,-0.05,0.3833333333333333,0.3166666666666666,0.5666666666666667,0.45,0.7771871657771549,0.3537828498240412,0.2866913454496402,1.8265926414956624,0.4035087719293998,0.4130434782603308,affinity_periodic
planted_partition_5.pkl,affinity_reactive,0.08593525201936669,0.10057104472657201,-19.000000000000068,-2.861321300512723,404.0,58.658296611424,36,20.577720880508423,385,300,921,0.0205351170568561,6.14,2.420729871416448,14,2.280130293159609,0.2195114006514658,0.0340914085914085,0.0272727272727272,-0.0179196641588429,4,6,3.455810905475335,,,8,0.4752222540527987,planted_partition,0.3136018388220306,0.1461276988401742,-0.0159873116054086,-0.05,0.3833333333333333,0.3166666666666666,0.5666666666666667,0.45,0.7771871657771549,0.3537828498240412,0.2866913454496402,1.8265926414956624,0.4035087719293998,0.4130434782603308,affinity_periodic
planted_partition_5.pkl,baseline,0.061993925959892004,0.08808857674577594,-21.10000000000005,-21.10000000000005,390.0,390.0,7,7.759368181228638,369,300,921,0.0205351170568561,6.14,2.420729871416448,14,2.280130293159609,0.2195114006514658,0.0340914085914085,0.0272727272727272,-0.0179196641588429,4,6,3.455810905475335,,,8,0.4752222540527987,planted_partition,0.3136018388220306,0.1461276988401742,-0.0159873116054086,-0.05,0.3833333333333333,0.3166666666666666,0.5666666666666667,0.45,0.7771871657771549,0.3537828498240412,0.2866913454496402,1.8265926414956624,0.4035087719293998,0.4130434782603308,affinity_periodic
planted_partition_5.pkl,periodic,0.029689332677904377,0.04555910391721474,-21.20000000000004,-21.20000000000004,353.0,353.0,22,18.81112504005432,313,300,921,0.0205351170568561,6.14,2.420729871416448,14,2.280130293159609,0.2195114006514658,0.0340914085914085,0.0272727272727272,-0.0179196641588429,4,6,3.455810905475335,,,8,0.4752222540527987,planted_partition,0.3136018388220306,0.1461276988401742,-0.0159873116054086,-0.05,0.3833333333333333,0.3166666666666666,0.5666666666666667,0.45,0.7771871657771549,0.3537828498240412,0.2866913454496402,1.8265926414956624,0.4035087719293998,0.4130434782603308,affinity_periodic
planted_partition_5.pkl,reactive,0.061993925959892004,0.08808857674577594,-21.10000000000005,-21.10000000000005,390.0,390.0,18,16.51774501800537,323,300,921,0.0205351170568561,6.14,2.420729871416448,14,2.280130293159609,0.2195114006514658,0.0340914085914085,0.0272727272727272,-0.0179196641588429,4,6,3.455810905475335,,,8,0.4752222540527987,planted_partition,0.3136018388220306,0.1461276988401742,-0.0159873116054086,-0.05,0.3833333333333333,0.3166666666666666,0.5666666666666667,0.45,0.7771871657771549,0.3537828498240412,0.2866913454496402,1.8265926414956624,0.4035087719293998,0.4130434782603308,affinity_periodic
planted_partition_6.pkl,affinity,0.08176247362788452,0.11389337572890125,-25.400000000000045,-3.8004337731099898,370.0,55.07538065749447,5,10.500353574752808,368,300,919,0.0204905239687848,6.126666666666667,2.498954073292191,14,2.2850924918389555,0.2248639825897713,0.0299677729677729,0.0334809565987599,-0.0432995901737494,4,7,3.460101905681129,,,6,0.4972885321486547,planted_partition,0.4416053411801103,0.2516471188460151,0.061337195671147,0.4833333333333333,0.5166666666666667,0.45,0.4,0.2166666666666666,0.7834933472558893,0.3728105464391,0.2763350237783189,1.6823275509544997,0.5636363636357488,0.6749999999989876,affinity_periodic
planted_partition_6.pkl,affinity_periodic,0.040938336636889505,0.057449886329061964,-20.899999999999995,-3.1775304557100617,352.0,52.06101568277533,16,22.00625705718994,340,300,919,0.0204905239687848,6.126666666666667,2.498954073292191,14,2.2850924918389555,0.2248639825897713,0.0299677729677729,0.0334809565987599,-0.0432995901737494,4,7,3.460101905681129,,,6,0.4972885321486547,planted_partition,0.4416053411801103,0.2516471188460151,0.061337195671147,0.4833333333333333,0.5166666666666667,0.45,0.4,0.2166666666666666,0.7834933472558893,0.3728105464391,0.2763350237783189,1.6823275509544997,0.5636363636357488,0.6749999999989876,affinity_periodic
planted_partition_6.pkl,affinity_reactive,0.08176247362788452,0.11389337572890125,-25.400000000000045,-3.8004337731099898,370.0,55.07538065749447,18,22.66434407234192,356,300,919,0.0204905239687848,6.126666666666667,2.498954073292191,14,2.2850924918389555,0.2248639825897713,0.0299677729677729,0.0334809565987599,-0.0432995901737494,4,7,3.460101905681129,,,6,0.4972885321486547,planted_partition,0.4416053411801103,0.2516471188460151,0.061337195671147,0.4833333333333333,0.5166666666666667,0.45,0.4,0.2166666666666666,0.7834933472558893,0.3728105464391,0.2763350237783189,1.6823275509544997,0.5636363636357488,0.6749999999989876,affinity_periodic
planted_partition_6.pkl,baseline,0.05299075152648756,0.08132308473447235,-15.500000000000012,-15.500000000000012,418.0,418.0,3,4.242037296295166,418,300,919,0.0204905239687848,6.126666666666667,2.498954073292191,14,2.2850924918389555,0.2248639825897713,0.0299677729677729,0.0334809565987599,-0.0432995901737494,4,7,3.460101905681129,,,6,0.4972885321486547,planted_partition,0.4416053411801103,0.2516471188460151,0.061337195671147,0.4833333333333333,0.5166666666666667,0.45,0.4,0.2166666666666666,0.7834933472558893,0.3728105464391,0.2763350237783189,1.6823275509544997,0.5636363636357488,0.6749999999989876,affinity_periodic
planted_partition_6.pkl,periodic,0.026262925476044058,0.04069968002865147,-13.800000000000043,-13.800000000000043,398.0,398.0,10,20.994065046310425,382,300,919,0.0204905239687848,6.126666666666667,2.498954073292191,14,2.2850924918389555,0.2248639825897713,0.0299677729677729,0.0334809565987599,-0.0432995901737494,4,7,3.460101905681129,,,6,0.4972885321486547,planted_partition,0.4416053411801103,0.2516471188460151,0.061337195671147,0.4833333333333333,0.5166666666666667,0.45,0.4,0.2166666666666666,0.7834933472558893,0.3728105464391,0.2763350237783189,1.6823275509544997,0.5636363636357488,0.6749999999989876,affinity_periodic
planted_partition_6.pkl,reactive,0.053319158751446494,0.08105847890945114,-15.900000000000036,-15.900000000000036,416.0,416.0,44,14.732765436172484,362,300,919,0.0204905239687848,6.126666666666667,2.498954073292191,14,2.2850924918389555,0.2248639825897713,0.0299677729677729,0.0334809565987599,-0.0432995901737494,4,7,3.460101905681129,,,6,0.4972885321486547,planted_partition,0.4416053411801103,0.2516471188460151,0.061337195671147,0.4833333333333333,0.5166666666666667,0.45,0.4,0.2166666666666666,0.7834933472558893,0.3728105464391,0.2763350237783189,1.6823275509544997,0.5636363636357488,0.6749999999989876,affinity_periodic
planted_partition_7.pkl,affinity,0.0864073784945221,0.10487832669484065,-24.200000000000063,-3.865973398929134,356.0,53.16857663394409,5,8.350912809371948,355,300,899,0.0200445930880713,5.993333333333333,2.232315613636471,14,2.335928809788654,0.2057990359658879,0.0284304029304029,0.0309514711501719,-0.0100595071428352,4,6,3.487647714604236,,,5,0.4819092032798772,planted_partition,0.4922493669127836,0.2418244003362989,0.0685339650809346,0.2,0.5666666666666667,0.4833333333333333,0.35,0.3333333333333333,0.7962857405950774,0.4085998488445917,0.2558306007748971,1.4473822073789937,0.6181818181811438,0.5918367346931528,affinity_reactive
planted_partition_7.pkl,affinity_periodic,0.039892868715100796,0.055020384621048336,-18.10000000000006,-2.8016760298564756,350.0,52.18794418369822,23,21.48376703262329,341,300,899,0.0200445930880713,5.993333333333333,2.232315613636471,14,2.335928809788654,0.2057990359658879,0.0284304029304029,0.0309514711501719,-0.0100595071428352,4,6,3.487647714604236,,,5,0.4819092032798772,planted_partition,0.4922493669127836,0.2418244003362989,0.0685339650809346,0.2,0.5666666666666667,0.4833333333333333,0.35,0.3333333333333333,0.7962857405950774,0.4085998488445917,0.2558306007748971,1.4473822073789937,0.6181818181811438,0.5918367346931528,affinity_reactive
planted_partition_7.pkl,affinity_reactive,0.0864073784945221,0.10487832669484065,-24.200000000000063,-3.865973398929134,356.0,53.16857663394409,32,16.02851390838623,325,300,899,0.0200445930880713,5.993333333333333,2.232315613636471,14,2.335928809788654,0.2057990359658879,0.0284304029304029,0.0309514711501719,-0.0100595071428352,4,6,3.487647714604236,,,5,0.4819092032798772,planted_partition,0.4922493669127836,0.2418244003362989,0.0685339650809346,0.2,0.5666666666666667,0.4833333333333333,0.35,0.3333333333333333,0.7962857405950774,0.4085998488445917,0.2558306007748971,1.4473822073789937,0.6181818181811438,0.5918367346931528,affinity_reactive
planted_partition_7.pkl,baseline,0.04744938352231733,0.08290847576176875,-7.500000000000042,-7.500000000000042,407.0,407.0,2,6.720051765441895,407,300,899,0.0200445930880713,5.993333333333333,2.232315613636471,14,2.335928809788654,0.2057990359658879,0.0284304029304029,0.0309514711501719,-0.0100595071428352,4,6,3.487647714604236,,,5,0.4819092032798772,planted_partition,0.4922493669127836,0.2418244003362989,0.0685339650809346,0.2,0.5666666666666667,0.4833333333333333,0.35,0.3333333333333333,0.7962857405950774,0.4085998488445917,0.2558306007748971,1.4473822073789937,0.6181818181811438,0.5918367346931528,affinity_reactive
planted_partition_7.pkl,periodic,0.0233563243312338,0.04045934286712715,-9.100000000000048,-9.100000000000048,385.0,385.0,15,20.707000017166138,380,300,899,0.0200445930880713,5.993333333333333,2.232315613636471,14,2.335928809788654,0.2057990359658879,0.0284304029304029,0.0309514711501719,-0.0100595071428352,4,6,3.487647714604236,,,5,0.4819092032798772,planted_partition,0.4922493669127836,0.2418244003362989,0.0685339650809346,0.2,0.5666666666666667,0.4833333333333333,0.35,0.3333333333333333,0.7962857405950774,0.4085998488445917,0.2558306007748971,1.4473822073789937,0.6181818181811438,0.5918367346931528,affinity_reactive
planted_partition_7.pkl,reactive,0.048469203584503996,0.08219786405226068,-8.400000000000015,-8.400000000000015,403.0,403.0,23,16.680526733398438,371,300,899,0.0200445930880713,5.993333333333333,2.232315613636471,14,2.335928809788654,0.2057990359658879,0.0284304029304029,0.0309514711501719,-0.0100595071428352,4,6,3.487647714604236,,,5,0.4819092032798772,planted_partition,0.4922493669127836,0.2418244003362989,0.0685339650809346,0.2,0.5666666666666667,0.4833333333333333,0.35,0.3333333333333333,0.7962857405950774,0.4085998488445917,0.2558306007748971,1.4473822073789937,0.6181818181811438,0.5918367346931528,affinity_reactive
planted_partition_8.pkl,affinity,0.08874409783264028,0.09556623500606144,-22.70000000000005,-3.8254884814684007,365.0,55.39964521550698,6,5.305243492126465,355,300,873,0.0194648829431438,5.82,2.2740943288972004,14,2.405498281786941,0.2185910652920961,0.0378059718059718,0.0409556313993174,-0.0198754411750561,4,7,3.578974358974359,,,5,0.5019373360677785,planted_partition,0.2880467841236576,0.1354548291088218,-0.0507621323285476,-0.3,0.35,0.2833333333333333,0.6,0.5,0.7818412711936079,0.3744927628307502,0.2790319938896771,1.6702785721174107,0.3684210526311911,0.3617021276591127,affinity_periodic
planted_partition_8.pkl,affinity_periodic,0.04035444031778658,0.057403383824366286,-19.100000000000016,-3.150232298948551,341.0,51.663195530828645,22,21.39561080932617,314,300,873,0.0194648829431438,5.82,2.2740943288972004,14,2.405498281786941,0.2185910652920961,0.0378059718059718,0.0409556313993174,-0.0198754411750561,4,7,3.578974358974359,,,5,0.5019373360677785,planted_partition,0.2880467841236576,0.1354548291088218,-0.0507621323285476,-0.3,0.35,0.2833333333333333,0.6,0.5,0.7818412711936079,0.3744927628307502,0.2790319938896771,1.6702785721174107,0.3684210526311911,0.3617021276591127,affinity_periodic
planted_partition_8.pkl,affinity_reactive,0.08874409783264028,0.09556623500606144,-22.70000000000005,-3.8254884814684007,365.0,55.39964521550698,21,18.02081036567688,325,300,873,0.0194648829431438,5.82,2.2740943288972004,14,2.405498281786941,0.2185910652920961,0.0378059718059718,0.0409556313993174,-0.0198754411750561,4,7,3.578974358974359,,,5,0.5019373360677785,planted_partition,0.2880467841236576,0.1354548291088218,-0.0507621323285476,-0.3,0.35,0.2833333333333333,0.6,0.5,0.7818412711936079,0.3744927628307502,0.2790319938896771,1.6702785721174107,0.3684210526311911,0.3617021276591127,affinity_periodic
planted_partition_8.pkl,baseline,0.045354843530645096,0.07874741868436942,-7.3000000000000655,-7.3000000000000655,411.0,411.0,3,4.000606536865234,411,300,873,0.0194648829431438,5.82,2.2740943288972004,14,2.405498281786941,0.2185910652920961,0.0378059718059718,0.0409556313993174,-0.0198754411750561,4,7,3.578974358974359,,,5,0.5019373360677785,planted_partition,0.2880467841236576,0.1354548291088218,-0.0507621323285476,-0.3,0.35,0.2833333333333333,0.6,0.5,0.7818412711936079,0.3744927628307502,0.2790319938896771,1.6702785721174107,0.3684210526311911,0.3617021276591127,affinity_periodic
planted_partition_8.pkl,periodic,0.02482440341653406,0.040707476250840376,-14.500000000000073,-14.500000000000073,355.0,355.0,11,16.95547914505005,340,300,873,0.0194648829431438,5.82,2.2740943288972004,14,2.405498281786941,0.2185910652920961,0.0378059718059718,0.0409556313993174,-0.0198754411750561,4,7,3.578974358974359,,,5,0.5019373360677785,planted_partition,0.2880467841236576,0.1354548291088218,-0.0507621323285476,-0.3,0.35,0.2833333333333333,0.6,0.5,0.7818412711936079,0.3744927628307502,0.2790319938896771,1.6702785721174107,0.3684210526311911,0.3617021276591127,affinity_periodic
planted_partition_8.pkl,reactive,0.051873210157895554,0.07502609707151535,-13.900000000000057,-13.900000000000057,384.0,384.0,49,15.321930646896362,342,300,873,0.0194648829431438,5.82,2.2740943288972004,14,2.405498281786941,0.2185910652920961,0.0378059718059718,0.0409556313993174,-0.0198754411750561,4,7,3.578974358974359,,,5,0.5019373360677785,planted_partition,0.2880467841236576,0.1354548291088218,-0.0507621323285476,-0.3,0.35,0.2833333333333333,0.6,0.5,0.7818412711936079,0.3744927628307502,0.2790319938896771,1.6702785721174107,0.3684210526311911,0.3617021276591127,affinity_periodic
planted_partition_9.pkl,affinity,0.08885862814798469,0.11732165253788342,-21.60000000000006,-3.4803195333624197,374.0,54.974025560114725,5,8.60395860671997,372,300,922,0.0205574136008918,6.1466666666666665,2.38553799536148,14,2.27765726681128,0.2154338394793926,0.0347035187035187,0.0364546104360257,0.0210734516915087,4,6,3.4834782608695654,,,5,0.4983236950701342,planted_partition,0.446232016651536,0.1955288072229537,0.050151666499574,0.2,0.55,0.45,0.3833333333333333,0.3333333333333333,0.7572422100761451,0.3403649607218725,0.3205814291565234,1.938022756158924,0.5892857142850829,0.5744680851056496,periodic
planted_partition_9.pkl,affinity_periodic,0.046013817649252865,0.06064458242278757,-28.000000000000057,-3.966597661104441,320.0,47.7022832804299,25,21.68779444694519,295,300,922,0.0205574136008918,6.1466666666666665,2.38553799536148,14,2.27765726681128,0.2154338394793926,0.0347035187035187,0.0364546104360257,0.0210734516915087,4,6,3.4834782608695654,,,5,0.4983236950701342,planted_partition,0.446232016651536,0.1955288072229537,0.050151666499574,0.2,0.55,0.45,0.3833333333333333,0.3333333333333333,0.7572422100761451,0.3403649607218725,0.3205814291565234,1.938022756158924,0.5892857142850829,0.5744680851056496,periodic
planted_partition_9.pkl,affinity_reactive,0.08885862814798469,0.11732165253788342,-21.60000000000006,-3.4803195333624197,374.0,54.974025560114725,40,17.103216886520386,350,300,922,0.0205574136008918,6.1466666666666665,2.38553799536148,14,2.27765726681128,0.2154338394793926,0.0347035187035187,0.0364546104360257,0.0210734516915087,4,6,3.4834782608695654,,,5,0.4983236950701342,planted_partition,0.446232016651536,0.1955288072229537,0.050151666499574,0.2,0.55,0.45,0.3833333333333333,0.3333333333333333,0.7572422100761451,0.3403649607218725,0.3205814291565234,1.938022756158924,0.5892857142850829,0.5744680851056496,periodic
planted_partition_9.pkl,baseline,0.06073159473796506,0.09877561696935674,-8.900000000000066,-8.900000000000066,440.0,440.0,2,4.058708190917969,440,300,922,0.0205574136008918,6.1466666666666665,2.38553799536148,14,2.27765726681128,0.2154338394793926,0.0347035187035187,0.0364546104360257,0.0210734516915087,4,6,3.4834782608695654,,,5,0.4983236950701342,planted_partition,0.446232016651536,0.1955288072229537,0.050151666499574,0.2,0.55,0.45,0.3833333333333333,0.3333333333333333,0.7572422100761451,0.3403649607218725,0.3205814291565234,1.938022756158924,0.5892857142850829,0.5744680851056496,periodic
planted_partition_9.pkl,periodic,0.03036566644034072,0.04368854538856776,-22.000000000000046,-22.000000000000046,365.0,365.0,34,15.245442152023315,289,300,922,0.0205574136008918,6.1466666666666665,2.38553799536148,14,2.27765726681128,0.2154338394793926,0.0347035187035187,0.0364546104360257,0.0210734516915087,4,6,3.4834782608695654,,,5,0.4983236950701342,planted_partition,0.446232016651536,0.1955288072229537,0.050151666499574,0.2,0.55,0.45,0.3833333333333333,0.3333333333333333,0.7572422100761451,0.3403649607218725,0.3205814291565234,1.938022756158924,0.5892857142850829,0.5744680851056496,periodic
planted_partition_9.pkl,reactive,0.06839511355839423,0.09377869521274786,-15.900000000000064,-15.900000000000064,409.0,409.0,44,13.527334213256836,343,300,922,0.0205574136008918,6.1466666666666665,2.38553799536148,14,2.27765726681128,0.2154338394793926,0.0347035187035187,0.0364546104360257,0.0210734516915087,4,6,3.4834782608695654,,,5,0.4983236950701342,planted_partition,0.446232016651536,0.1955288072229537,0.050151666499574,0.2,0.55,0.45,0.3833333333333333,0.3333333333333333,0.7572422100761451,0.3403649607218725,0.3205814291565234,1.938022756158924,0.5892857142850829,0.5744680851056496,periodic
random_regular_0.pkl,affinity,0.05402999513337078,0.08117329721328431,-16.30000000000013,-1.6219106200423232,783.0,77.9114119934431,6,9.15099835395813,780,300,1500,0.0334448160535117,10.0,0.0,10,1.0,0.0,0.0275555555555555,0.0275555555555555,,10,4,2.715406911928651,,,7,0.2745777777777778,random_regular,0.4606075320753016,0.1853605616139369,0.0199007438042002,0.2,0.45,0.45,0.3666666666666666,0.3666666666666666,0.8359173730265708,0.3363950932997789,0.1962904854810496,1.972694964693937,0.5510204081625907,0.5510204081625907,affinity_periodic
random_regular_0.pkl,affinity_periodic,0.026300501255614415,0.04087441026964291,-13.800000000000107,-1.3731513224898348,765.0,76.12034505106507,40,40.12174725532532,742,300,1500,0.0334448160535117,10.0,0.0,10,1.0,0.0,0.0275555555555555,0.0275555555555555,,10,4,2.715406911928651,,,7,0.2745777777777778,random_regular,0.4606075320753016,0.1853605616139369,0.0199007438042002,0.2,0.45,0.45,0.3666666666666666,0.3666666666666666,0.8359173730265708,0.3363950932997789,0.1962904854810496,1.972694964693937,0.5510204081625907,0.5510204081625907,affinity_periodic
random_regular_0.pkl,affinity_reactive,0.05402999513337078,0.08117329721328431,-16.30000000000013,-1.6219106200423232,783.0,77.9114119934431,43,33.89704465866089,766,300,1500,0.0334448160535117,10.0,0.0,10,1.0,0.0,0.0275555555555555,0.0275555555555555,,10,4,2.715406911928651,,,7,0.2745777777777778,random_regular,0.4606075320753016,0.1853605616139369,0.0199007438042002,0.2,0.45,0.45,0.3666666666666666,0.3666666666666666,0.8359173730265708,0.3363950932997789,0.1962904854810496,1.972694964693937,0.5510204081625907,0.5510204081625907,affinity_periodic
random_regular_0.pkl,baseline,0.05402999513337078,0.08117329721328431,-16.30000000000013,-16.30000000000013,783.0,783.0,6,6.879899024963379,780,300,1500,0.0334448160535117,10.0,0.0,10,1.0,0.0,0.0275555555555555,0.0275555555555555,,10,4,2.715406911928651,,,7,0.2745777777777778,random_regular,0.4606075320753016,0.1853605616139369,0.0199007438042002,0.2,0.45,0.45,0.3666666666666666,0.3666666666666666,0.8359173730265708,0.3363950932997789,0.1962904854810496,1.972694964693937,0.5510204081625907,0.5510204081625907,affinity_periodic
random_regular_0.pkl,periodic,0.026300501255614415,0.04087441026964291,-13.800000000000107,-13.800000000000107,765.0,765.0,40,30.06422519683838,742,300,1500,0.0334448160535117,10.0,0.0,10,1.0,0.0,0.0275555555555555,0.0275555555555555,,10,4,2.715406911928651,,,7,0.2745777777777778,random_regular,0.4606075320753016,0.1853605616139369,0.0199007438042002,0.2,0.45,0.45,0.3666666666666666,0.3666666666666666,0.8359173730265708,0.3363950932997789,0.1962904854810496,1.972694964693937,0.5510204081625907,0.5510204081625907,affinity_periodic
random_regular_0.pkl,reactive,0.05402999513337078,0.08117329721328431,-16.30000000000013,-16.30000000000013,783.0,783.0,43,25.111183166503903,766,300,1500,0.0334448160535117,10.0,0.0,10,1.0,0.0,0.0275555555555555,0.0275555555555555,,10,4,2.715406911928651,,,7,0.2745777777777778,random_regular,0.4606075320753016,0.1853605616139369,0.0199007438042002,0.2,0.45,0.45,0.3666666666666666,0.3666666666666666,0.8359173730265708,0.3363950932997789,0.1962904854810496,1.972694964693937,0.5510204081625907,0.5510204081625907,affinity_periodic
random_regular_1.pkl,affinity,0.049056468606901285,0.08400473292555422,-14.40000000000011,-1.432853553902419,769.0,76.51835992714908,2,8.83106780052185,769,300,1500,0.0334448160535117,10.0,0.0,10,1.0,0.0,0.0328888888888888,0.0328888888888888,,10,4,2.7176142697881827,,,8,0.2818666666666667,random_regular,0.3482045953052944,0.1242657364630388,-0.0398014876084005,-0.4,0.3333333333333333,0.3333333333333333,0.4333333333333333,0.4333333333333333,0.8008705692032217,0.2858111938653621,0.2486412142662331,2.498813277660052,0.4347826086950851,0.4347826086950851,periodic
random_regular_1.pkl,affinity_periodic,0.02494159357174034,0.04473842654305076,-9.000000000000066,-0.8955334711890145,758.0,75.42381901791806,20,36.51204061508179,728,300,1500,0.0334448160535117,10.0,0.0,10,1.0,0.0,0.0328888888888888,0.0328888888888888,,10,4,2.7176142697881827,,,8,0.2818666666666667,random_regular,0.3482045953052944,0.1242657364630388,-0.0398014876084005,-0.4,0.3333333333333333,0.3333333333333333,0.4333333333333333,0.4333333333333333,0.8008705692032217,0.2858111938653621,0.2486412142662331,2.498813277660052,0.4347826086950851,0.4347826086950851,periodic
random_regular_1.pkl,affinity_reactive,0.05102523912910525,0.08263121581469487,-15.800000000000088,-1.572158760531819,763.0,75.92133761302307,41,33.29925990104675,738,300,1500,0.0334448160535117,10.0,0.0,10,1.0,0.0,0.0328888888888888,0.0328888888888888,,10,4,2.7176142697881827,,,8,0.2818666666666667,random_regular,0.3482045953052944,0.1242657364630388,-0.0398014876084005,-0.4,0.3333333333333333,0.3333333333333333,0.4333333333333333,0.4333333333333333,0.8008705692032217,0.2858111938653621,0.2486412142662331,2.498813277660052,0.4347826086950851,0.4347826086950851,periodic
random_regular_1.pkl,baseline,0.049056468606901285,0.08400473292555422,-14.40000000000011,-14.40000000000011,769.0,769.0,2,6.376192092895508,769,300,1500,0.0334448160535117,10.0,0.0,10,1.0,0.0,0.0328888888888888,0.0328888888888888,,10,4,2.7176142697881827,,,8,0.2818666666666667,random_regular,0.3482045953052944,0.1242657364630388,-0.0398014876084005,-0.4,0.3333333333333333,0.3333333333333333,0.4333333333333333,0.4333333333333333,0.8008705692032217,0.2858111938653621,0.2486412142662331,2.498813277660052,0.4347826086950851,0.4347826086950851,periodic
random_regular_1.pkl,periodic,0.02494159357174034,0.04473842654305076,-9.000000000000066,-9.000000000000066,758.0,758.0,20,27.617839097976685,728,300,1500,0.0334448160535117,10.0,0.0,10,1.0,0.0,0.0328888888888888,0.0328888888888888,,10,4,2.7176142697881827,,,8,0.2818666666666667,random_regular,0.3482045953052944,0.1242657364630388,-0.0398014876084005,-0.4,0.3333333333333333,0.3333333333333333,0.4333333333333333,0.4333333333333333,0.8008705692032217,0.2858111938653621,0.2486412142662331,2.498813277660052,0.4347826086950851,0.4347826086950851,periodic
random_regular_1.pkl,reactive,0.05102523912910525,0.08263121581469487,-15.800000000000088,-15.800000000000088,763.0,763.0,41,25.116358757019043,738,300,1500,0.0334448160535117,10.0,0.0,10,1.0,0.0,0.0328888888888888,0.0328888888888888,,10,4,2.7176142697881827,,,8,0.2818666666666667,random_regular,0.3482045953052944,0.1242657364630388,-0.0398014876084005,-0.4,0.3333333333333333,0.3333333333333333,0.4333333333333333,0.4333333333333333,0.8008705692032217,0.2858111938653621,0.2486412142662331,2.498813277660052,0.4347826086950851,0.4347826086950851,periodic
random_regular_10.pkl,affinity,0.05527392576628931,0.09019894908490834,-10.700000000000061,-1.0646897935247273,788.0,78.4089305885481,5,9.092857837677002,787,300,1500,0.0334448160535117,10.0,0.0,10,1.0,0.0,0.0264444444444444,0.0264444444444444,,10,4,2.714358974358974,,,7,0.2807111111111111,random_regular,0.3490631398970116,0.1325651205521033,-0.0464350688764672,-0.4666666666666667,0.3833333333333333,0.3833333333333333,0.5166666666666667,0.5166666666666667,0.8195395458460684,0.3112398482531101,0.2201973718884175,2.212956199576245,0.4259259259254526,0.4259259259254526,affinity_periodic
random_regular_10.pkl,affinity_periodic,0.026429048315397902,0.04666547400884323,-10.200000000000104,-1.0149379340142233,762.0,75.82183389400207,14,36.89682197570801,737,300,1500,0.0334448160535117,10.0,0.0,10,1.0,0.0,0.0264444444444444,0.0264444444444444,,10,4,2.714358974358974,,,7,0.2807111111111111,random_regular,0.3490631398970116,0.1325651205521033,-0.0464350688764672,-0.4666666666666667,0.3833333333333333,0.3833333333333333,0.5166666666666667,0.5166666666666667,0.8195395458460684,0.3112398482531101,0.2201973718884175,2.212956199576245,0.4259259259254526,0.4259259259254526,affinity_periodic
random_regular_10.pkl,affinity_reactive,0.05527392576628931,0.09019894908490834,-10.700000000000061,-1.0646897935247273,788.0,78.4089305885481,36,33.81077241897583,740,300,1500,0.0334448160535117,10.0,0.0,10,1.0,0.0,0.0264444444444444,0.0264444444444444,,10,4,2.714358974358974,,,7,0.2807111111111111,random_regular,0.3490631398970116,0.1325651205521033,-0.0464350688764672,-0.4666666666666667,0.3833333333333333,0.3833333333333333,0.5166666666666667,0.5166666666666667,0.8195395458460684,0.3112398482531101,0.2201973718884175,2.212956199576245,0.4259259259254526,0.4259259259254526,affinity_periodic
random_regular_10.pkl,baseline,0.05527392576628931,0.09019894908490834,-10.700000000000061,-10.700000000000061,788.0,788.0,5,6.758591413497925,787,300,1500,0.0334448160535117,10.0,0.0,10,1.0,0.0,0.0264444444444444,0.0264444444444444,,10,4,2.714358974358974,,,7,0.2807111111111111,random_regular,0.3490631398970116,0.1325651205521033,-0.0464350688764672,-0.4666666666666667,0.3833333333333333,0.3833333333333333,0.5166666666666667,0.5166666666666667,0.8195395458460684,0.3112398482531101,0.2201973718884175,2.212956199576245,0.4259259259254526,0.4259259259254526,affinity_periodic
random_regular_10.pkl,periodic,0.026429048315397902,0.04666547400884323,-10.200000000000104,-10.200000000000104,762.0,762.0,14,27.442015171051025,737,300,1500,0.0334448160535117,10.0,0.0,10,1.0,0.0,0.0264444444444444,0.0264444444444444,,10,4,2.714358974358974,,,7,0.2807111111111111,random_regular,0.3490631398970116,0.1325651205521033,-0.0464350688764672,-0.4666666666666667,0.3833333333333333,0.3833333333333333,0.5166666666666667,0.5166666666666667,0.8195395458460684,0.3112398482531101,0.2201973718884175,2.212956199576245,0.4259259259254526,0.4259259259254526,affinity_periodic
random_regular_10.pkl,reactive,0.05527392576628931,0.09019894908490834,-10.700000000000061,-10.700000000000061,788.0,788.0,36,25.430396795272827,740,300,1500,0.0334448160535117,10.0,0.0,10,1.0,0.0,0.0264444444444444,0.0264444444444444,,10,4,2.714358974358974,,,7,0.2807111111111111,random_regular,0.3490631398970116,0.1325651205521033,-0.0464350688764672,-0.4666666666666667,0.3833333333333333,0.3833333333333333,0.5166666666666667,0.5166666666666667,0.8195395458460684,0.3112398482531101,0.2201973718884175,2.212956199576245,0.4259259259254526,0.4259259259254526,affinity_periodic
random_regular_11.pkl,affinity,0.06132845228090387,0.08746650317895546,-22.899999999999984,-2.2786351655809334,777.0,77.31438967931709,5,17.776395559310913,776,300,1500,0.0334448160535117,10.0,0.0,10,1.0,0.0,0.0302222222222222,0.0302222222222222,,10,4,2.712396878483835,,,7,0.2803555555555555,random_regular,0.4659443453647855,0.1919591340457591,0.0464350688764672,0.4666666666666667,0.4333333333333333,0.4333333333333333,0.35,0.35,0.842284008929726,0.3470030500062384,0.1872479940236317,1.8818190502418413,0.5531914893609959,0.5531914893609959,affinity_reactive
random_regular_11.pkl,affinity_periodic,0.027739160063051698,0.044430917178861204,-15.100000000000055,-1.5025061572171352,773.0,76.91637480323308,32,37.48363280296326,761,300,1500,0.0334448160535117,10.0,0.0,10,1.0,0.0,0.0302222222222222,0.0302222222222222,,10,4,2.712396878483835,,,7,0.2803555555555555,random_regular,0.4659443453647855,0.1919591340457591,0.0464350688764672,0.4666666666666667,0.4333333333333333,0.4333333333333333,0.35,0.35,0.842284008929726,0.3470030500062384,0.1872479940236317,1.8818190502418413,0.5531914893609959,0.5531914893609959,affinity_reactive
random_regular_11.pkl,affinity_reactive,0.06132845228090387,0.08746650317895546,-22.899999999999984,-2.2786351655809334,777.0,77.31438967931709,29,36.61292815208435,746,300,1500,0.0334448160535117,10.0,0.0,10,1.0,0.0,0.0302222222222222,0.0302222222222222,,10,4,2.712396878483835,,,7,0.2803555555555555,random_regular,0.4659443453647855,0.1919591340457591,0.0464350688764672,0.4666666666666667,0.4333333333333333,0.4333333333333333,0.35,0.35,0.842284008929726,0.3470030500062384,0.1872479940236317,1.8818190502418413,0.5531914893609959,0.5531914893609959,affinity_reactive
random_regular_11.pkl,baseline,0.06132845228090387,0.08746650317895546,-22.899999999999984,-22.899999999999984,777.0,777.0,5,13.2327139377594,776,300,1500,0.0334448160535117,10.0,0.0,10,1.0,0.0,0.0302222222222222,0.0302222222222222,,10,4,2.712396878483835,,,7,0.2803555555555555,random_regular,0.4659443453647855,0.1919591340457591,0.0464350688764672,0.4666666666666667,0.4333333333333333,0.4333333333333333,0.35,0.35,0.842284008929726,0.3470030500062384,0.1872479940236317,1.8818190502418413,0.5531914893609959,0.5531914893609959,affinity_reactive
random_regular_11.pkl,periodic,0.027739160063051698,0.044430917178861204,-15.100000000000055,-15.100000000000055,773.0,773.0,32,28.626885890960693,761,300,1500,0.0334448160535117,10.0,0.0,10,1.0,0.0,0.0302222222222222,0.0302222222222222,,10,4,2.712396878483835,,,7,0.2803555555555555,random_regular,0.4659443453647855,0.1919591340457591,0.0464350688764672,0.4666666666666667,0.4333333333333333,0.4333333333333333,0.35,0.35,0.842284008929726,0.3470030500062384,0.1872479940236317,1.8818190502418413,0.5531914893609959,0.5531914893609959,affinity_reactive
random_regular_11.pkl,reactive,0.06132845228090387,0.08746650317895546,-22.899999999999984,-22.899999999999984,777.0,777.0,29,27.477072954177856,746,300,1500,0.0334448160535117,10.0,0.0,10,1.0,0.0,0.0302222222222222,0.0302222222222222,,10,4,2.712396878483835,,,7,0.2803555555555555,random_regular,0.4659443453647855,0.1919591340457591,0.0464350688764672,0.4666666666666667,0.4333333333333333,0.4333333333333333,0.35,0.35,0.842284008929726,0.3470030500062384,0.1872479940236317,1.8818190502418413,0.5531914893609959,0.5531914893609959,affinity_reactive
random_regular_12.pkl,affinity,0.05862859037821796,0.0904229636816371,-13.999999999999988,-1.3930520662940296,769.0,76.51835992714908,3,13.956674814224243,769,300,1500,0.0334448160535117,10.0,0.0,10,1.0,0.0,0.0295555555555555,0.0295555555555555,,10,4,2.716254180602007,,,7,0.2805555555555555,random_regular,0.4699432304316619,0.2027995328645184,0.0132671625361335,0.1333333333333333,0.3666666666666666,0.3666666666666666,0.3,0.3,0.8544422371497579,0.3687264233905866,0.170354128718862,1.7120378051689404,0.549999999999175,0.549999999999175,affinity_periodic
random_regular_12.pkl,affinity_periodic,0.028010275336735464,0.044600037315179794,-18.200000000000166,-1.810967686182226,736.0,73.23473719945603,32,42.419846296310425,734,300,1500,0.0334448160535117,10.0,0.0,10,1.0,0.0,0.0295555555555555,0.0295555555555555,,10,4,2.716254180602007,,,7,0.2805555555555555,random_regular,0.4699432304316619,0.2027995328645184,0.0132671625361335,0.1333333333333333,0.3666666666666666,0.3666666666666666,0.3,0.3,0.8544422371497579,0.3687264233905866,0.170354128718862,1.7120378051689404,0.549999999999175,0.549999999999175,affinity_periodic
random_regular_12.pkl,affinity_reactive,0.05862859037821796,0.0904229636816371,-13.999999999999988,-1.3930520662940296,769.0,76.51835992714908,45,28.5935173034668,735,300,1500,0.0334448160535117,10.0,0.0,10,1.0,0.0,0.0295555555555555,0.0295555555555555,,10,4,2.716254180602007,,,7,0.2805555555555555,random_regular,0.4699432304316619,0.2027995328645184,0.0132671625361335,0.1333333333333333,0.3666666666666666,0.3666666666666666,0.3,0.3,0.8544422371497579,0.3687264233905866,0.170354128718862,1.7120378051689404,0.549999999999175,0.549999999999175,affinity_periodic
random_regular_12.pkl,baseline,0.05862859037821796,0.0904229636816371,-13.999999999999988,-13.999999999999988,769.0,769.0,3,10.395116090774536,769,300,1500,0.0334448160535117,10.0,0.0,10,1.0,0.0,0.0295555555555555,0.0295555555555555,,10,4,2.716254180602007,,,7,0.2805555555555555,random_regular,0.4699432304316619,0.2027995328645184,0.0132671625361335,0.1333333333333333,0.3666666666666666,0.3666666666666666,0.3,0.3,0.8544422371497579,0.3687264233905866,0.170354128718862,1.7120378051689404,0.549999999999175,0.549999999999175,affinity_periodic
random_regular_12.pkl,periodic,0.028010275336735464,0.044600037315179794,-18.200000000000166,-18.200000000000166,736.0,736.0,32,31.930777311325077,734,300,1500,0.0334448160535117,10.0,0.0,10,1.0,0.0,0.0295555555555555,0.0295555555555555,,10,4,2.716254180602007,,,7,0.2805555555555555,random_regular,0.4699432304316619,0.2027995328645184,0.0132671625361335,0.1333333333333333,0.3666666666666666,0.3666666666666666,0.3,0.3,0.8544422371497579,0.3687264233905866,0.170354128718862,1.7120378051689404,0.549999999999175,0.549999999999175,affinity_periodic
random_regular_12.pkl,reactive,0.05862859037821796,0.0904229636816371,-13.999999999999988,-13.999999999999988,769.0,769.0,45,21.384551763534542,735,300,1500,0.0334448160535117,10.0,0.0,10,1.0,0.0,0.0295555555555555,0.0295555555555555,,10,4,2.716254180602007,,,7,0.2805555555555555,random_regular,0.4699432304316619,0.2027995328645184,0.0132671625361335,0.1333333333333333,0.3666666666666666,0.3666666666666666,0.3,0.3,0.8544422371497579,0.3687264233905866,0.170354128718862,1.7120378051689404,0.549999999999175,0.549999999999175,affinity_periodic
random_regular_13.pkl,affinity,0.0633716529747352,0.09300021971982765,-18.8000000000001,-1.870669917594838,788.0,78.4089305885481,5,13.76980972290039,785,300,1500,0.0334448160535117,10.0,0.0,10,1.0,0.0,0.0273333333333333,0.0273333333333333,,10,4,2.715117056856187,,,7,0.2879555555555556,random_regular,0.4372001196986212,0.1791057563735464,0.0066335812680667,0.0666666666666666,0.4333333333333333,0.4333333333333333,0.4,0.4,0.8407694609598959,0.344434146872618,0.1893866825970494,1.9033126043970008,0.519999999999376,0.519999999999376,reactive
random_regular_13.pkl,affinity_periodic,0.028154233454805062,0.050912696734357145,-12.10000000000006,-1.2039950001541315,765.0,76.12034505106507,6,37.31867289543152,764,300,1500,0.0334448160535117,10.0,0.0,10,1.0,0.0,0.0273333333333333,0.0273333333333333,,10,4,2.715117056856187,,,7,0.2879555555555556,random_regular,0.4372001196986212,0.1791057563735464,0.0066335812680667,0.0666666666666666,0.4333333333333333,0.4333333333333333,0.4,0.4,0.8407694609598959,0.344434146872618,0.1893866825970494,1.9033126043970008,0.519999999999376,0.519999999999376,reactive
random_regular_13.pkl,affinity_reactive,0.06242427389466543,0.09357305045531734,-22.400000000000098,-2.2288833060704456,776.0,77.21488596029609,30,32.480175495147705,745,300,1500,0.0334448160535117,10.0,0.0,10,1.0,0.0,0.0273333333333333,0.0273333333333333,,10,4,2.715117056856187,,,7,0.2879555555555556,random_regular,0.4372001196986212,0.1791057563735464,0.0066335812680667,0.0666666666666666,0.4333333333333333,0.4333333333333333,0.4,0.4,0.8407694609598959,0.344434146872618,0.1893866825970494,1.9033126043970008,0.519999999999376,0.519999999999376,reactive
random_regular_13.pkl,baseline,0.0633716529747352,0.09300021971982765,-18.8000000000001,-18.8000000000001,788.0,788.0,5,10.387973070144652,785,300,1500,0.0334448160535117,10.0,0.0,10,1.0,0.0,0.0273333333333333,0.0273333333333333,,10,4,2.715117056856187,,,7,0.2879555555555556,random_regular,0.4372001196986212,0.1791057563735464,0.0066335812680667,0.0666666666666666,0.4333333333333333,0.4333333333333333,0.4,0.4,0.8407694609598959,0.344434146872618,0.1893866825970494,1.9033126043970008,0.519999999999376,0.519999999999376,reactive
random_regular_13.pkl,periodic,0.028154233454805062,0.050912696734357145,-12.10000000000006,-12.10000000000006,765.0,765.0,6,27.876553773880005,764,300,1500,0.0334448160535117,10.0,0.0,10,1.0,0.0,0.0273333333333333,0.0273333333333333,,10,4,2.715117056856187,,,7,0.2879555555555556,random_regular,0.4372001196986212,0.1791057563735464,0.0066335812680667,0.0666666666666666,0.4333333333333333,0.4333333333333333,0.4,0.4,0.8407694609598959,0.344434146872618,0.1893866825970494,1.9033126043970008,0.519999999999376,0.519999999999376,reactive
random_regular_13.pkl,reactive,0.06242427389466543,0.09357305045531734,-22.400000000000098,-22.400000000000098,776.0,776.0,30,24.471986293792725,745,300,1500,0.0334448160535117,10.0,0.0,10,1.0,0.0,0.0273333333333333,0.0273333333333333,,10,4,2.715117056856187,,,7,0.2879555555555556,random_regular,0.4372001196986212,0.1791057563735464,0.0066335812680667,0.0666666666666666,0.4333333333333333,0.4333333333333333,0.4,0.4,0.8407694609598959,0.344434146872618,0.1893866825970494,1.9033126043970008,0.519999999999376,0.519999999999376,reactive
random_regular_14.pkl,affinity,0.055523291781052905,0.08737046524701504,-14.300000000000058,-1.4229031820003317,795.0,79.10545662169511,4,8.669251441955566,795,300,1500,0.0334448160535117,10.0,0.0,10,1.0,0.0,0.0266666666666666,0.0266666666666666,,10,4,2.716454849498328,,,8,0.2802666666666666,random_regular,0.2981858542833804,0.1240374583265436,-0.0464350688764672,-0.4666666666666667,0.3,0.3,0.55,0.55,0.8448599204705719,0.3514394652589537,0.1836281681382375,1.8454402503235168,0.352941176470173,0.352941176470173,reactive
random_regular_14.pkl,affinity_periodic,0.02734855957536388,0.04298153987638098,-16.40000000000005,-1.6318609919444276,758.0,75.42381901791806,11,39.71613049507141,752,300,1500,0.0334448160535117,10.0,0.0,10,1.0,0.0,0.0266666666666666,0.0266666666666666,,10,4,2.716454849498328,,,8,0.2802666666666666,random_regular,0.2981858542833804,0.1240374583265436,-0.0464350688764672,-0.4666666666666667,0.3,0.3,0.55,0.55,0.8448599204705719,0.3514394652589537,0.1836281681382375,1.8454402503235168,0.352941176470173,0.352941176470173,reactive
random_regular_14.pkl,affinity_reactive,0.055523291781052905,0.08737046524701504,-14.300000000000058,-1.4229031820003317,795.0,79.10545662169511,21,28.469989776611328,737,300,1500,0.0334448160535117,10.0,0.0,10,1.0,0.0,0.0266666666666666,0.0266666666666666,,10,4,2.716454849498328,,,8,0.2802666666666666,random_regular,0.2981858542833804,0.1240374583265436,-0.0464350688764672,-0.4666666666666667,0.3,0.3,0.55,0.55,0.8448599204705719,0.3514394652589537,0.1836281681382375,1.8454402503235168,0.352941176470173,0.352941176470173,reactive
random_regular_14.pkl,baseline,0.055523291781052905,0.08737046524701504,-14.300000000000058,-14.300000000000058,795.0,795.0,4,6.6492884159088135,795,300,1500,0.0334448160535117,10.0,0.0,10,1.0,0.0,0.0266666666666666,0.0266666666666666,,10,4,2.716454849498328,,,8,0.2802666666666666,random_regular,0.2981858542833804,0.1240374583265436,-0.0464350688764672,-0.4666666666666667,0.3,0.3,0.55,0.55,0.8448599204705719,0.3514394652589537,0.1836281681382375,1.8454402503235168,0.352941176470173,0.352941176470173,reactive
random_regular_14.pkl,periodic,0.02734855957536388,0.04298153987638098,-16.40000000000005,-16.40000000000005,758.0,758.0,11,29.93484044075012,752,300,1500,0.0334448160535117,10.0,0.0,10,1.0,0.0,0.0266666666666666,0.0266666666666666,,10,4,2.716454849498328,,,8,0.2802666666666666,random_regular,0.2981858542833804,0.1240374583265436,-0.0464350688764672,-0.4666666666666667,0.3,0.3,0.55,0.55,0.8448599204705719,0.3514394652589537,0.1836281681382375,1.8454402503235168,0.352941176470173,0.352941176470173,reactive
random_regular_14.pkl,reactive,0.055523291781052905,0.08737046524701504,-14.300000000000058,-14.300000000000058,795.0,795.0,21,21.20942521095276,737,300,1500,0.0334448160535117,10.0,0.0,10,1.0,0.0,0.0266666666666666,0.0266666666666666,,10,4,2.716454849498328,,,8,0.2802666666666666,random_regular,0.2981858542833804,0.1240374583265436,-0.0464350688764672,-0.4666666666666667,0.3,0.3,0.55,0.55,0.8448599204705719,0.3514394652589537,0.1836281681382375,1.8454402503235168,0.352941176470173,0.352941176470173,reactive
random_regular_15.pkl,affinity,0.05445370281174885,0.07764796542139693,-17.500000000000085,-1.7413150828675346,766.0,76.21984877008607,4,8.918695211410522,766,300,1500,0.0334448160535117,10.0,0.0,10,1.0,0.0,0.0264444444444444,0.0264444444444444,,10,4,2.7113043478260868,,,7,0.2869777777777778,random_regular,0.4045125830629349,0.1409894592393562,0.026534325072267,0.2666666666666666,0.4333333333333333,0.4333333333333333,0.4166666666666667,0.4166666666666667,0.793466989855152,0.2765562469698318,0.2602918745019889,2.615900963933334,0.5098039215680277,0.5098039215680277,periodic
random_regular_15.pkl,affinity_periodic,0.02552372701496198,0.0395440175180408,-15.50000000000007,-1.5423076448255186,756.0,75.22481157987606,41,31.82356119155884,739,300,1500,0.0334448160535117,10.0,0.0,10,1.0,0.0,0.0264444444444444,0.0264444444444444,,10,4,2.7113043478260868,,,7,0.2869777777777778,random_regular,0.4045125830629349,0.1409894592393562,0.026534325072267,0.2666666666666666,0.4333333333333333,0.4333333333333333,0.4166666666666667,0.4166666666666667,0.793466989855152,0.2765562469698318,0.2602918745019889,2.615900963933334,0.5098039215680277,0.5098039215680277,periodic
random_regular_15.pkl,affinity_reactive,0.05445370281174885,0.07764796542139693,-17.500000000000085,-1.7413150828675346,766.0,76.21984877008607,33,33.07489514350891,749,300,1500,0.0334448160535117,10.0,0.0,10,1.0,0.0,0.0264444444444444,0.0264444444444444,,10,4,2.7113043478260868,,,7,0.2869777777777778,random_regular,0.4045125830629349,0.1409894592393562,0.026534325072267,0.2666666666666666,0.4333333333333333,0.4333333333333333,0.4166666666666667,0.4166666666666667,0.793466989855152,0.2765562469698318,0.2602918745019889,2.615900963933334,0.5098039215680277,0.5098039215680277,periodic
random_regular_15.pkl,baseline,0.05445370281174885,0.07764796542139693,-17.500000000000085,-17.500000000000085,766.0,766.0,4,6.668468713760376,766,300,1500,0.0334448160535117,10.0,0.0,10,1.0,0.0,0.0264444444444444,0.0264444444444444,,10,4,2.7113043478260868,,,7,0.2869777777777778,random_regular,0.4045125830629349,0.1409894592393562,0.026534325072267,0.2666666666666666,0.4333333333333333,0.4333333333333333,0.4166666666666667,0.4166666666666667,0.793466989855152,0.2765562469698318,0.2602918745019889,2.615900963933334,0.5098039215680277,0.5098039215680277,periodic
random_regular_15.pkl,periodic,0.02552372701496198,0.0395440175180408,-15.50000000000007,-15.50000000000007,756.0,756.0,41,23.967853546142575,739,300,1500,0.0334448160535117,10.0,0.0,10,1.0,0.0,0.0264444444444444,0.0264444444444444,,10,4,2.7113043478260868,,,7,0.2869777777777778,random_regular,0.4045125830629349,0.1409894592393562,0.026534325072267,0.2666666666666666,0.4333333333333333,0.4333333333333333,0.4166666666666667,0.4166666666666667,0.793466989855152,0.2765562469698318,0.2602918745019889,2.615900963933334,0.5098039215680277,0.5098039215680277,periodic
random_regular_15.pkl,reactive,0.05445370281174885,0.07764796542139693,-17.500000000000085,-17.500000000000085,766.0,766.0,33,24.711567401885983,749,300,1500,0.0334448160535117,10.0,0.0,10,1.0,0.0,0.0264444444444444,0.0264444444444444,,10,4,2.7113043478260868,,,7,0.2869777777777778,random_regular,0.4045125830629349,0.1409894592393562,0.026534325072267,0.2666666666666666,0.4333333333333333,0.4333333333333333,0.4166666666666667,0.4166666666666667,0.793466989855152,0.2765562469698318,0.2602918745019889,2.615900963933334,0.5098039215680277,0.5098039215680277,periodic
random_regular_16.pkl,affinity,0.05496746861652816,0.08928536110539982,-14.800000000000038,-1.4726550415108237,790.0,78.6079380265901,2,8.860644102096558,790,300,1500,0.0334448160535117,10.0,0.0,10,1.0,0.0,0.0244444444444444,0.0244444444444444,,10,4,2.7114604236343367,,,8,0.2841333333333333,random_regular,0.2598963333083178,0.0969696145046929,-0.0928701377529345,-0.9333333333333332,0.25,0.25,0.5333333333333333,0.5333333333333333,0.8143418443671021,0.3038381254484258,0.2279855283344668,2.291226203176869,0.3191489361698053,0.3191489361698053,periodic
random_regular_16.pkl,affinity_periodic,0.027309520677428478,0.0421727788610358,-16.500000000000135,-1.6418113638465344,752.0,74.82679670379206,6,37.672829151153564,742,300,1500,0.0334448160535117,10.0,0.0,10,1.0,0.0,0.0244444444444444,0.0244444444444444,,10,4,2.7114604236343367,,,8,0.2841333333333333,random_regular,0.2598963333083178,0.0969696145046929,-0.0928701377529345,-0.9333333333333332,0.25,0.25,0.5333333333333333,0.5333333333333333,0.8143418443671021,0.3038381254484258,0.2279855283344668,2.291226203176869,0.3191489361698053,0.3191489361698053,periodic
random_regular_16.pkl,affinity_reactive,0.05685299858942043,0.08788692171249146,-16.000000000000092,-1.5920595043360264,785.0,78.1104194314851,27,28.37690830230713,751,300,1500,0.0334448160535117,10.0,0.0,10,1.0,0.0,0.0244444444444444,0.0244444444444444,,10,4,2.7114604236343367,,,8,0.2841333333333333,random_regular,0.2598963333083178,0.0969696145046929,-0.0928701377529345,-0.9333333333333332,0.25,0.25,0.5333333333333333,0.5333333333333333,0.8143418443671021,0.3038381254484258,0.2279855283344668,2.291226203176869,0.3191489361698053,0.3191489361698053,periodic
random_regular_16.pkl,baseline,0.05496746861652816,0.08928536110539982,-14.800000000000038,-14.800000000000038,790.0,790.0,2,6.396013259887695,790,300,1500,0.0334448160535117,10.0,0.0,10,1.0,0.0,0.0244444444444444,0.0244444444444444,,10,4,2.7114604236343367,,,8,0.2841333333333333,random_regular,0.2598963333083178,0.0969696145046929,-0.0928701377529345,-0.9333333333333332,0.25,0.25,0.5333333333333333,0.5333333333333333,0.8143418443671021,0.3038381254484258,0.2279855283344668,2.291226203176869,0.3191489361698053,0.3191489361698053,periodic
random_regular_16.pkl,periodic,0.027309520677428478,0.0421727788610358,-16.500000000000135,-16.500000000000135,752.0,752.0,6,27.69254803657532,742,300,1500,0.0334448160535117,10.0,0.0,10,1.0,0.0,0.0244444444444444,0.0244444444444444,,10,4,2.7114604236343367,,,8,0.2841333333333333,random_regular,0.2598963333083178,0.0969696145046929,-0.0928701377529345,-0.9333333333333332,0.25,0.25,0.5333333333333333,0.5333333333333333,0.8143418443671021,0.3038381254484258,0.2279855283344668,2.291226203176869,0.3191489361698053,0.3191489361698053,periodic
random_regular_16.pkl,reactive,0.05685299858942043,0.08788692171249146,-16.000000000000092,-16.000000000000092,785.0,785.0,27,21.184961795806885,751,300,1500,0.0334448160535117,10.0,0.0,10,1.0,0.0,0.0244444444444444,0.0244444444444444,,10,4,2.7114604236343367,,,8,0.2841333333333333,random_regular,0.2598963333083178,0.0969696145046929,-0.0928701377529345,-0.9333333333333332,0.25,0.25,0.5333333333333333,0.5333333333333333,0.8143418443671021,0.3038381254484258,0.2279855283344668,2.291226203176869,0.3191489361698053,0.3191489361698053,periodic
random_regular_17.pkl,affinity,0.06640008739712355,0.07847212158306567,-26.00000000000002,-2.5870966945460494,758.0,75.42381901791806,4,14.108505249023438,758,300,1500,0.0334448160535117,10.0,0.0,10,1.0,0.0,0.0262222222222222,0.0262222222222222,,10,4,2.712107023411371,,,7,0.2793111111111111,random_regular,0.5583870873956237,0.2333116986631311,0.0663358126806675,0.6666666666666666,0.55,0.55,0.2833333333333333,0.2833333333333333,0.8460410415095361,0.3535025737324411,0.1819757564192925,1.8288337180732368,0.659999999999208,0.659999999999208,reactive
random_regular_17.pkl,affinity_periodic,0.02671498054704862,0.044249896513979536,-14.000000000000052,-1.3930520662940233,767.0,76.31935248910708,49,36.04677581787109,746,300,1500,0.0334448160535117,10.0,0.0,10,1.0,0.0,0.0262222222222222,0.0262222222222222,,10,4,2.712107023411371,,,7,0.2793111111111111,random_regular,0.5583870873956237,0.2333116986631311,0.0663358126806675,0.6666666666666666,0.55,0.55,0.2833333333333333,0.2833333333333333,0.8460410415095361,0.3535025737324411,0.1819757564192925,1.8288337180732368,0.659999999999208,0.659999999999208,reactive
random_regular_17.pkl,affinity_reactive,0.06640008739712355,0.07847212158306567,-26.00000000000002,-2.5870966945460494,758.0,75.42381901791806,16,35.493913888931274,740,300,1500,0.0334448160535117,10.0,0.0,10,1.0,0.0,0.0262222222222222,0.0262222222222222,,10,4,2.712107023411371,,,7,0.2793111111111111,random_regular,0.5583870873956237,0.2333116986631311,0.0663358126806675,0.6666666666666666,0.55,0.55,0.2833333333333333,0.2833333333333333,0.8460410415095361,0.3535025737324411,0.1819757564192925,1.8288337180732368,0.659999999999208,0.659999999999208,reactive
random_regular_17.pkl,baseline,0.06640008739712355,0.07847212158306567,-26.00000000000002,-26.00000000000002,758.0,758.0,4,10.519721746444702,758,300,1500,0.0334448160535117,10.0,0.0,10,1.0,0.0,0.0262222222222222,0.0262222222222222,,10,4,2.712107023411371,,,7,0.2793111111111111,random_regular,0.5583870873956237,0.2333116986631311,0.0663358126806675,0.6666666666666666,0.55,0.55,0.2833333333333333,0.2833333333333333,0.8460410415095361,0.3535025737324411,0.1819757564192925,1.8288337180732368,0.659999999999208,0.659999999999208,reactive
random_regular_17.pkl,periodic,0.02671498054704862,0.044249896513979536,-14.000000000000052,-14.000000000000052,767.0,767.0,49,26.126460552215576,746,300,1500,0.0334448160535117,10.0,0.0,10,1.0,0.0,0.0262222222222222,0.0262222222222222,,10,4,2.712107023411371,,,7,0.2793111111111111,random_regular,0.5583870873956237,0.2333116986631311,0.0663358126806675,0.6666666666666666,0.55,0.55,0.2833333333333333,0.2833333333333333,0.8460410415095361,0.3535025737324411,0.1819757564192925,1.8288337180732368,0.659999999999208,0.659999999999208,reactive
random_regular_17.pkl,reactive,0.06640008739712355,0.07847212158306567,-26.00000000000002,-26.00000000000002,758.0,758.0,16,25.460081100463867,740,300,1500,0.0334448160535117,10.0,0.0,10,1.0,0.0,0.0262222222222222,0.0262222222222222,,10,4,2.712107023411371,,,7,0.2793111111111111,random_regular,0.5583870873956237,0.2333116986631311,0.0663358126806675,0.6666666666666666,0.55,0.55,0.2833333333333333,0.2833333333333333,0.8460410415095361,0.3535025737324411,0.1819757564192925,1.8288337180732368,0.659999999999208,0.659999999999208,reactive
random_regular_18.pkl,affinity,0.05573744267860743,0.08228408245636962,-18.600000000000108,-1.8507691737906322,765.0,76.12034505106507,4,14.613276481628418,765,300,1500,0.0334448160535117,10.0,0.0,10,1.0,0.0,0.0273333333333333,0.0273333333333333,,10,4,2.7198216276477147,,,6,0.2844666666666667,random_regular,0.3121693103942979,0.1265518717260068,-0.0464350688764672,-0.4666666666666667,0.3166666666666666,0.3166666666666666,0.5333333333333333,0.5333333333333333,0.8379281489541014,0.3396918662123127,0.1934197475621223,1.943844405667884,0.3725490196074048,0.3725490196074048,affinity_reactive
random_regular_18.pkl,affinity_periodic,0.026214866039440298,0.042676793711858375,-12.500000000000115,-1.2437964877625232,764.0,76.02084133204407,21,41.90825843811035,752,300,1500,0.0334448160535117,10.0,0.0,10,1.0,0.0,0.0273333333333333,0.0273333333333333,,10,4,2.7198216276477147,,,6,0.2844666666666667,random_regular,0.3121693103942979,0.1265518717260068,-0.0464350688764672,-0.4666666666666667,0.3166666666666666,0.3166666666666666,0.5333333333333333,0.5333333333333333,0.8379281489541014,0.3396918662123127,0.1934197475621223,1.943844405667884,0.3725490196074048,0.3725490196074048,affinity_reactive
random_regular_18.pkl,affinity_reactive,0.055504971232728226,0.08247577579281692,-18.600000000000108,-1.8507691737906322,765.0,76.12034505106507,48,35.88074517250061,741,300,1500,0.0334448160535117,10.0,0.0,10,1.0,0.0,0.0273333333333333,0.0273333333333333,,10,4,2.7198216276477147,,,6,0.2844666666666667,random_regular,0.3121693103942979,0.1265518717260068,-0.0464350688764672,-0.4666666666666667,0.3166666666666666,0.3166666666666666,0.5333333333333333,0.5333333333333333,0.8379281489541014,0.3396918662123127,0.1934197475621223,1.943844405667884,0.3725490196074048,0.3725490196074048,affinity_reactive
random_regular_18.pkl,baseline,0.05573744267860743,0.08228408245636962,-18.600000000000108,-18.600000000000108,765.0,765.0,4,11.410039901733398,765,300,1500,0.0334448160535117,10.0,0.0,10,1.0,0.0,0.0273333333333333,0.0273333333333333,,10,4,2.7198216276477147,,,6,0.2844666666666667,random_regular,0.3121693103942979,0.1265518717260068,-0.0464350688764672,-0.4666666666666667,0.3166666666666666,0.3166666666666666,0.5333333333333333,0.5333333333333333,0.8379281489541014,0.3396918662123127,0.1934197475621223,1.943844405667884,0.3725490196074048,0.3725490196074048,affinity_reactive
random_regular_18.pkl,periodic,0.026214866039440298,0.042676793711858375,-12.500000000000115,-12.500000000000115,764.0,764.0,21,31.89441061019897,752,300,1500,0.0334448160535117,10.0,0.0,10,1.0,0.0,0.0273333333333333,0.0273333333333333,,10,4,2.7198216276477147,,,6,0.2844666666666667,random_regular,0.3121693103942979,0.1265518717260068,-0.0464350688764672,-0.4666666666666667,0.3166666666666666,0.3166666666666666,0.5333333333333333,0.5333333333333333,0.8379281489541014,0.3396918662123127,0.1934197475621223,1.943844405667884,0.3725490196074048,0.3725490196074048,affinity_reactive
random_regular_18.pkl,reactive,0.055504971232728226,0.08247577579281692,-18.600000000000108,-18.600000000000108,765.0,765.0,48,27.624462842941284,741,300,1500,0.0334448160535117,10.0,0.0,10,1.0,0.0,0.0273333333333333,0.0273333333333333,,10,4,2.7198216276477147,,,6,0.2844666666666667,random_regular,0.3121693103942979,0.1265518717260068,-0.0464350688764672,-0.4666666666666667,0.3166666666666666,0.3166666666666666,0.5333333333333333,0.5333333333333333,0.8379281489541014,0.3396918662123127,0.1934197475621223,1.943844405667884,0.3725490196074048,0.3725490196074048,affinity_reactive
random_regular_19.pkl,affinity,0.048088599855703906,0.07405603310765813,-16.00000000000007,-1.5920595043360344,772.0,76.81687108421208,4,14.473371505737305,772,300,1500,0.0334448160535117,10.0,0.0,10,1.0,0.0,0.0288888888888888,0.0288888888888888,,10,4,2.710345596432553,,,7,0.2818666666666666,random_regular,0.3907579599121025,0.1312477849124937,-0.026534325072267,-0.2666666666666666,0.4833333333333333,0.4833333333333333,0.4833333333333333,0.4833333333333333,0.7815159198250134,0.262495569825259,0.2795644652048888,2.809588103394244,0.4999999999994827,0.4999999999994827,affinity_periodic
random_regular_19.pkl,affinity_periodic,0.02445588471947564,0.03591901739082825,-17.40000000000016,-1.7313647109654393,754.0,75.02580414183406,31,41.79666996002197,751,300,1500,0.0334448160535117,10.0,0.0,10,1.0,0.0,0.0288888888888888,0.0288888888888888,,10,4,2.710345596432553,,,7,0.2818666666666666,random_regular,0.3907579599121025,0.1312477849124937,-0.026534325072267,-0.2666666666666666,0.4833333333333333,0.4833333333333333,0.4833333333333333,0.4833333333333333,0.7815159198250134,0.262495569825259,0.2795644652048888,2.809588103394244,0.4999999999994827,0.4999999999994827,affinity_periodic
random_regular_19.pkl,affinity_reactive,0.047992425710129086,0.0741313309842131,-16.200000000000106,-1.6119602481402358,771.0,76.71736736519108,12,37.01646089553833,770,300,1500,0.0334448160535117,10.0,0.0,10,1.0,0.0,0.0288888888888888,0.0288888888888888,,10,4,2.710345596432553,,,7,0.2818666666666666,random_regular,0.3907579599121025,0.1312477849124937,-0.026534325072267,-0.2666666666666666,0.4833333333333333,0.4833333333333333,0.4833333333333333,0.4833333333333333,0.7815159198250134,0.262495569825259,0.2795644652048888,2.809588103394244,0.4999999999994827,0.4999999999994827,affinity_periodic
random_regular_19.pkl,baseline,0.048088599855703906,0.07405603310765813,-16.00000000000007,-16.00000000000007,772.0,772.0,4,10.924346446990969,772,300,1500,0.0334448160535117,10.0,0.0,10,1.0,0.0,0.0288888888888888,0.0288888888888888,,10,4,2.710345596432553,,,7,0.2818666666666666,random_regular,0.3907579599121025,0.1312477849124937,-0.026534325072267,-0.2666666666666666,0.4833333333333333,0.4833333333333333,0.4833333333333333,0.4833333333333333,0.7815159198250134,0.262495569825259,0.2795644652048888,2.809588103394244,0.4999999999994827,0.4999999999994827,affinity_periodic
random_regular_19.pkl,periodic,0.02445588471947564,0.03591901739082825,-17.40000000000016,-17.40000000000016,754.0,754.0,31,32.13358545303345,751,300,1500,0.0334448160535117,10.0,0.0,10,1.0,0.0,0.0288888888888888,0.0288888888888888,,10,4,2.710345596432553,,,7,0.2818666666666666,random_regular,0.3907579599121025,0.1312477849124937,-0.026534325072267,-0.2666666666666666,0.4833333333333333,0.4833333333333333,0.4833333333333333,0.4833333333333333,0.7815159198250134,0.262495569825259,0.2795644652048888,2.809588103394244,0.4999999999994827,0.4999999999994827,affinity_periodic
random_regular_19.pkl,reactive,0.047992425710129086,0.0741313309842131,-16.200000000000106,-16.200000000000106,771.0,771.0,12,28.358074188232425,770,300,1500,0.0334448160535117,10.0,0.0,10,1.0,0.0,0.0288888888888888,0.0288888888888888,,10,4,2.710345596432553,,,7,0.2818666666666666,random_regular,0.3907579599121025,0.1312477849124937,-0.026534325072267,-0.2666666666666666,0.4833333333333333,0.4833333333333333,0.4833333333333333,0.4833333333333333,0.7815159198250134,0.262495569825259,0.2795644652048888,2.809588103394244,0.4999999999994827,0.4999999999994827,affinity_periodic
random_regular_2.pkl,affinity,0.0470108825404642,0.07887978970842702,-10.600000000000097,-1.0547394216226165,783.0,77.9114119934431,2,14.3852858543396,783,300,1500,0.0334448160535117,10.0,0.0,10,1.0,0.0,0.0248888888888888,0.0248888888888888,,10,4,2.717859531772575,,,7,0.2805333333333333,random_regular,0.3364751609914436,0.1380563993999924,-0.0398014876084005,-0.4,0.3333333333333333,0.3333333333333333,0.5,0.5,0.8411879024796185,0.3451409985003952,0.1887950326582703,1.8973665961010275,0.39999999999952,0.39999999999952,reactive
random_regular_2.pkl,affinity_periodic,0.02391559570380722,0.03977556100343753,-10.40000000000009,-1.034838677818421,765.0,76.12034505106507,34,37.59770178794861,750,300,1500,0.0334448160535117,10.0,0.0,10,1.0,0.0,0.0248888888888888,0.0248888888888888,,10,4,2.717859531772575,,,7,0.2805333333333333,random_regular,0.3364751609914436,0.1380563993999924,-0.0398014876084005,-0.4,0.3333333333333333,0.3333333333333333,0.5,0.5,0.8411879024796185,0.3451409985003952,0.1887950326582703,1.8973665961010275,0.39999999999952,0.39999999999952,reactive
random_regular_2.pkl,affinity_reactive,0.04773533695873978,0.07834476141423506,-12.100000000000128,-1.203995000154124,777.0,77.31438967931709,39,36.90363478660584,743,300,1500,0.0334448160535117,10.0,0.0,10,1.0,0.0,0.0248888888888888,0.0248888888888888,,10,4,2.717859531772575,,,7,0.2805333333333333,random_regular,0.3364751609914436,0.1380563993999924,-0.0398014876084005,-0.4,0.3333333333333333,0.3333333333333333,0.5,0.5,0.8411879024796185,0.3451409985003952,0.1887950326582703,1.8973665961010275,0.39999999999952,0.39999999999952,reactive
random_regular_2.pkl,baseline,0.0470108825404642,0.07887978970842702,-10.600000000000097,-10.600000000000097,783.0,783.0,2,11.495915651321411,783,300,1500,0.0334448160535117,10.0,0.0,10,1.0,0.0,0.0248888888888888,0.0248888888888888,,10,4,2.717859531772575,,,7,0.2805333333333333,random_regular,0.3364751609914436,0.1380563993999924,-0.0398014876084005,-0.4,0.3333333333333333,0.3333333333333333,0.5,0.5,0.8411879024796185,0.3451409985003952,0.1887950326582703,1.8973665961010275,0.39999999999952,0.39999999999952,reactive
random_regular_2.pkl,periodic,0.02391559570380722,0.03977556100343753,-10.40000000000009,-10.40000000000009,765.0,765.0,34,28.63624119758606,750,300,1500,0.0334448160535117,10.0,0.0,10,1.0,0.0,0.0248888888888888,0.0248888888888888,,10,4,2.717859531772575,,,7,0.2805333333333333,random_regular,0.3364751609914436,0.1380563993999924,-0.0398014876084005,-0.4,0.3333333333333333,0.3333333333333333,0.5,0.5,0.8411879024796185,0.3451409985003952,0.1887950326582703,1.8973665961010275,0.39999999999952,0.39999999999952,reactive
random_regular_2.pkl,reactive,0.04773533695873978,0.07834476141423506,-12.100000000000128,-12.100000000000128,777.0,777.0,39,28.662431716918945,743,300,1500,0.0334448160535117,10.0,0.0,10,1.0,0.0,0.0248888888888888,0.0248888888888888,,10,4,2.717859531772575,,,7,0.2805333333333333,random_regular,0.3364751609914436,0.1380563993999924,-0.0398014876084005,-0.4,0.3333333333333333,0.3333333333333333,0.5,0.5,0.8411879024796185,0.3451409985003952,0.1887950326582703,1.8973665961010275,0.39999999999952,0.39999999999952,reactive
random_regular_20.pkl,affinity,0.06217289002300698,0.08156201883100593,-24.70000000000005,-2.4577418598187344,764.0,76.02084133204407,6,18.147806644439697,759,300,1500,0.0334448160535117,10.0,0.0,10,1.0,0.0,0.0291111111111111,0.0291111111111111,,10,4,2.714559643255296,,,7,0.2756,random_regular,0.4290764273973534,0.1675384463304248,0.0132671625361335,0.1333333333333333,0.4666666666666667,0.4666666666666667,0.4333333333333333,0.4333333333333333,0.8275045385529581,0.323109860780464,0.2084525865546085,2.094922567774702,0.5185185185179425,0.5185185185179425,affinity_reactive
random_regular_20.pkl,affinity_periodic,0.027477348862976862,0.04164336715314613,-18.1,-1.8010173142801373,753.0,74.92630042281306,16,38.23382568359375,749,300,1500,0.0334448160535117,10.0,0.0,10,1.0,0.0,0.0291111111111111,0.0291111111111111,,10,4,2.714559643255296,,,7,0.2756,random_regular,0.4290764273973534,0.1675384463304248,0.0132671625361335,0.1333333333333333,0.4666666666666667,0.4666666666666667,0.4333333333333333,0.4333333333333333,0.8275045385529581,0.323109860780464,0.2084525865546085,2.094922567774702,0.5185185185179425,0.5185185185179425,affinity_reactive
random_regular_20.pkl,affinity_reactive,0.06218563383751198,0.0815848062506862,-25.60000000000009,-2.547295206937652,760.0,75.62282645596007,43,39.8962869644165,748,300,1500,0.0334448160535117,10.0,0.0,10,1.0,0.0,0.0291111111111111,0.0291111111111111,,10,4,2.714559643255296,,,7,0.2756,random_regular,0.4290764273973534,0.1675384463304248,0.0132671625361335,0.1333333333333333,0.4666666666666667,0.4666666666666667,0.4333333333333333,0.4333333333333333,0.8275045385529581,0.323109860780464,0.2084525865546085,2.094922567774702,0.5185185185179425,0.5185185185179425,affinity_reactive
random_regular_20.pkl,baseline,0.06217289002300698,0.08156201883100593,-24.70000000000005,-24.70000000000005,764.0,764.0,6,13.958958864212036,759,300,1500,0.0334448160535117,10.0,0.0,10,1.0,0.0,0.0291111111111111,0.0291111111111111,,10,4,2.714559643255296,,,7,0.2756,random_regular,0.4290764273973534,0.1675384463304248,0.0132671625361335,0.1333333333333333,0.4666666666666667,0.4666666666666667,0.4333333333333333,0.4333333333333333,0.8275045385529581,0.323109860780464,0.2084525865546085,2.094922567774702,0.5185185185179425,0.5185185185179425,affinity_reactive
random_regular_20.pkl,periodic,0.027477348862976862,0.04164336715314613,-18.1,-18.1,753.0,753.0,16,28.81477451324463,749,300,1500,0.0334448160535117,10.0,0.0,10,1.0,0.0,0.0291111111111111,0.0291111111111111,,10,4,2.714559643255296,,,7,0.2756,random_regular,0.4290764273973534,0.1675384463304248,0.0132671625361335,0.1333333333333333,0.4666666666666667,0.4666666666666667,0.4333333333333333,0.4333333333333333,0.8275045385529581,0.323109860780464,0.2084525865546085,2.094922567774702,0.5185185185179425,0.5185185185179425,affinity_reactive
random_regular_20.pkl,reactive,0.06218563383751198,0.0815848062506862,-25.60000000000009,-25.60000000000009,760.0,760.0,43,30.14222478866577,748,300,1500,0.0334448160535117,10.0,0.0,10,1.0,0.0,0.0291111111111111,0.0291111111111111,,10,4,2.714559643255296,,,7,0.2756,random_regular,0.4290764273973534,0.1675384463304248,0.0132671625361335,0.1333333333333333,0.4666666666666667,0.4666666666666667,0.4333333333333333,0.4333333333333333,0.8275045385529581,0.323109860780464,0.2084525865546085,2.094922567774702,0.5185185185179425,0.5185185185179425,affinity_reactive
random_regular_21.pkl,affinity,0.06482453137418549,0.07439053464054202,-28.20000000000002,-2.806004876392241,773.0,76.91637480323308,5,17.626840591430664,772,300,1500,0.0334448160535117,10.0,0.0,10,1.0,0.0,0.0264444444444444,0.0264444444444444,,10,4,2.712798216276477,,,7,0.2857111111111111,random_regular,0.4162353265567688,0.1654274706888342,0.0331679063403337,0.3333333333333333,0.4,0.4,0.4,0.4,0.8324706531145782,0.3308549413780821,0.2012435468549347,2.02247261544526,0.499999999999375,0.499999999999375,affinity_periodic
random_regular_21.pkl,affinity_periodic,0.026984622681717585,0.03919823888570037,-17.60000000000014,-1.7512654547696274,766.0,76.21984877008607,40,37.45739150047302,736,300,1500,0.0334448160535117,10.0,0.0,10,1.0,0.0,0.0264444444444444,0.0264444444444444,,10,4,2.712798216276477,,,7,0.2857111111111111,random_regular,0.4162353265567688,0.1654274706888342,0.0331679063403337,0.3333333333333333,0.4,0.4,0.4,0.4,0.8324706531145782,0.3308549413780821,0.2012435468549347,2.02247261544526,0.499999999999375,0.499999999999375,affinity_periodic
random_regular_21.pkl,affinity_reactive,0.06465216090330755,0.07457121015053816,-28.400000000000084,-2.8259056201964503,772.0,76.81687108421208,49,32.961283683776855,753,300,1500,0.0334448160535117,10.0,0.0,10,1.0,0.0,0.0264444444444444,0.0264444444444444,,10,4,2.712798216276477,,,7,0.2857111111111111,random_regular,0.4162353265567688,0.1654274706888342,0.0331679063403337,0.3333333333333333,0.4,0.4,0.4,0.4,0.8324706531145782,0.3308549413780821,0.2012435468549347,2.02247261544526,0.499999999999375,0.499999999999375,affinity_periodic
random_regular_21.pkl,baseline,0.06482453137418549,0.07439053464054202,-28.20000000000002,-28.20000000000002,773.0,773.0,5,13.087751626968384,772,300,1500,0.0334448160535117,10.0,0.0,10,1.0,0.0,0.0264444444444444,0.0264444444444444,,10,4,2.712798216276477,,,7,0.2857111111111111,random_regular,0.4162353265567688,0.1654274706888342,0.0331679063403337,0.3333333333333333,0.4,0.4,0.4,0.4,0.8324706531145782,0.3308549413780821,0.2012435468549347,2.02247261544526,0.499999999999375,0.499999999999375,affinity_periodic
random_regular_21.pkl,periodic,0.026984622681717585,0.03919823888570037,-17.60000000000014,-17.60000000000014,766.0,766.0,40,28.51943325996399,736,300,1500,0.0334448160535117,10.0,0.0,10,1.0,0.0,0.0264444444444444,0.0264444444444444,,10,4,2.712798216276477,,,7,0.2857111111111111,random_regular,0.4162353265567688,0.1654274706888342,0.0331679063403337,0.3333333333333333,0.4,0.4,0.4,0.4,0.8324706531145782,0.3308549413780821,0.2012435468549347,2.02247261544526,0.499999999999375,0.499999999999375,affinity_periodic
random_regular_21.pkl,reactive,0.06465216090330755,0.07457121015053816,-28.400000000000084,-28.400000000000084,772.0,772.0,49,25.55985927581787,753,300,1500,0.0334448160535117,10.0,0.0,10,1.0,0.0,0.0264444444444444,0.0264444444444444,,10,4,2.712798216276477,,,7,0.2857111111111111,random_regular,0.4162353265567688,0.1654274706888342,0.0331679063403337,0.3333333333333333,0.4,0.4,0.4,0.4,0.8324706531145782,0.3308549413780821,0.2012435468549347,2.02247261544526,0.499999999999375,0.499999999999375,affinity_periodic
random_regular_22.pkl,affinity,0.060037270173981735,0.09204944934832393,-18.50000000000009,-1.840818801888534,759.0,75.52332273693906,6,14.091273546218872,753,300,1500,0.0334448160535117,10.0,0.0,10,1.0,0.0,0.03,0.03,,10,4,2.716231884057971,,,6,0.2812444444444444,random_regular,0.4738122149266415,0.1861022571304274,0.0132671625361335,0.1333333333333333,0.4666666666666667,0.4666666666666667,0.35,0.35,0.829171376122638,0.3256789499786467,0.2060233008478765,2.07050854857388,0.5714285714278717,0.5714285714278717,periodic
random_regular_22.pkl,affinity_periodic,0.02812252756739152,0.04381938668250744,-17.300000000000043,-1.7214143390633303,743.0,73.93126323260304,21,37.74434232711792,740,300,1500,0.0334448160535117,10.0,0.0,10,1.0,0.0,0.03,0.03,,10,4,2.716231884057971,,,6,0.2812444444444444,random_regular,0.4738122149266415,0.1861022571304274,0.0132671625361335,0.1333333333333333,0.4666666666666667,0.4666666666666667,0.35,0.35,0.829171376122638,0.3256789499786467,0.2060233008478765,2.07050854857388,0.5714285714278717,0.5714285714278717,periodic
random_regular_22.pkl,affinity_reactive,0.060037270173981735,0.09204944934832393,-18.50000000000009,-1.840818801888534,759.0,75.52332273693906,8,34.99082899093628,750,300,1500,0.0334448160535117,10.0,0.0,10,1.0,0.0,0.03,0.03,,10,4,2.716231884057971,,,6,0.2812444444444444,random_regular,0.4738122149266415,0.1861022571304274,0.0132671625361335,0.1333333333333333,0.4666666666666667,0.4666666666666667,0.35,0.35,0.829171376122638,0.3256789499786467,0.2060233008478765,2.07050854857388,0.5714285714278717,0.5714285714278717,periodic
random_regular_22.pkl,baseline,0.060037270173981735,0.09204944934832393,-18.50000000000009,-18.50000000000009,759.0,759.0,6,11.283374309539797,753,300,1500,0.0334448160535117,10.0,0.0,10,1.0,0.0,0.03,0.03,,10,4,2.716231884057971,,,6,0.2812444444444444,random_regular,0.4738122149266415,0.1861022571304274,0.0132671625361335,0.1333333333333333,0.4666666666666667,0.4666666666666667,0.35,0.35,0.829171376122638,0.3256789499786467,0.2060233008478765,2.07050854857388,0.5714285714278717,0.5714285714278717,periodic
random_regular_22.pkl,periodic,0.02812252756739152,0.04381938668250744,-17.300000000000043,-17.300000000000043,743.0,743.0,21,28.980459690093998,740,300,1500,0.0334448160535117,10.0,0.0,10,1.0,0.0,0.03,0.03,,10,4,2.716231884057971,,,6,0.2812444444444444,random_regular,0.4738122149266415,0.1861022571304274,0.0132671625361335,0.1333333333333333,0.4666666666666667,0.4666666666666667,0.35,0.35,0.829171376122638,0.3256789499786467,0.2060233008478765,2.07050854857388,0.5714285714278717,0.5714285714278717,periodic
random_regular_22.pkl,reactive,0.060037270173981735,0.09204944934832393,-18.50000000000009,-18.50000000000009,759.0,759.0,8,26.06925773620605,750,300,1500,0.0334448160535117,10.0,0.0,10,1.0,0.0,0.03,0.03,,10,4,2.716231884057971,,,6,0.2812444444444444,random_regular,0.4738122149266415,0.1861022571304274,0.0132671625361335,0.1333333333333333,0.4666666666666667,0.4666666666666667,0.35,0.35,0.829171376122638,0.3256789499786467,0.2060233008478765,2.07050854857388,0.5714285714278717,0.5714285714278717,periodic
random_regular_23.pkl,affinity,0.06063889721826095,0.07731707781990833,-27.100000000000087,-2.696550785469145,758.0,75.42381901791806,3,13.991384744644163,758,300,1500,0.0334448160535117,10.0,0.0,10,1.0,0.0,0.0284444444444444,0.0284444444444444,,10,4,2.715496098104794,,,8,0.2725333333333333,random_regular,0.5532757133153798,0.2332175830883029,0.0597022314126007,0.6,0.5,0.5,0.2666666666666666,0.2666666666666666,0.8483560937513557,0.3576002940691976,0.1787502999808589,1.796418282045637,0.6521739130426276,0.6521739130426276,periodic
random_regular_23.pkl,affinity_periodic,0.028264907658096583,0.04338113489406201,-17.300000000000043,-1.721414339063341,742.0,73.83175951358204,43,33.54508996009827,726,300,1500,0.0334448160535117,10.0,0.0,10,1.0,0.0,0.0284444444444444,0.0284444444444444,,10,4,2.715496098104794,,,8,0.2725333333333333,random_regular,0.5532757133153798,0.2332175830883029,0.0597022314126007,0.6,0.5,0.5,0.2666666666666666,0.2666666666666666,0.8483560937513557,0.3576002940691976,0.1787502999808589,1.796418282045637,0.6521739130426276,0.6521739130426276,periodic
random_regular_23.pkl,affinity_reactive,0.06077740137338559,0.07718179572637211,-27.300000000000033,-2.7164515292733467,757.0,75.32431529889706,18,36.05085730552673,749,300,1500,0.0334448160535117,10.0,0.0,10,1.0,0.0,0.0284444444444444,0.0284444444444444,,10,4,2.715496098104794,,,8,0.2725333333333333,random_regular,0.5532757133153798,0.2332175830883029,0.0597022314126007,0.6,0.5,0.5,0.2666666666666666,0.2666666666666666,0.8483560937513557,0.3576002940691976,0.1787502999808589,1.796418282045637,0.6521739130426276,0.6521739130426276,periodic
random_regular_23.pkl,baseline,0.06063889721826095,0.07731707781990833,-27.100000000000087,-27.100000000000087,758.0,758.0,3,10.538148164749146,758,300,1500,0.0334448160535117,10.0,0.0,10,1.0,0.0,0.0284444444444444,0.0284444444444444,,10,4,2.715496098104794,,,8,0.2725333333333333,random_regular,0.5532757133153798,0.2332175830883029,0.0597022314126007,0.6,0.5,0.5,0.2666666666666666,0.2666666666666666,0.8483560937513557,0.3576002940691976,0.1787502999808589,1.796418282045637,0.6521739130426276,0.6521739130426276,periodic
random_regular_23.pkl,periodic,0.028264907658096583,0.04338113489406201,-17.300000000000043,-17.300000000000043,742.0,742.0,43,25.20028614997864,726,300,1500,0.0334448160535117,10.0,0.0,10,1.0,0.0,0.0284444444444444,0.0284444444444444,,10,4,2.715496098104794,,,8,0.2725333333333333,random_regular,0.5532757133153798,0.2332175830883029,0.0597022314126007,0.6,0.5,0.5,0.2666666666666666,0.2666666666666666,0.8483560937513557,0.3576002940691976,0.1787502999808589,1.796418282045637,0.6521739130426276,0.6521739130426276,periodic
random_regular_23.pkl,reactive,0.06077740137338559,0.07718179572637211,-27.300000000000033,-27.300000000000033,757.0,757.0,18,27.22142791748047,749,300,1500,0.0334448160535117,10.0,0.0,10,1.0,0.0,0.0284444444444444,0.0284444444444444,,10,4,2.715496098104794,,,8,0.2725333333333333,random_regular,0.5532757133153798,0.2332175830883029,0.0597022314126007,0.6,0.5,0.5,0.2666666666666666,0.2666666666666666,0.8483560937513557,0.3576002940691976,0.1787502999808589,1.796418282045637,0.6521739130426276,0.6521739130426276,periodic
random_regular_24.pkl,affinity,0.05691062556025052,0.08501822702268161,-16.500000000000085,-1.641811363846538,785.0,78.1104194314851,4,14.105629920959473,785,300,1500,0.0334448160535117,10.0,0.0,10,1.0,0.0,0.0264444444444444,0.0264444444444444,,10,4,2.7101003344481605,,,7,0.2728222222222222,random_regular,0.495164154017514,0.2091185789640752,0.0132671625361335,0.1333333333333333,0.4666666666666667,0.4666666666666667,0.3333333333333333,0.3333333333333333,0.8488528354596566,0.3584889925102913,0.1780605049855274,1.7894859281384834,0.5833333333326042,0.5833333333326042,affinity_periodic
random_regular_24.pkl,affinity_periodic,0.027206008359537737,0.04158905505578449,-15.500000000000083,-1.5423076448255266,763.0,75.92133761302307,40,33.81511735916138,744,300,1500,0.0334448160535117,10.0,0.0,10,1.0,0.0,0.0264444444444444,0.0264444444444444,,10,4,2.7101003344481605,,,7,0.2728222222222222,random_regular,0.495164154017514,0.2091185789640752,0.0132671625361335,0.1333333333333333,0.4666666666666667,0.4666666666666667,0.3333333333333333,0.3333333333333333,0.8488528354596566,0.3584889925102913,0.1780605049855274,1.7894859281384834,0.5833333333326042,0.5833333333326042,affinity_periodic
random_regular_24.pkl,affinity_reactive,0.056949032472463655,0.08498718553803561,-17.10000000000011,-1.7015135952591347,782.0,77.8119082744221,17,37.0415256023407,766,300,1500,0.0334448160535117,10.0,0.0,10,1.0,0.0,0.0264444444444444,0.0264444444444444,,10,4,2.7101003344481605,,,7,0.2728222222222222,random_regular,0.495164154017514,0.2091185789640752,0.0132671625361335,0.1333333333333333,0.4666666666666667,0.4666666666666667,0.3333333333333333,0.3333333333333333,0.8488528354596566,0.3584889925102913,0.1780605049855274,1.7894859281384834,0.5833333333326042,0.5833333333326042,affinity_periodic
random_regular_24.pkl,baseline,0.05691062556025052,0.08501822702268161,-16.500000000000085,-16.500000000000085,785.0,785.0,4,10.962316036224363,785,300,1500,0.0334448160535117,10.0,0.0,10,1.0,0.0,0.0264444444444444,0.0264444444444444,,10,4,2.7101003344481605,,,7,0.2728222222222222,random_regular,0.495164154017514,0.2091185789640752,0.0132671625361335,0.1333333333333333,0.4666666666666667,0.4666666666666667,0.3333333333333333,0.3333333333333333,0.8488528354596566,0.3584889925102913,0.1780605049855274,1.7894859281384834,0.5833333333326042,0.5833333333326042,affinity_periodic
random_regular_24.pkl,periodic,0.027206008359537737,0.04158905505578449,-15.500000000000083,-15.500000000000083,763.0,763.0,40,25.14568901062012,744,300,1500,0.0334448160535117,10.0,0.0,10,1.0,0.0,0.0264444444444444,0.0264444444444444,,10,4,2.7101003344481605,,,7,0.2728222222222222,random_regular,0.495164154017514,0.2091185789640752,0.0132671625361335,0.1333333333333333,0.4666666666666667,0.4666666666666667,0.3333333333333333,0.3333333333333333,0.8488528354596566,0.3584889925102913,0.1780605049855274,1.7894859281384834,0.5833333333326042,0.5833333333326042,affinity_periodic
random_regular_24.pkl,reactive,0.056949032472463655,0.08498718553803561,-17.10000000000011,-17.10000000000011,782.0,782.0,17,28.045165300369263,766,300,1500,0.0334448160535117,10.0,0.0,10,1.0,0.0,0.0264444444444444,0.0264444444444444,,10,4,2.7101003344481605,,,7,0.2728222222222222,random_regular,0.495164154017514,0.2091185789640752,0.0132671625361335,0.1333333333333333,0.4666666666666667,0.4666666666666667,0.3333333333333333,0.3333333333333333,0.8488528354596566,0.3584889925102913,0.1780605049855274,1.7894859281384834,0.5833333333326042,0.5833333333326042,affinity_periodic
random_regular_25.pkl,affinity,0.054606498682885106,0.08561257968803049,-13.500000000000165,-1.3433002067835293,782.0,77.8119082744221,4,9.548757791519163,782,300,1500,0.0334448160535117,10.0,0.0,10,1.0,0.0,0.0246666666666666,0.0246666666666666,,10,4,2.711549609810479,,,7,0.2850666666666667,random_regular,0.3034050976055125,0.1284691523502317,-0.0464350688764672,-0.4666666666666667,0.25,0.25,0.45,0.45,0.8495342732966485,0.3597136265811626,0.1771155460502655,1.7799892083720348,0.3571428571423469,0.3571428571423469,periodic
random_regular_25.pkl,affinity_periodic,0.026671635902054604,0.043753842275248374,-13.200000000000065,-1.313449091077226,759.0,75.52332273693906,33,38.05277872085571,745,300,1500,0.0334448160535117,10.0,0.0,10,1.0,0.0,0.0246666666666666,0.0246666666666666,,10,4,2.711549609810479,,,7,0.2850666666666667,random_regular,0.3034050976055125,0.1284691523502317,-0.0464350688764672,-0.4666666666666667,0.25,0.25,0.45,0.45,0.8495342732966485,0.3597136265811626,0.1771155460502655,1.7799892083720348,0.3571428571423469,0.3571428571423469,periodic
random_regular_25.pkl,affinity_reactive,0.054606498682885106,0.08561257968803049,-13.500000000000165,-1.3433002067835293,782.0,77.8119082744221,23,30.66205334663391,761,300,1500,0.0334448160535117,10.0,0.0,10,1.0,0.0,0.0246666666666666,0.0246666666666666,,10,4,2.711549609810479,,,7,0.2850666666666667,random_regular,0.3034050976055125,0.1284691523502317,-0.0464350688764672,-0.4666666666666667,0.25,0.25,0.45,0.45,0.8495342732966485,0.3597136265811626,0.1771155460502655,1.7799892083720348,0.3571428571423469,0.3571428571423469,periodic
random_regular_25.pkl,baseline,0.054606498682885106,0.08561257968803049,-13.500000000000165,-13.500000000000165,782.0,782.0,4,7.222307443618774,782,300,1500,0.0334448160535117,10.0,0.0,10,1.0,0.0,0.0246666666666666,0.0246666666666666,,10,4,2.711549609810479,,,7,0.2850666666666667,random_regular,0.3034050976055125,0.1284691523502317,-0.0464350688764672,-0.4666666666666667,0.25,0.25,0.45,0.45,0.8495342732966485,0.3597136265811626,0.1771155460502655,1.7799892083720348,0.3571428571423469,0.3571428571423469,periodic
random_regular_25.pkl,periodic,0.026671635902054604,0.043753842275248374,-13.200000000000065,-13.200000000000065,759.0,759.0,33,30.16504573822021,745,300,1500,0.0334448160535117,10.0,0.0,10,1.0,0.0,0.0246666666666666,0.0246666666666666,,10,4,2.711549609810479,,,7,0.2850666666666667,random_regular,0.3034050976055125,0.1284691523502317,-0.0464350688764672,-0.4666666666666667,0.25,0.25,0.45,0.45,0.8495342732966485,0.3597136265811626,0.1771155460502655,1.7799892083720348,0.3571428571423469,0.3571428571423469,periodic
random_regular_25.pkl,reactive,0.054606498682885106,0.08561257968803049,-13.500000000000165,-13.500000000000165,782.0,782.0,23,23.22983741760254,761,300,1500,0.0334448160535117,10.0,0.0,10,1.0,0.0,0.0246666666666666,0.0246666666666666,,10,4,2.711549609810479,,,7,0.2850666666666667,random_regular,0.3034050976055125,0.1284691523502317,-0.0464350688764672,-0.4666666666666667,0.25,0.25,0.45,0.45,0.8495342732966485,0.3597136265811626,0.1771155460502655,1.7799892083720348,0.3571428571423469,0.3571428571423469,periodic
random_regular_26.pkl,affinity,0.0549777152132236,0.07833967451763126,-18.900000000000055,-1.8806202894969375,766.0,76.21984877008607,4,14.403148889541626,766,300,1500,0.0334448160535117,10.0,0.0,10,1.0,0.0,0.028,0.028,,10,4,2.7113935340022297,,,6,0.2764888888888889,random_regular,0.4716877629099106,0.1800920279360036,0.053068650144534,0.5333333333333333,0.45,0.45,0.3333333333333333,0.3333333333333333,0.821086105807189,0.3134935301112214,0.2178990643337281,2.189858494512533,0.5744680851056496,0.5744680851056496,affinity_reactive
random_regular_26.pkl,affinity_periodic,0.025731700304117117,0.0415404709106318,-15.100000000000088,-1.5025061572171274,747.0,74.32927810868705,5,46.66835975646973,741,300,1500,0.0334448160535117,10.0,0.0,10,1.0,0.0,0.028,0.028,,10,4,2.7113935340022297,,,6,0.2764888888888889,random_regular,0.4716877629099106,0.1800920279360036,0.053068650144534,0.5333333333333333,0.45,0.45,0.3333333333333333,0.3333333333333333,0.821086105807189,0.3134935301112214,0.2178990643337281,2.189858494512533,0.5744680851056496,0.5744680851056496,affinity_reactive
random_regular_26.pkl,affinity_reactive,0.054922926023591535,0.07838457042526674,-19.700000000000053,-1.9602232647137314,762.0,75.82183389400207,34,33.09625291824341,717,300,1500,0.0334448160535117,10.0,0.0,10,1.0,0.0,0.028,0.028,,10,4,2.7113935340022297,,,6,0.2764888888888889,random_regular,0.4716877629099106,0.1800920279360036,0.053068650144534,0.5333333333333333,0.45,0.45,0.3333333333333333,0.3333333333333333,0.821086105807189,0.3134935301112214,0.2178990643337281,2.189858494512533,0.5744680851056496,0.5744680851056496,affinity_reactive
random_regular_26.pkl,baseline,0.0549777152132236,0.07833967451763126,-18.900000000000055,-18.900000000000055,766.0,766.0,4,10.776228189468384,766,300,1500,0.0334448160535117,10.0,0.0,10,1.0,0.0,0.028,0.028,,10,4,2.7113935340022297,,,6,0.2764888888888889,random_regular,0.4716877629099106,0.1800920279360036,0.053068650144534,0.5333333333333333,0.45,0.45,0.3333333333333333,0.3333333333333333,0.821086105807189,0.3134935301112214,0.2178990643337281,2.189858494512533,0.5744680851056496,0.5744680851056496,affinity_reactive
random_regular_26.pkl,periodic,0.025731700304117117,0.0415404709106318,-15.100000000000088,-15.100000000000088,747.0,747.0,5,36.55242681503296,741,300,1500,0.0334448160535117,10.0,0.0,10,1.0,0.0,0.028,0.028,,10,4,2.7113935340022297,,,6,0.2764888888888889,random_regular,0.4716877629099106,0.1800920279360036,0.053068650144534,0.5333333333333333,0.45,0.45,0.3333333333333333,0.3333333333333333,0.821086105807189,0.3134935301112214,0.2178990643337281,2.189858494512533,0.5744680851056496,0.5744680851056496,affinity_reactive
random_regular_26.pkl,reactive,0.054922926023591535,0.07838457042526674,-19.700000000000053,-19.700000000000053,762.0,762.0,34,25.226585626602173,717,300,1500,0.0334448160535117,10.0,0.0,10,1.0,0.0,0.028,0.028,,10,4,2.7113935340022297,,,6,0.2764888888888889,random_regular,0.4716877629099106,0.1800920279360036,0.053068650144534,0.5333333333333333,0.45,0.45,0.3333333333333333,0.3333333333333333,0.821086105807189,0.3134935301112214,0.2178990643337281,2.189858494512533,0.5744680851056496,0.5744680851056496,affinity_reactive
random_regular_27.pkl,affinity,0.05745484778534674,0.08485493293358583,-17.700000000000042,-1.7612158266717322,787.0,78.3094268695271,3,9.362061500549316,787,300,1500,0.0334448160535117,10.0,0.0,10,1.0,0.0,0.026,0.026,,10,4,2.710434782608696,,,6,0.2806222222222222,random_regular,0.3764728477158446,0.1424262171088965,-0.0331679063403337,-0.3333333333333333,0.3833333333333333,0.3833333333333333,0.45,0.45,0.8184192341658617,0.3096222111066684,0.2218676666601154,2.2297424542824174,0.459999999999448,0.459999999999448,periodic
random_regular_27.pkl,affinity_periodic,0.028057197988532862,0.04358301503593502,-18.3000000000001,-1.8209180580843207,746.0,74.22977438966605,4,48.830167055130005,746,300,1500,0.0334448160535117,10.0,0.0,10,1.0,0.0,0.026,0.026,,10,4,2.710434782608696,,,6,0.2806222222222222,random_regular,0.3764728477158446,0.1424262171088965,-0.0331679063403337,-0.3333333333333333,0.3833333333333333,0.3833333333333333,0.45,0.45,0.8184192341658617,0.3096222111066684,0.2218676666601154,2.2297424542824174,0.459999999999448,0.459999999999448,periodic
random_regular_27.pkl,affinity_reactive,0.057933698543527104,0.08445546394312518,-18.500000000000068,-1.8408188018885363,783.0,77.9114119934431,9,35.845892667770386,756,300,1500,0.0334448160535117,10.0,0.0,10,1.0,0.0,0.026,0.026,,10,4,2.710434782608696,,,6,0.2806222222222222,random_regular,0.3764728477158446,0.1424262171088965,-0.0331679063403337,-0.3333333333333333,0.3833333333333333,0.3833333333333333,0.45,0.45,0.8184192341658617,0.3096222111066684,0.2218676666601154,2.2297424542824174,0.459999999999448,0.459999999999448,periodic
random_regular_27.pkl,baseline,0.05745484778534674,0.08485493293358583,-17.700000000000042,-17.700000000000042,787.0,787.0,3,7.035115480422974,787,300,1500,0.0334448160535117,10.0,0.0,10,1.0,0.0,0.026,0.026,,10,4,2.710434782608696,,,6,0.2806222222222222,random_regular,0.3764728477158446,0.1424262171088965,-0.0331679063403337,-0.3333333333333333,0.3833333333333333,0.3833333333333333,0.45,0.45,0.8184192341658617,0.3096222111066684,0.2218676666601154,2.2297424542824174,0.459999999999448,0.459999999999448,periodic
random_regular_27.pkl,periodic,0.028057197988532862,0.04358301503593502,-18.3000000000001,-18.3000000000001,746.0,746.0,4,35.50133562088013,746,300,1500,0.0334448160535117,10.0,0.0,10,1.0,0.0,0.026,0.026,,10,4,2.710434782608696,,,6,0.2806222222222222,random_regular,0.3764728477158446,0.1424262171088965,-0.0331679063403337,-0.3333333333333333,0.3833333333333333,0.3833333333333333,0.45,0.45,0.8184192341658617,0.3096222111066684,0.2218676666601154,2.2297424542824174,0.459999999999448,0.459999999999448,periodic
random_regular_27.pkl,reactive,0.057933698543527104,0.08445546394312518,-18.500000000000068,-18.500000000000068,783.0,783.0,9,25.677120208740234,756,300,1500,0.0334448160535117,10.0,0.0,10,1.0,0.0,0.026,0.026,,10,4,2.710434782608696,,,6,0.2806222222222222,random_regular,0.3764728477158446,0.1424262171088965,-0.0331679063403337,-0.3333333333333333,0.3833333333333333,0.3833333333333333,0.45,0.45,0.8184192341658617,0.3096222111066684,0.2218676666601154,2.2297424542824174,0.459999999999448,0.459999999999448,periodic
random_regular_28.pkl,affinity,0.05303338768591949,0.0788480680797132,-15.60000000000013,-1.5522580167276274,777.0,77.31438967931709,4,14.732111930847168,777,300,1500,0.0334448160535117,10.0,0.0,10,1.0,0.0,0.0266666666666666,0.0266666666666666,,10,4,2.7092753623188406,,,9,0.2706,random_regular,0.4502577284125488,0.1781638544229292,0.0199007438042002,0.2,0.4333333333333333,0.4333333333333333,0.3666666666666666,0.3666666666666666,0.83124503707036,0.3289178850888958,0.2030147013260974,2.0402724975862365,0.5416666666659896,0.5416666666659896,affinity_periodic
random_regular_28.pkl,affinity_periodic,0.024372439292785826,0.04066792663291272,-11.900000000000055,-1.1840942563499217,766.0,76.21984877008607,49,36.71535634994507,749,300,1500,0.0334448160535117,10.0,0.0,10,1.0,0.0,0.0266666666666666,0.0266666666666666,,10,4,2.7092753623188406,,,9,0.2706,random_regular,0.4502577284125488,0.1781638544229292,0.0199007438042002,0.2,0.4333333333333333,0.4333333333333333,0.3666666666666666,0.3666666666666666,0.83124503707036,0.3289178850888958,0.2030147013260974,2.0402724975862365,0.5416666666659896,0.5416666666659896,affinity_periodic
random_regular_28.pkl,affinity_reactive,0.05321325640511404,0.07870307533323254,-16.200000000000056,-1.6119602481402329,774.0,77.01587852225408,7,39.76230049133301,764,300,1500,0.0334448160535117,10.0,0.0,10,1.0,0.0,0.0266666666666666,0.0266666666666666,,10,4,2.7092753623188406,,,9,0.2706,random_regular,0.4502577284125488,0.1781638544229292,0.0199007438042002,0.2,0.4333333333333333,0.4333333333333333,0.3666666666666666,0.3666666666666666,0.83124503707036,0.3289178850888958,0.2030147013260974,2.0402724975862365,0.5416666666659896,0.5416666666659896,affinity_periodic
random_regular_28.pkl,baseline,0.05303338768591949,0.0788480680797132,-15.60000000000013,-15.60000000000013,777.0,777.0,4,11.358404636383057,777,300,1500,0.0334448160535117,10.0,0.0,10,1.0,0.0,0.0266666666666666,0.0266666666666666,,10,4,2.7092753623188406,,,9,0.2706,random_regular,0.4502577284125488,0.1781638544229292,0.0199007438042002,0.2,0.4333333333333333,0.4333333333333333,0.3666666666666666,0.3666666666666666,0.83124503707036,0.3289178850888958,0.2030147013260974,2.0402724975862365,0.5416666666659896,0.5416666666659896,affinity_periodic
random_regular_28.pkl,periodic,0.024372439292785826,0.04066792663291272,-11.900000000000055,-11.900000000000055,766.0,766.0,49,26.167993307113647,749,300,1500,0.0334448160535117,10.0,0.0,10,1.0,0.0,0.0266666666666666,0.0266666666666666,,10,4,2.7092753623188406,,,9,0.2706,random_regular,0.4502577284125488,0.1781638544229292,0.0199007438042002,0.2,0.4333333333333333,0.4333333333333333,0.3666666666666666,0.3666666666666666,0.83124503707036,0.3289178850888958,0.2030147013260974,2.0402724975862365,0.5416666666659896,0.5416666666659896,affinity_periodic
random_regular_28.pkl,reactive,0.05321325640511404,0.07870307533323254,-16.200000000000056,-16.200000000000056,774.0,774.0,7,30.561877012252808,764,300,1500,0.0334448160535117,10.0,0.0,10,1.0,0.0,0.0266666666666666,0.0266666666666666,,10,4,2.7092753623188406,,,9,0.2706,random_regular,0.4502577284125488,0.1781638544229292,0.0199007438042002,0.2,0.4333333333333333,0.4333333333333333,0.3666666666666666,0.3666666666666666,0.83124503707036,0.3289178850888958,0.2030147013260974,2.0402724975862365,0.5416666666659896,0.5416666666659896,affinity_periodic
random_regular_29.pkl,affinity,0.06005726069761782,0.07536132396419463,-22.50000000000007,-2.2388336779725377,745.0,74.13027067064505,4,14.750276565551758,745,300,1500,0.0334448160535117,10.0,0.0,10,1.0,0.0,0.0277777777777777,0.0277777777777777,,10,4,2.7170345596432552,,,7,0.2849333333333333,random_regular,0.3526908319746081,0.1407609278942674,-0.0331679063403337,-0.3333333333333333,0.3666666666666666,0.3666666666666666,0.5,0.5,0.8336328755773086,0.3327076477504706,0.199568814158725,2.0056417601497274,0.4230769230764348,0.4230769230764348,reactive
random_regular_29.pkl,affinity_periodic,0.02719894921216106,0.043863687835594925,-13.300000000000026,-1.3233994629793193,745.0,74.13027067064505,42,33.47992181777954,740,300,1500,0.0334448160535117,10.0,0.0,10,1.0,0.0,0.0277777777777777,0.0277777777777777,,10,4,2.7170345596432552,,,7,0.2849333333333333,random_regular,0.3526908319746081,0.1407609278942674,-0.0331679063403337,-0.3333333333333333,0.3666666666666666,0.3666666666666666,0.5,0.5,0.8336328755773086,0.3327076477504706,0.199568814158725,2.0056417601497274,0.4230769230764348,0.4230769230764348,reactive
random_regular_29.pkl,affinity_reactive,0.06005726069761782,0.07536132396419463,-22.50000000000007,-2.2388336779725377,745.0,74.13027067064505,16,30.703519821166992,736,300,1500,0.0334448160535117,10.0,0.0,10,1.0,0.0,0.0277777777777777,0.0277777777777777,,10,4,2.7170345596432552,,,7,0.2849333333333333,random_regular,0.3526908319746081,0.1407609278942674,-0.0331679063403337,-0.3333333333333333,0.3666666666666666,0.3666666666666666,0.5,0.5,0.8336328755773086,0.3327076477504706,0.199568814158725,2.0056417601497274,0.4230769230764348,0.4230769230764348,reactive
random_regular_29.pkl,baseline,0.06005726069761782,0.07536132396419463,-22.50000000000007,-22.50000000000007,745.0,745.0,4,10.752336978912354,745,300,1500,0.0334448160535117,10.0,0.0,10,1.0,0.0,0.0277777777777777,0.0277777777777777,,10,4,2.7170345596432552,,,7,0.2849333333333333,random_regular,0.3526908319746081,0.1407609278942674,-0.0331679063403337,-0.3333333333333333,0.3666666666666666,0.3666666666666666,0.5,0.5,0.8336328755773086,0.3327076477504706,0.199568814158725,2.0056417601497274,0.4230769230764348,0.4230769230764348,reactive
random_regular_29.pkl,periodic,0.02719894921216106,0.043863687835594925,-13.300000000000026,-13.300000000000026,745.0,745.0,42,26.429606914520264,740,300,1500,0.0334448160535117,10.0,0.0,10,1.0,0.0,0.0277777777777777,0.0277777777777777,,10,4,2.7170345596432552,,,7,0.2849333333333333,random_regular,0.3526908319746081,0.1407609278942674,-0.0331679063403337,-0.3333333333333333,0.3666666666666666,0.3666666666666666,0.5,0.5,0.8336328755773086,0.3327076477504706,0.199568814158725,2.0056417601497274,0.4230769230764348,0.4230769230764348,reactive
random_regular_29.pkl,reactive,0.06005726069761782,0.07536132396419463,-22.50000000000007,-22.50000000000007,745.0,745.0,16,24.913979530334476,736,300,1500,0.0334448160535117,10.0,0.0,10,1.0,0.0,0.0277777777777777,0.0277777777777777,,10,4,2.7170345596432552,,,7,0.2849333333333333,random_regular,0.3526908319746081,0.1407609278942674,-0.0331679063403337,-0.3333333333333333,0.3666666666666666,0.3666666666666666,0.5,0.5,0.8336328755773086,0.3327076477504706,0.199568814158725,2.0056417601497274,0.4230769230764348,0.4230769230764348,reactive
random_regular_3.pkl,affinity,0.055802637779358476,0.09329112997830653,-15.200000000000161,-1.5124565291192296,761.0,75.72233017498107,3,14.19457483291626,761,300,1500,0.0334448160535117,10.0,0.0,10,1.0,0.0,0.024,0.024,,10,4,2.711014492753624,,,7,0.2833333333333333,random_regular,0.2446813509926783,0.0995502736233804,-0.0729693939487342,-0.7333333333333333,0.2333333333333333,0.2333333333333333,0.5666666666666667,0.5666666666666667,0.838907489118803,0.3413152238520167,0.192026549972048,1.929842943171992,0.2916666666663021,0.2916666666663021,periodic
random_regular_3.pkl,affinity_periodic,0.026078367181947105,0.04377790999825528,-13.60000000000008,-1.353250578685619,750.0,74.62778926575005,5,40.93844366073608,747,300,1500,0.0334448160535117,10.0,0.0,10,1.0,0.0,0.024,0.024,,10,4,2.711014492753624,,,7,0.2833333333333333,random_regular,0.2446813509926783,0.0995502736233804,-0.0729693939487342,-0.7333333333333333,0.2333333333333333,0.2333333333333333,0.5666666666666667,0.5666666666666667,0.838907489118803,0.3413152238520167,0.192026549972048,1.929842943171992,0.2916666666663021,0.2916666666663021,periodic
random_regular_3.pkl,affinity_reactive,0.05635246595805262,0.09288725332906733,-16.400000000000095,-1.6318609919444353,755.0,75.12530786085506,6,38.42552447319031,751,300,1500,0.0334448160535117,10.0,0.0,10,1.0,0.0,0.024,0.024,,10,4,2.711014492753624,,,7,0.2833333333333333,random_regular,0.2446813509926783,0.0995502736233804,-0.0729693939487342,-0.7333333333333333,0.2333333333333333,0.2333333333333333,0.5666666666666667,0.5666666666666667,0.838907489118803,0.3413152238520167,0.192026549972048,1.929842943171992,0.2916666666663021,0.2916666666663021,periodic
random_regular_3.pkl,baseline,0.055802637779358476,0.09329112997830653,-15.200000000000161,-15.200000000000161,761.0,761.0,3,11.158567190170288,761,300,1500,0.0334448160535117,10.0,0.0,10,1.0,0.0,0.024,0.024,,10,4,2.711014492753624,,,7,0.2833333333333333,random_regular,0.2446813509926783,0.0995502736233804,-0.0729693939487342,-0.7333333333333333,0.2333333333333333,0.2333333333333333,0.5666666666666667,0.5666666666666667,0.838907489118803,0.3413152238520167,0.192026549972048,1.929842943171992,0.2916666666663021,0.2916666666663021,periodic
random_regular_3.pkl,periodic,0.026078367181947105,0.04377790999825528,-13.60000000000008,-13.60000000000008,750.0,750.0,5,30.79764223098755,747,300,1500,0.0334448160535117,10.0,0.0,10,1.0,0.0,0.024,0.024,,10,4,2.711014492753624,,,7,0.2833333333333333,random_regular,0.2446813509926783,0.0995502736233804,-0.0729693939487342,-0.7333333333333333,0.2333333333333333,0.2333333333333333,0.5666666666666667,0.5666666666666667,0.838907489118803,0.3413152238520167,0.192026549972048,1.929842943171992,0.2916666666663021,0.2916666666663021,periodic
random_regular_3.pkl,reactive,0.05635246595805262,0.09288725332906733,-16.400000000000095,-16.400000000000095,755.0,755.0,6,29.11260676383972,751,300,1500,0.0334448160535117,10.0,0.0,10,1.0,0.0,0.024,0.024,,10,4,2.711014492753624,,,7,0.2833333333333333,random_regular,0.2446813509926783,0.0995502736233804,-0.0729693939487342,-0.7333333333333333,0.2333333333333333,0.2333333333333333,0.5666666666666667,0.5666666666666667,0.838907489118803,0.3413152238520167,0.192026549972048,1.929842943171992,0.2916666666663021,0.2916666666663021,periodic
random_regular_4.pkl,affinity,0.06358438283671222,0.08026840346982914,-25.30000000000009,-2.5174440912313516,737.0,73.33424091847704,4,8.999165773391724,737,300,1500,0.0334448160535117,10.0,0.0,10,1.0,0.0,0.0317777777777777,0.0317777777777777,,10,4,2.7160089186176144,,,7,0.2789777777777777,random_regular,0.3627038642407966,0.145064228152218,-0.0331679063403337,-0.3333333333333333,0.3333333333333333,0.3333333333333333,0.4333333333333333,0.4333333333333333,0.8342188877549204,0.3336477247505366,0.1987261553034788,1.9971731434634683,0.4347826086950851,0.4347826086950851,affinity_periodic
random_regular_4.pkl,affinity_periodic,0.02595037629294048,0.042038011821066285,-16.60000000000007,-1.651761735748627,729.0,72.53821116630903,36,37.17649507522583,726,300,1500,0.0334448160535117,10.0,0.0,10,1.0,0.0,0.0317777777777777,0.0317777777777777,,10,4,2.7160089186176144,,,7,0.2789777777777777,random_regular,0.3627038642407966,0.145064228152218,-0.0331679063403337,-0.3333333333333333,0.3333333333333333,0.3333333333333333,0.4333333333333333,0.4333333333333333,0.8342188877549204,0.3336477247505366,0.1987261553034788,1.9971731434634683,0.4347826086950851,0.4347826086950851,affinity_periodic
random_regular_4.pkl,affinity_reactive,0.0630433983238747,0.08076908270005044,-25.500000000000092,-2.537344835035536,736.0,73.23473719945603,8,35.03521132469177,727,300,1500,0.0334448160535117,10.0,0.0,10,1.0,0.0,0.0317777777777777,0.0317777777777777,,10,4,2.7160089186176144,,,7,0.2789777777777777,random_regular,0.3627038642407966,0.145064228152218,-0.0331679063403337,-0.3333333333333333,0.3333333333333333,0.3333333333333333,0.4333333333333333,0.4333333333333333,0.8342188877549204,0.3336477247505366,0.1987261553034788,1.9971731434634683,0.4347826086950851,0.4347826086950851,affinity_periodic
random_regular_4.pkl,baseline,0.06358438283671222,0.08026840346982914,-25.30000000000009,-25.30000000000009,737.0,737.0,4,6.536314487457275,737,300,1500,0.0334448160535117,10.0,0.0,10,1.0,0.0,0.0317777777777777,0.0317777777777777,,10,4,2.7160089186176144,,,7,0.2789777777777777,random_regular,0.3627038642407966,0.145064228152218,-0.0331679063403337,-0.3333333333333333,0.3333333333333333,0.3333333333333333,0.4333333333333333,0.4333333333333333,0.8342188877549204,0.3336477247505366,0.1987261553034788,1.9971731434634683,0.4347826086950851,0.4347826086950851,affinity_periodic
random_regular_4.pkl,periodic,0.02595037629294048,0.042038011821066285,-16.60000000000007,-16.60000000000007,729.0,729.0,36,29.25952744483948,726,300,1500,0.0334448160535117,10.0,0.0,10,1.0,0.0,0.0317777777777777,0.0317777777777777,,10,4,2.7160089186176144,,,7,0.2789777777777777,random_regular,0.3627038642407966,0.145064228152218,-0.0331679063403337,-0.3333333333333333,0.3333333333333333,0.3333333333333333,0.4333333333333333,0.4333333333333333,0.8342188877549204,0.3336477247505366,0.1987261553034788,1.9971731434634683,0.4347826086950851,0.4347826086950851,affinity_periodic
random_regular_4.pkl,reactive,0.0630433983238747,0.08076908270005044,-25.500000000000092,-25.500000000000092,736.0,736.0,8,27.553367376327515,727,300,1500,0.0334448160535117,10.0,0.0,10,1.0,0.0,0.0317777777777777,0.0317777777777777,,10,4,2.7160089186176144,,,7,0.2789777777777777,random_regular,0.3627038642407966,0.145064228152218,-0.0331679063403337,-0.3333333333333333,0.3333333333333333,0.3333333333333333,0.4333333333333333,0.4333333333333333,0.8342188877549204,0.3336477247505366,0.1987261553034788,1.9971731434634683,0.4347826086950851,0.4347826086950851,affinity_periodic
random_regular_5.pkl,affinity,0.053479102535667636,0.08018228143704718,-14.800000000000008,-1.4726550415108235,774.0,77.01587852225408,3,17.87173080444336,774,300,1500,0.0334448160535117,10.0,0.0,10,1.0,0.0,0.0277777777777777,0.0277777777777777,,10,4,2.7183946488294315,,,6,0.2781777777777778,random_regular,0.3220057413337285,0.116474797322788,-0.079602975216801,-0.8,0.3333333333333333,0.3333333333333333,0.5,0.5,0.8050143533352874,0.2911869933073194,0.2422138758853922,2.4342193263577463,0.39999999999952,0.39999999999952,affinity_periodic
random_regular_5.pkl,affinity_periodic,0.025059523517206785,0.03854736500563435,-14.500000000000066,-1.4428039258045198,756.0,75.22481157987606,24,38.37210941314697,748,300,1500,0.0334448160535117,10.0,0.0,10,1.0,0.0,0.0277777777777777,0.0277777777777777,,10,4,2.7183946488294315,,,6,0.2781777777777778,random_regular,0.3220057413337285,0.116474797322788,-0.079602975216801,-0.8,0.3333333333333333,0.3333333333333333,0.5,0.5,0.8050143533352874,0.2911869933073194,0.2422138758853922,2.4342193263577463,0.39999999999952,0.39999999999952,affinity_periodic
random_regular_5.pkl,affinity_reactive,0.053479102535667636,0.08018228143704718,-14.800000000000008,-1.4726550415108235,774.0,77.01587852225408,17,37.53250312805176,757,300,1500,0.0334448160535117,10.0,0.0,10,1.0,0.0,0.0277777777777777,0.0277777777777777,,10,4,2.7183946488294315,,,6,0.2781777777777778,random_regular,0.3220057413337285,0.116474797322788,-0.079602975216801,-0.8,0.3333333333333333,0.3333333333333333,0.5,0.5,0.8050143533352874,0.2911869933073194,0.2422138758853922,2.4342193263577463,0.39999999999952,0.39999999999952,affinity_periodic
random_regular_5.pkl,baseline,0.053479102535667636,0.08018228143704718,-14.800000000000008,-14.800000000000008,774.0,774.0,3,13.397790431976318,774,300,1500,0.0334448160535117,10.0,0.0,10,1.0,0.0,0.0277777777777777,0.0277777777777777,,10,4,2.7183946488294315,,,6,0.2781777777777778,random_regular,0.3220057413337285,0.116474797322788,-0.079602975216801,-0.8,0.3333333333333333,0.3333333333333333,0.5,0.5,0.8050143533352874,0.2911869933073194,0.2422138758853922,2.4342193263577463,0.39999999999952,0.39999999999952,affinity_periodic
random_regular_5.pkl,periodic,0.025059523517206785,0.03854736500563435,-14.500000000000066,-14.500000000000066,756.0,756.0,24,28.99008011817932,748,300,1500,0.0334448160535117,10.0,0.0,10,1.0,0.0,0.0277777777777777,0.0277777777777777,,10,4,2.7183946488294315,,,6,0.2781777777777778,random_regular,0.3220057413337285,0.116474797322788,-0.079602975216801,-0.8,0.3333333333333333,0.3333333333333333,0.5,0.5,0.8050143533352874,0.2911869933073194,0.2422138758853922,2.4342193263577463,0.39999999999952,0.39999999999952,affinity_periodic
random_regular_5.pkl,reactive,0.053479102535667636,0.08018228143704718,-14.800000000000008,-14.800000000000008,774.0,774.0,17,29.126230239868164,757,300,1500,0.0334448160535117,10.0,0.0,10,1.0,0.0,0.0277777777777777,0.0277777777777777,,10,4,2.7183946488294315,,,6,0.2781777777777778,random_regular,0.3220057413337285,0.116474797322788,-0.079602975216801,-0.8,0.3333333333333333,0.3333333333333333,0.5,0.5,0.8050143533352874,0.2911869933073194,0.2422138758853922,2.4342193263577463,0.39999999999952,0.39999999999952,affinity_periodic
random_regular_6.pkl,affinity,0.049960922211408965,0.07738503818560998,-10.600000000000026,-1.0547394216226156,795.0,79.10545662169511,3,8.875665426254272,795,300,1500,0.0334448160535117,10.0,0.0,10,1.0,0.0,0.0266666666666666,0.0266666666666666,,10,4,2.715496098104794,,,6,0.2857777777777778,random_regular,0.4565213200255388,0.1659497670548125,0.053068650144534,0.5333333333333333,0.5,0.5,0.3833333333333333,0.3833333333333333,0.8065209987126981,0.2931779217971673,0.2398933215577983,2.410898043993373,0.5660377358484159,0.5660377358484159,affinity_periodic
random_regular_6.pkl,affinity_periodic,0.02413239955992142,0.03996395871082241,-12.000000000000153,-1.1940446282520243,752.0,74.82679670379206,34,40.730581760406494,736,300,1500,0.0334448160535117,10.0,0.0,10,1.0,0.0,0.0266666666666666,0.0266666666666666,,10,4,2.715496098104794,,,6,0.2857777777777778,random_regular,0.4565213200255388,0.1659497670548125,0.053068650144534,0.5333333333333333,0.5,0.5,0.3833333333333333,0.3833333333333333,0.8065209987126981,0.2931779217971673,0.2398933215577983,2.410898043993373,0.5660377358484159,0.5660377358484159,affinity_periodic
random_regular_6.pkl,affinity_reactive,0.05258785311332668,0.07537896353861785,-19.30000000000006,-1.9204217771053351,763.0,75.92133761302307,32,30.82266664505005,750,300,1500,0.0334448160535117,10.0,0.0,10,1.0,0.0,0.0266666666666666,0.0266666666666666,,10,4,2.715496098104794,,,6,0.2857777777777778,random_regular,0.4565213200255388,0.1659497670548125,0.053068650144534,0.5333333333333333,0.5,0.5,0.3833333333333333,0.3833333333333333,0.8065209987126981,0.2931779217971673,0.2398933215577983,2.410898043993373,0.5660377358484159,0.5660377358484159,affinity_periodic
random_regular_6.pkl,baseline,0.049960922211408965,0.07738503818560998,-10.600000000000026,-10.600000000000026,795.0,795.0,3,6.571908473968506,795,300,1500,0.0334448160535117,10.0,0.0,10,1.0,0.0,0.0266666666666666,0.0266666666666666,,10,4,2.715496098104794,,,6,0.2857777777777778,random_regular,0.4565213200255388,0.1659497670548125,0.053068650144534,0.5333333333333333,0.5,0.5,0.3833333333333333,0.3833333333333333,0.8065209987126981,0.2931779217971673,0.2398933215577983,2.410898043993373,0.5660377358484159,0.5660377358484159,affinity_periodic
random_regular_6.pkl,periodic,0.02413239955992142,0.03996395871082241,-12.000000000000153,-12.000000000000153,752.0,752.0,34,31.299888849258423,736,300,1500,0.0334448160535117,10.0,0.0,10,1.0,0.0,0.0266666666666666,0.0266666666666666,,10,4,2.715496098104794,,,6,0.2857777777777778,random_regular,0.4565213200255388,0.1659497670548125,0.053068650144534,0.5333333333333333,0.5,0.5,0.3833333333333333,0.3833333333333333,0.8065209987126981,0.2931779217971673,0.2398933215577983,2.410898043993373,0.5660377358484159,0.5660377358484159,affinity_periodic
random_regular_6.pkl,reactive,0.05258785311332668,0.07537896353861785,-19.30000000000006,-19.30000000000006,763.0,763.0,32,24.14099502563477,750,300,1500,0.0334448160535117,10.0,0.0,10,1.0,0.0,0.0266666666666666,0.0266666666666666,,10,4,2.715496098104794,,,6,0.2857777777777778,random_regular,0.4565213200255388,0.1659497670548125,0.053068650144534,0.5333333333333333,0.5,0.5,0.3833333333333333,0.3833333333333333,0.8065209987126981,0.2931779217971673,0.2398933215577983,2.410898043993373,0.5660377358484159,0.5660377358484159,affinity_periodic
random_regular_7.pkl,affinity,0.05138365058184918,0.08607546046249696,-12.400000000000102,-1.2338461158604266,784.0,78.0109157124641,2,8.929396390914917,784,300,1500,0.0334448160535117,10.0,0.0,10,1.0,0.0,0.0311111111111111,0.0311111111111111,,10,4,2.71752508361204,,,7,0.2872222222222222,random_regular,0.3065988216864455,0.1206172728898386,-0.0663358126806675,-0.6666666666666666,0.2833333333333333,0.2833333333333333,0.4833333333333333,0.4833333333333333,0.8296203410349934,0.3263761501729302,0.2053706382758763,2.063949370902716,0.3695652173908223,0.3695652173908223,affinity_reactive
random_regular_7.pkl,affinity_periodic,0.027000014819167924,0.04111646694357029,-15.600000000000087,-1.5522580167276354,751.0,74.72729298477105,17,41.52794480323792,739,300,1500,0.0334448160535117,10.0,0.0,10,1.0,0.0,0.0311111111111111,0.0311111111111111,,10,4,2.71752508361204,,,7,0.2872222222222222,random_regular,0.3065988216864455,0.1206172728898386,-0.0663358126806675,-0.6666666666666666,0.2833333333333333,0.2833333333333333,0.4833333333333333,0.4833333333333333,0.8296203410349934,0.3263761501729302,0.2053706382758763,2.063949370902716,0.3695652173908223,0.3695652173908223,affinity_reactive
random_regular_7.pkl,affinity_reactive,0.05892968369178554,0.08093651265187563,-18.900000000000116,-1.880620289496932,758.0,75.42381901791806,48,34.798535108566284,727,300,1500,0.0334448160535117,10.0,0.0,10,1.0,0.0,0.0311111111111111,0.0311111111111111,,10,4,2.71752508361204,,,7,0.2872222222222222,random_regular,0.3065988216864455,0.1206172728898386,-0.0663358126806675,-0.6666666666666666,0.2833333333333333,0.2833333333333333,0.4833333333333333,0.4833333333333333,0.8296203410349934,0.3263761501729302,0.2053706382758763,2.063949370902716,0.3695652173908223,0.3695652173908223,affinity_reactive
random_regular_7.pkl,baseline,0.05138365058184918,0.08607546046249696,-12.400000000000102,-12.400000000000102,784.0,784.0,2,6.9053053855896,784,300,1500,0.0334448160535117,10.0,0.0,10,1.0,0.0,0.0311111111111111,0.0311111111111111,,10,4,2.71752508361204,,,7,0.2872222222222222,random_regular,0.3065988216864455,0.1206172728898386,-0.0663358126806675,-0.6666666666666666,0.2833333333333333,0.2833333333333333,0.4833333333333333,0.4833333333333333,0.8296203410349934,0.3263761501729302,0.2053706382758763,2.063949370902716,0.3695652173908223,0.3695652173908223,affinity_reactive
random_regular_7.pkl,periodic,0.027000014819167924,0.04111646694357029,-15.600000000000087,-15.600000000000087,751.0,751.0,17,30.963496446609497,739,300,1500,0.0334448160535117,10.0,0.0,10,1.0,0.0,0.0311111111111111,0.0311111111111111,,10,4,2.71752508361204,,,7,0.2872222222222222,random_regular,0.3065988216864455,0.1206172728898386,-0.0663358126806675,-0.6666666666666666,0.2833333333333333,0.2833333333333333,0.4833333333333333,0.4833333333333333,0.8296203410349934,0.3263761501729302,0.2053706382758763,2.063949370902716,0.3695652173908223,0.3695652173908223,affinity_reactive
random_regular_7.pkl,reactive,0.05892968369178554,0.08093651265187563,-18.900000000000116,-18.900000000000116,758.0,758.0,48,27.930158138275143,727,300,1500,0.0334448160535117,10.0,0.0,10,1.0,0.0,0.0311111111111111,0.0311111111111111,,10,4,2.71752508361204,,,7,0.2872222222222222,random_regular,0.3065988216864455,0.1206172728898386,-0.0663358126806675,-0.6666666666666666,0.2833333333333333,0.2833333333333333,0.4833333333333333,0.4833333333333333,0.8296203410349934,0.3263761501729302,0.2053706382758763,2.063949370902716,0.3695652173908223,0.3695652173908223,affinity_reactive
random_regular_8.pkl,affinity,0.05208496612080234,0.07861357714742301,-15.300000000000086,-1.522406901021333,766.0,76.21984877008607,3,8.054182052612305,766,300,1500,0.0334448160535117,10.0,0.0,10,1.0,0.0,0.0326666666666666,0.0326666666666666,,10,4,2.71190635451505,,,7,0.2837777777777778,random_regular,0.4957138028518044,0.1926627096429512,0.026534325072267,0.2666666666666666,0.5,0.5,0.3333333333333333,0.3333333333333333,0.8261896714206654,0.3211045160719706,0.210375818763821,2.1142508122678207,0.5999999999992801,0.5999999999992801,affinity_periodic
random_regular_8.pkl,affinity_periodic,0.02459356833256638,0.04022251348379282,-13.400000000000047,-1.333349834881419,742.0,73.83175951358204,32,32.481717586517334,720,300,1500,0.0334448160535117,10.0,0.0,10,1.0,0.0,0.0326666666666666,0.0326666666666666,,10,4,2.71190635451505,,,7,0.2837777777777778,random_regular,0.4957138028518044,0.1926627096429512,0.026534325072267,0.2666666666666666,0.5,0.5,0.3333333333333333,0.3333333333333333,0.8261896714206654,0.3211045160719706,0.210375818763821,2.1142508122678207,0.5999999999992801,0.5999999999992801,affinity_periodic
random_regular_8.pkl,affinity_reactive,0.0524080678978621,0.07834886484771941,-15.700000000000095,-1.5622083886297335,764.0,76.02084133204407,49,27.713932752609253,736,300,1500,0.0334448160535117,10.0,0.0,10,1.0,0.0,0.0326666666666666,0.0326666666666666,,10,4,2.71190635451505,,,7,0.2837777777777778,random_regular,0.4957138028518044,0.1926627096429512,0.026534325072267,0.2666666666666666,0.5,0.5,0.3333333333333333,0.3333333333333333,0.8261896714206654,0.3211045160719706,0.210375818763821,2.1142508122678207,0.5999999999992801,0.5999999999992801,affinity_periodic
random_regular_8.pkl,baseline,0.05208496612080234,0.07861357714742301,-15.300000000000086,-15.300000000000086,766.0,766.0,3,6.179215431213379,766,300,1500,0.0334448160535117,10.0,0.0,10,1.0,0.0,0.0326666666666666,0.0326666666666666,,10,4,2.71190635451505,,,7,0.2837777777777778,random_regular,0.4957138028518044,0.1926627096429512,0.026534325072267,0.2666666666666666,0.5,0.5,0.3333333333333333,0.3333333333333333,0.8261896714206654,0.3211045160719706,0.210375818763821,2.1142508122678207,0.5999999999992801,0.5999999999992801,affinity_periodic
random_regular_8.pkl,periodic,0.02459356833256638,0.04022251348379282,-13.400000000000047,-13.400000000000047,742.0,742.0,32,24.61103463172913,720,300,1500,0.0334448160535117,10.0,0.0,10,1.0,0.0,0.0326666666666666,0.0326666666666666,,10,4,2.71190635451505,,,7,0.2837777777777778,random_regular,0.4957138028518044,0.1926627096429512,0.026534325072267,0.2666666666666666,0.5,0.5,0.3333333333333333,0.3333333333333333,0.8261896714206654,0.3211045160719706,0.210375818763821,2.1142508122678207,0.5999999999992801,0.5999999999992801,affinity_periodic
random_regular_8.pkl,reactive,0.0524080678978621,0.07834886484771941,-15.700000000000095,-15.700000000000095,764.0,764.0,49,21.93194913864136,736,300,1500,0.0334448160535117,10.0,0.0,10,1.0,0.0,0.0326666666666666,0.0326666666666666,,10,4,2.71190635451505,,,7,0.2837777777777778,random_regular,0.4957138028518044,0.1926627096429512,0.026534325072267,0.2666666666666666,0.5,0.5,0.3333333333333333,0.3333333333333333,0.8261896714206654,0.3211045160719706,0.210375818763821,2.1142508122678207,0.5999999999992801,0.5999999999992801,affinity_periodic
random_regular_9.pkl,affinity,0.057051741238039445,0.08894024585908616,-19.100000000000094,-1.900521033301137,759.0,75.52332273693906,4,12.905753374099731,759,300,1500,0.0334448160535117,10.0,0.0,10,1.0,0.0,0.0253333333333333,0.0253333333333333,,10,4,2.712597547380156,,,7,0.2735777777777777,random_regular,0.3641488857650344,0.1381971386312568,-0.026534325072267,-0.2666666666666666,0.4,0.4,0.5,0.5,0.8193349929722377,0.3109435619206734,0.220502002938234,2.2160177037372324,0.4444444444439506,0.4444444444439506,affinity_periodic
random_regular_9.pkl,affinity_periodic,0.02670945080994542,0.045291060369502464,-14.600000000000035,-1.4527542977066255,758.0,75.42381901791806,8,34.63525056838989,752,300,1500,0.0334448160535117,10.0,0.0,10,1.0,0.0,0.0253333333333333,0.0253333333333333,,10,4,2.712597547380156,,,7,0.2735777777777777,random_regular,0.3641488857650344,0.1381971386312568,-0.026534325072267,-0.2666666666666666,0.4,0.4,0.5,0.5,0.8193349929722377,0.3109435619206734,0.220502002938234,2.2160177037372324,0.4444444444439506,0.4444444444439506,affinity_periodic
random_regular_9.pkl,affinity_reactive,0.057051741238039445,0.08894024585908616,-19.100000000000094,-1.900521033301137,759.0,75.52332273693906,26,32.177316665649414,755,300,1500,0.0334448160535117,10.0,0.0,10,1.0,0.0,0.0253333333333333,0.0253333333333333,,10,4,2.712597547380156,,,7,0.2735777777777777,random_regular,0.3641488857650344,0.1381971386312568,-0.026534325072267,-0.2666666666666666,0.4,0.4,0.5,0.5,0.8193349929722377,0.3109435619206734,0.220502002938234,2.2160177037372324,0.4444444444439506,0.4444444444439506,affinity_periodic
random_regular_9.pkl,baseline,0.057051741238039445,0.08894024585908616,-19.100000000000094,-19.100000000000094,759.0,759.0,4,10.127079010009766,759,300,1500,0.0334448160535117,10.0,0.0,10,1.0,0.0,0.0253333333333333,0.0253333333333333,,10,4,2.712597547380156,,,7,0.2735777777777777,random_regular,0.3641488857650344,0.1381971386312568,-0.026534325072267,-0.2666666666666666,0.4,0.4,0.5,0.5,0.8193349929722377,0.3109435619206734,0.220502002938234,2.2160177037372324,0.4444444444439506,0.4444444444439506,affinity_periodic
random_regular_9.pkl,periodic,0.02670945080994542,0.045291060369502464,-14.600000000000035,-14.600000000000035,758.0,758.0,8,27.09078288078308,752,300,1500,0.0334448160535117,10.0,0.0,10,1.0,0.0,0.0253333333333333,0.0253333333333333,,10,4,2.712597547380156,,,7,0.2735777777777777,random_regular,0.3641488857650344,0.1381971386312568,-0.026534325072267,-0.2666666666666666,0.4,0.4,0.5,0.5,0.8193349929722377,0.3109435619206734,0.220502002938234,2.2160177037372324,0.4444444444439506,0.4444444444439506,affinity_periodic
random_regular_9.pkl,reactive,0.057051741238039445,0.08894024585908616,-19.100000000000094,-19.100000000000094,759.0,759.0,26,25.309042930603027,755,300,1500,0.0334448160535117,10.0,0.0,10,1.0,0.0,0.0253333333333333,0.0253333333333333,,10,4,2.712597547380156,,,7,0.2735777777777777,random_regular,0.3641488857650344,0.1381971386312568,-0.026534325072267,-0.2666666666666666,0.4,0.4,0.5,0.5,0.8193349929722377,0.3109435619206734,0.220502002938234,2.2160177037372324,0.4444444444439506,0.4444444444439506,affinity_periodic
watts_strogatz_0.pkl,affinity,0.09863247362422159,0.15773692280076862,-42.10000000000009,-4.161126763605447,413.0,40.48326751925779,6,16.46361541748047,400,300,1500,0.0334448160535117,10.0,1.0016708449412668,14,1.4,0.0526488888888887,0.4908566063566063,0.4813186813186813,0.008365508365491,8,6,3.532753623188406,,,5,0.6287873333333334,watts_strogatz,0.7167946173814856,0.4493316584897432,0.0670582472412708,0.7,0.7666666666666667,0.6,0.2166666666666666,0.1,0.9193670092511012,0.5242202682387826,0.0877048990637383,0.9075950713612992,0.7796610169483598,0.8571428571416327,periodic
watts_strogatz_0.pkl,affinity_periodic,0.046719514098160865,0.08025586701506443,-29.100000000000048,-2.9192866270570343,403.0,39.29467899138133,3,23.6335186958313,403,300,1500,0.0334448160535117,10.0,1.0016708449412668,14,1.4,0.0526488888888887,0.4908566063566063,0.4813186813186813,0.008365508365491,8,6,3.532753623188406,,,5,0.6287873333333334,watts_strogatz,0.7167946173814856,0.4493316584897432,0.0670582472412708,0.7,0.7666666666666667,0.6,0.2166666666666666,0.1,0.9193670092511012,0.5242202682387826,0.0877048990637383,0.9075950713612992,0.7796610169483598,0.8571428571416327,periodic
watts_strogatz_0.pkl,affinity_reactive,0.09863247362422159,0.15773692280076862,-42.10000000000009,-4.161126763605447,413.0,40.48326751925779,6,31.690776586532596,400,300,1500,0.0334448160535117,10.0,1.0016708449412668,14,1.4,0.0526488888888887,0.4908566063566063,0.4813186813186813,0.008365508365491,8,6,3.532753623188406,,,5,0.6287873333333334,watts_strogatz,0.7167946173814856,0.4493316584897432,0.0670582472412708,0.7,0.7666666666666667,0.6,0.2166666666666666,0.1,0.9193670092511012,0.5242202682387826,0.0877048990637383,0.9075950713612992,0.7796610169483598,0.8571428571416327,periodic
watts_strogatz_0.pkl,baseline,0.08629169260482632,0.12034448046673268,-75.40000000000012,-75.40000000000012,383.0,383.0,3,8.648480415344238,383,300,1500,0.0334448160535117,10.0,1.0016708449412668,14,1.4,0.0526488888888887,0.4908566063566063,0.4813186813186813,0.008365508365491,8,6,3.532753623188406,,,5,0.6287873333333334,watts_strogatz,0.7167946173814856,0.4493316584897432,0.0670582472412708,0.7,0.7666666666666667,0.6,0.2166666666666666,0.1,0.9193670092511012,0.5242202682387826,0.0877048990637383,0.9075950713612992,0.7796610169483598,0.8571428571416327,periodic
watts_strogatz_0.pkl,periodic,0.044323907031323745,0.06518531715418376,-66.90000000000009,-66.90000000000009,296.0,296.0,32,22.723194360733032,290,300,1500,0.0334448160535117,10.0,1.0016708449412668,14,1.4,0.0526488888888887,0.4908566063566063,0.4813186813186813,0.008365508365491,8,6,3.532753623188406,,,5,0.6287873333333334,watts_strogatz,0.7167946173814856,0.4493316584897432,0.0670582472412708,0.7,0.7666666666666667,0.6,0.2166666666666666,0.1,0.9193670092511012,0.5242202682387826,0.0877048990637383,0.9075950713612992,0.7796610169483598,0.8571428571416327,periodic
watts_strogatz_0.pkl,reactive,0.08711401253803483,0.11962551047974179,-83.40000000000005,-83.40000000000005,354.0,354.0,49,17.93788480758667,297,300,1500,0.0334448160535117,10.0,1.0016708449412668,14,1.4,0.0526488888888887,0.4908566063566063,0.4813186813186813,0.008365508365491,8,6,3.532753623188406,,,5,0.6287873333333334,watts_strogatz,0.7167946173814856,0.4493316584897432,0.0670582472412708,0.7,0.7666666666666667,0.6,0.2166666666666666,0.1,0.9193670092511012,0.5242202682387826,0.0877048990637383,0.9075950713612992,0.7796610169483598,0.8571428571416327,periodic
watts_strogatz_1.pkl,affinity,0.10118213512202057,0.15394000248378825,-70.20000000000006,-6.985767649145657,371.0,36.42037465186043,4,6.564752101898193,371,300,1500,0.0334448160535117,10.0,0.8921808236414738,13,1.3,0.0453177777777777,0.5136571576571577,0.5059842866583449,0.0368036752417528,8,6,3.613957636566332,,,4,0.6226177777777778,watts_strogatz,0.6551600643944733,0.4292785952209114,0.0495511837369527,0.5,0.6833333333333333,0.45,0.2666666666666666,0.0833333333333333,0.9108322846469336,0.5087746313738859,0.0978969639702993,0.9655068046526178,0.719298245613278,0.843749999998418,reactive
watts_strogatz_1.pkl,affinity_periodic,0.05085451245464125,0.08087052179074611,-52.700000000000045,-5.279300375018948,350.0,34.287471550926625,8,27.45732355117798,342,300,1500,0.0334448160535117,10.0,0.8921808236414738,13,1.3,0.0453177777777777,0.5136571576571577,0.5059842866583449,0.0368036752417528,8,6,3.613957636566332,,,4,0.6226177777777778,watts_strogatz,0.6551600643944733,0.4292785952209114,0.0495511837369527,0.5,0.6833333333333333,0.45,0.2666666666666666,0.0833333333333333,0.9108322846469336,0.5087746313738859,0.0978969639702993,0.9655068046526178,0.719298245613278,0.843749999998418,reactive
watts_strogatz_1.pkl,affinity_reactive,0.10098794209415088,0.15409607314181792,-70.60000000000008,-7.022565247649935,369.0,36.23638665933903,10,25.82908725738525,338,300,1500,0.0334448160535117,10.0,0.8921808236414738,13,1.3,0.0453177777777777,0.5136571576571577,0.5059842866583449,0.0368036752417528,8,6,3.613957636566332,,,4,0.6226177777777778,watts_strogatz,0.6551600643944733,0.4292785952209114,0.0495511837369527,0.5,0.6833333333333333,0.45,0.2666666666666666,0.0833333333333333,0.9108322846469336,0.5087746313738859,0.0978969639702993,0.9655068046526178,0.719298245613278,0.843749999998418,reactive
watts_strogatz_1.pkl,baseline,0.0935325592134347,0.1146193151272549,-104.40000000000013,-104.40000000000013,350.0,350.0,5,5.556743383407593,343,300,1500,0.0334448160535117,10.0,0.8921808236414738,13,1.3,0.0453177777777777,0.5136571576571577,0.5059842866583449,0.0368036752417528,8,6,3.613957636566332,,,4,0.6226177777777778,watts_strogatz,0.6551600643944733,0.4292785952209114,0.0495511837369527,0.5,0.6833333333333333,0.45,0.2666666666666666,0.0833333333333333,0.9108322846469336,0.5087746313738859,0.0978969639702993,0.9655068046526178,0.719298245613278,0.843749999998418,reactive
watts_strogatz_1.pkl,periodic,0.04182260469640634,0.06828798408567835,-51.50000000000007,-51.50000000000007,357.0,357.0,3,22.6798791885376,357,300,1500,0.0334448160535117,10.0,0.8921808236414738,13,1.3,0.0453177777777777,0.5136571576571577,0.5059842866583449,0.0368036752417528,8,6,3.613957636566332,,,4,0.6226177777777778,watts_strogatz,0.6551600643944733,0.4292785952209114,0.0495511837369527,0.5,0.6833333333333333,0.45,0.2666666666666666,0.0833333333333333,0.9108322846469336,0.5087746313738859,0.0978969639702993,0.9655068046526178,0.719298245613278,0.843749999998418,reactive
watts_strogatz_1.pkl,reactive,0.0935325592134347,0.1146193151272549,-104.40000000000013,-104.40000000000013,350.0,350.0,11,20.601248264312744,323,300,1500,0.0334448160535117,10.0,0.8921808236414738,13,1.3,0.0453177777777777,0.5136571576571577,0.5059842866583449,0.0368036752417528,8,6,3.613957636566332,,,4,0.6226177777777778,watts_strogatz,0.6551600643944733,0.4292785952209114,0.0495511837369527,0.5,0.6833333333333333,0.45,0.2666666666666666,0.0833333333333333,0.9108322846469336,0.5087746313738859,0.0978969639702993,0.9655068046526178,0.719298245613278,0.843749999998418,reactive
watts_strogatz_10.pkl,affinity,0.10976024242390066,0.1533015547239329,-74.20000000000012,-7.402552414769156,335.0,32.571848059632934,4,6.490815401077271,335,300,1500,0.0334448160535117,10.0,0.9916035457647598,14,1.4,0.052051111111111,0.4934261294261294,0.4827434601011211,-0.0436423908086097,8,6,3.5539353400222966,,,4,0.6242586666666666,watts_strogatz,0.6856290282683258,0.4162079897436356,0.0782662257554873,0.7833333333333333,0.7333333333333333,0.6333333333333333,0.2333333333333333,0.1,0.9037837190819098,0.4819250407564457,0.1064594093549612,1.0750114964567237,0.7586206896543877,0.863636363635186,affinity_periodic
watts_strogatz_10.pkl,affinity_periodic,0.05093058533373136,0.08189182882019043,-53.800000000000026,-5.309779846752,302.0,29.672711166322976,23,24.778875827789307,262,300,1500,0.0334448160535117,10.0,0.9916035457647598,14,1.4,0.052051111111111,0.4934261294261294,0.4827434601011211,-0.0436423908086097,8,6,3.5539353400222966,,,4,0.6242586666666666,watts_strogatz,0.6856290282683258,0.4162079897436356,0.0782662257554873,0.7833333333333333,0.7333333333333333,0.6333333333333333,0.2333333333333333,0.1,0.9037837190819098,0.4819250407564457,0.1064594093549612,1.0750114964567237,0.7586206896543877,0.863636363635186,affinity_periodic
watts_strogatz_10.pkl,affinity_reactive,0.10976024242390066,0.1533015547239329,-74.20000000000012,-7.402552414769156,335.0,32.571848059632934,37,22.42074084281921,303,300,1500,0.0334448160535117,10.0,0.9916035457647598,14,1.4,0.052051111111111,0.4934261294261294,0.4827434601011211,-0.0436423908086097,8,6,3.5539353400222966,,,4,0.6242586666666666,watts_strogatz,0.6856290282683258,0.4162079897436356,0.0782662257554873,0.7833333333333333,0.7333333333333333,0.6333333333333333,0.2333333333333333,0.1,0.9037837190819098,0.4819250407564457,0.1064594093549612,1.0750114964567237,0.7586206896543877,0.863636363635186,affinity_periodic
watts_strogatz_10.pkl,baseline,0.0909442161689862,0.1347357623981864,-61.3000000000001,-61.3000000000001,476.0,476.0,3,8.768383502960205,476,300,1500,0.0334448160535117,10.0,0.9916035457647598,14,1.4,0.052051111111111,0.4934261294261294,0.4827434601011211,-0.0436423908086097,8,6,3.5539353400222966,,,4,0.6242586666666666,watts_strogatz,0.6856290282683258,0.4162079897436356,0.0782662257554873,0.7833333333333333,0.7333333333333333,0.6333333333333333,0.2333333333333333,0.1,0.9037837190819098,0.4819250407564457,0.1064594093549612,1.0750114964567237,0.7586206896543877,0.863636363635186,affinity_periodic
watts_strogatz_10.pkl,periodic,0.04351774701611065,0.06917005463694872,-54.800000000000004,-54.800000000000004,379.0,379.0,3,25.38995099067688,379,300,1500,0.0334448160535117,10.0,0.9916035457647598,14,1.4,0.052051111111111,0.4934261294261294,0.4827434601011211,-0.0436423908086097,8,6,3.5539353400222966,,,4,0.6242586666666666,watts_strogatz,0.6856290282683258,0.4162079897436356,0.0782662257554873,0.7833333333333333,0.7333333333333333,0.6333333333333333,0.2333333333333333,0.1,0.9037837190819098,0.4819250407564457,0.1064594093549612,1.0750114964567237,0.7586206896543877,0.863636363635186,affinity_periodic
watts_strogatz_10.pkl,reactive,0.09275985862708673,0.13325690603571402,-69.50000000000001,-69.50000000000001,435.0,435.0,18,21.622434854507446,333,300,1500,0.0334448160535117,10.0,0.9916035457647598,14,1.4,0.052051111111111,0.4934261294261294,0.4827434601011211,-0.0436423908086097,8,6,3.5539353400222966,,,4,0.6242586666666666,watts_strogatz,0.6856290282683258,0.4162079897436356,0.0782662257554873,0.7833333333333333,0.7333333333333333,0.6333333333333333,0.2333333333333333,0.1,0.9037837190819098,0.4819250407564457,0.1064594093549612,1.0750114964567237,0.7586206896543877,0.863636363635186,affinity_periodic
watts_strogatz_11.pkl,affinity,0.09763518086807975,0.14813408124217942,-63.70000000000007,-6.332830779608862,410.0,40.288382365920185,3,6.5569915771484375,410,300,1500,0.0334448160535117,10.0,0.9360844943711046,13,1.3,0.0486377777777777,0.4910939245939246,0.4839703616755924,-0.042303057371449,8,7,3.5538684503901896,,,5,0.6091428888888889,watts_strogatz,0.7187536313902346,0.3883677432724708,0.0567583370290954,0.55,0.7833333333333333,0.5833333333333334,0.2,0.1333333333333333,0.9022651968524888,0.477137513163987,0.1083215926852267,1.095831856457513,0.7966101694907153,0.8139534883709574,reactive
watts_strogatz_11.pkl,affinity_periodic,0.04768261086114732,0.07797397658486467,-51.10000000000003,-5.091362878941205,337.0,32.823897626137814,27,29.085304737091064,321,300,1500,0.0334448160535117,10.0,0.9360844943711046,13,1.3,0.0486377777777777,0.4910939245939246,0.4839703616755924,-0.042303057371449,8,7,3.5538684503901896,,,5,0.6091428888888889,watts_strogatz,0.7187536313902346,0.3883677432724708,0.0567583370290954,0.55,0.7833333333333333,0.5833333333333334,0.2,0.1333333333333333,0.9022651968524888,0.477137513163987,0.1083215926852267,1.095831856457513,0.7966101694907153,0.8139534883709574,reactive
watts_strogatz_11.pkl,affinity_reactive,0.09878971031614873,0.1472083712150077,-65.80000000000005,-6.540529242676101,401.0,39.40191869361011,38,21.196624994277958,379,300,1500,0.0334448160535117,10.0,0.9360844943711046,13,1.3,0.0486377777777777,0.4910939245939246,0.4839703616755924,-0.042303057371449,8,7,3.5538684503901896,,,5,0.6091428888888889,watts_strogatz,0.7187536313902346,0.3883677432724708,0.0567583370290954,0.55,0.7833333333333333,0.5833333333333334,0.2,0.1333333333333333,0.9022651968524888,0.477137513163987,0.1083215926852267,1.095831856457513,0.7966101694907153,0.8139534883709574,reactive
watts_strogatz_11.pkl,baseline,0.09812394269733685,0.1303724825702224,-90.60000000000014,-90.60000000000014,324.0,324.0,4,5.490451335906982,324,300,1500,0.0334448160535117,10.0,0.9360844943711046,13,1.3,0.0486377777777777,0.4910939245939246,0.4839703616755924,-0.042303057371449,8,7,3.5538684503901896,,,5,0.6091428888888889,watts_strogatz,0.7187536313902346,0.3883677432724708,0.0567583370290954,0.55,0.7833333333333333,0.5833333333333334,0.2,0.1333333333333333,0.9022651968524888,0.477137513163987,0.1083215926852267,1.095831856457513,0.7966101694907153,0.8139534883709574,reactive
watts_strogatz_11.pkl,periodic,0.043345024956931655,0.0682662038402684,-69.90000000000008,-69.90000000000008,286.0,286.0,4,24.53163766860962,286,300,1500,0.0334448160535117,10.0,0.9360844943711046,13,1.3,0.0486377777777777,0.4910939245939246,0.4839703616755924,-0.042303057371449,8,7,3.5538684503901896,,,5,0.6091428888888889,watts_strogatz,0.7187536313902346,0.3883677432724708,0.0567583370290954,0.55,0.7833333333333333,0.5833333333333334,0.2,0.1333333333333333,0.9022651968524888,0.477137513163987,0.1083215926852267,1.095831856457513,0.7966101694907153,0.8139534883709574,reactive
watts_strogatz_11.pkl,reactive,0.09812803770143186,0.13036871867114375,-91.40000000000003,-91.40000000000003,320.0,320.0,9,22.59006094932556,281,300,1500,0.0334448160535117,10.0,0.9360844943711046,13,1.3,0.0486377777777777,0.4910939245939246,0.4839703616755924,-0.042303057371449,8,7,3.5538684503901896,,,5,0.6091428888888889,watts_strogatz,0.7187536313902346,0.3883677432724708,0.0567583370290954,0.55,0.7833333333333333,0.5833333333333334,0.2,0.1333333333333333,0.9022651968524888,0.477137513163987,0.1083215926852267,1.095831856457513,0.7966101694907153,0.8139534883709574,reactive
watts_strogatz_12.pkl,affinity,0.10866368562281799,0.14890152635692716,-94.50000000000006,-9.318284268327345,338.0,33.372637716998746,3,12.37283992767334,338,300,1500,0.0334448160535117,10.0,0.928911327404614,14,1.4,0.0486755555555555,0.4968337958337958,0.4893242350869469,0.0157199080235582,8,6,3.5385953177257523,,,4,0.6363055555555555,watts_strogatz,0.7319129011126574,0.4154104976142337,0.0790489959741118,0.8166666666666667,0.7833333333333333,0.6333333333333333,0.1833333333333333,0.0833333333333333,0.903211665203788,0.4700697736167625,0.1071601912652159,1.127343760705784,0.8103448275853687,0.8837209302313251,reactive
watts_strogatz_12.pkl,affinity_periodic,0.05066881215536854,0.0822253853457756,-57.90000000000005,-5.79227238759868,316.0,31.14238327431405,36,28.72794842720032,315,300,1500,0.0334448160535117,10.0,0.928911327404614,14,1.4,0.0486755555555555,0.4968337958337958,0.4893242350869469,0.0157199080235582,8,6,3.5385953177257523,,,4,0.6363055555555555,watts_strogatz,0.7319129011126574,0.4154104976142337,0.0790489959741118,0.8166666666666667,0.7833333333333333,0.6333333333333333,0.1833333333333333,0.0833333333333333,0.903211665203788,0.4700697736167625,0.1071601912652159,1.127343760705784,0.8103448275853687,0.8837209302313251,reactive
watts_strogatz_12.pkl,affinity_reactive,0.10866368562281799,0.14890152635692716,-94.50000000000006,-9.318284268327345,338.0,33.372637716998746,10,26.688772439956665,326,300,1500,0.0334448160535117,10.0,0.928911327404614,14,1.4,0.0486755555555555,0.4968337958337958,0.4893242350869469,0.0157199080235582,8,6,3.5385953177257523,,,4,0.6363055555555555,watts_strogatz,0.7319129011126574,0.4154104976142337,0.0790489959741118,0.8166666666666667,0.7833333333333333,0.6333333333333333,0.1833333333333333,0.0833333333333333,0.903211665203788,0.4700697736167625,0.1071601912652159,1.127343760705784,0.8103448275853687,0.8837209302313251,reactive
watts_strogatz_12.pkl,baseline,0.09188282924505828,0.1138057118981635,-87.40000000000008,-87.40000000000008,424.0,424.0,4,8.89243221282959,424,300,1500,0.0334448160535117,10.0,0.928911327404614,14,1.4,0.0486755555555555,0.4968337958337958,0.4893242350869469,0.0157199080235582,8,6,3.5385953177257523,,,4,0.6363055555555555,watts_strogatz,0.7319129011126574,0.4154104976142337,0.0790489959741118,0.8166666666666667,0.7833333333333333,0.6333333333333333,0.1833333333333333,0.0833333333333333,0.903211665203788,0.4700697736167625,0.1071601912652159,1.127343760705784,0.8103448275853687,0.8837209302313251,reactive
watts_strogatz_12.pkl,periodic,0.044380594222931724,0.0622545584568079,-59.90000000000004,-59.90000000000004,355.0,355.0,5,24.754741191864014,353,300,1500,0.0334448160535117,10.0,0.928911327404614,14,1.4,0.0486755555555555,0.4968337958337958,0.4893242350869469,0.0157199080235582,8,6,3.5385953177257523,,,4,0.6363055555555555,watts_strogatz,0.7319129011126574,0.4154104976142337,0.0790489959741118,0.8166666666666667,0.7833333333333333,0.6333333333333333,0.1833333333333333,0.0833333333333333,0.903211665203788,0.4700697736167625,0.1071601912652159,1.127343760705784,0.8103448275853687,0.8837209302313251,reactive
watts_strogatz_12.pkl,reactive,0.09246943371610213,0.11323058662916813,-90.60000000000014,-90.60000000000014,408.0,408.0,9,25.772823810577396,305,300,1500,0.0334448160535117,10.0,0.928911327404614,14,1.4,0.0486755555555555,0.4968337958337958,0.4893242350869469,0.0157199080235582,8,6,3.5385953177257523,,,4,0.6363055555555555,watts_strogatz,0.7319129011126574,0.4154104976142337,0.0790489959741118,0.8166666666666667,0.7833333333333333,0.6333333333333333,0.1833333333333333,0.0833333333333333,0.903211665203788,0.4700697736167625,0.1071601912652159,1.127343760705784,0.8103448275853687,0.8837209302313251,reactive
watts_strogatz_13.pkl,affinity,0.10007426450146291,0.15105139254396238,-66.30000000000007,-6.621280222450066,395.0,38.73639758053435,3,6.585786819458008,395,300,1500,0.0334448160535117,10.0,0.9396505434536336,14,1.4,0.0484533333333332,0.491996928996929,0.484375,-0.004943274874789,8,6,3.5617614269788183,,,4,0.6309662222222222,watts_strogatz,0.6477923452467238,0.3957965714604717,0.0547216690100476,0.5666666666666667,0.7,0.5666666666666667,0.2833333333333333,0.15,0.9099940087998946,0.5005662521418833,0.098908333823874,0.9977375536626356,0.7118644067789371,0.7906976744175014,periodic
watts_strogatz_13.pkl,affinity_periodic,0.051513307583195556,0.07812513388859356,-73.30000000000007,-7.2774091232458895,279.0,27.208713736646374,5,31.574138641357425,278,300,1500,0.0334448160535117,10.0,0.9396505434536336,14,1.4,0.0484533333333332,0.491996928996929,0.484375,-0.004943274874789,8,6,3.5617614269788183,,,4,0.6309662222222222,watts_strogatz,0.6477923452467238,0.3957965714604717,0.0547216690100476,0.5666666666666667,0.7,0.5666666666666667,0.2833333333333333,0.15,0.9099940087998946,0.5005662521418833,0.098908333823874,0.9977375536626356,0.7118644067789371,0.7906976744175014,periodic
watts_strogatz_13.pkl,affinity_reactive,0.09984086034928986,0.15122215478930642,-67.80000000000004,-6.783451188435631,388.0,37.99156115044052,10,27.76968669891357,371,300,1500,0.0334448160535117,10.0,0.9396505434536336,14,1.4,0.0484533333333332,0.491996928996929,0.484375,-0.004943274874789,8,6,3.5617614269788183,,,4,0.6309662222222222,watts_strogatz,0.6477923452467238,0.3957965714604717,0.0547216690100476,0.5666666666666667,0.7,0.5666666666666667,0.2833333333333333,0.15,0.9099940087998946,0.5005662521418833,0.098908333823874,0.9977375536626356,0.7118644067789371,0.7906976744175014,periodic
watts_strogatz_13.pkl,baseline,0.09070849376407483,0.11789558884675021,-81.20000000000009,-81.20000000000009,391.0,391.0,5,8.821704864501953,387,300,1500,0.0334448160535117,10.0,0.9396505434536336,14,1.4,0.0484533333333332,0.491996928996929,0.484375,-0.004943274874789,8,6,3.5617614269788183,,,4,0.6309662222222222,watts_strogatz,0.6477923452467238,0.3957965714604717,0.0547216690100476,0.5666666666666667,0.7,0.5666666666666667,0.2833333333333333,0.15,0.9099940087998946,0.5005662521418833,0.098908333823874,0.9977375536626356,0.7118644067789371,0.7906976744175014,periodic
watts_strogatz_13.pkl,periodic,0.04200036942930694,0.06685806795557572,-54.30000000000004,-54.30000000000004,313.0,313.0,41,21.41947317123413,276,300,1500,0.0334448160535117,10.0,0.9396505434536336,14,1.4,0.0484533333333332,0.491996928996929,0.484375,-0.004943274874789,8,6,3.5617614269788183,,,4,0.6309662222222222,watts_strogatz,0.6477923452467238,0.3957965714604717,0.0547216690100476,0.5666666666666667,0.7,0.5666666666666667,0.2833333333333333,0.15,0.9099940087998946,0.5005662521418833,0.098908333823874,0.9977375536626356,0.7118644067789371,0.7906976744175014,periodic
watts_strogatz_13.pkl,reactive,0.09078431055653331,0.11782406699574918,-82.00000000000004,-82.00000000000004,387.0,387.0,24,20.784908533096317,317,300,1500,0.0334448160535117,10.0,0.9396505434536336,14,1.4,0.0484533333333332,0.491996928996929,0.484375,-0.004943274874789,8,6,3.5617614269788183,,,4,0.6309662222222222,watts_strogatz,0.6477923452467238,0.3957965714604717,0.0547216690100476,0.5666666666666667,0.7,0.5666666666666667,0.2833333333333333,0.15,0.9099940087998946,0.5005662521418833,0.098908333823874,0.9977375536626356,0.7118644067789371,0.7906976744175014,periodic
watts_strogatz_14.pkl,affinity,0.10278841248311474,0.14453178946750317,-88.50000000000006,-8.845454650292757,310.0,30.27417849375061,3,9.977232217788696,310,300,1500,0.0334448160535117,10.0,0.9607689228305228,15,1.5,0.0493866666666666,0.4987632737632738,0.4905411350637923,-0.0121180247400541,8,6,3.570144927536232,,,4,0.5938437777777777,watts_strogatz,0.7940560772510025,0.4978513763038069,0.0925368702601197,0.9333333333333332,0.85,0.7333333333333333,0.1333333333333333,0.05,0.9186138932913096,0.5317957883251999,0.0885966425100446,0.8804210600263109,0.8644067796601379,0.9361702127647624,affinity_periodic
watts_strogatz_14.pkl,affinity_periodic,0.04954304522426711,0.07716170809246442,-60.800000000000054,-6.022130567108224,268.0,26.25730438646868,6,30.98412275314331,250,300,1500,0.0334448160535117,10.0,0.9607689228305228,15,1.5,0.0493866666666666,0.4987632737632738,0.4905411350637923,-0.0121180247400541,8,6,3.570144927536232,,,4,0.5938437777777777,watts_strogatz,0.7940560772510025,0.4978513763038069,0.0925368702601197,0.9333333333333332,0.85,0.7333333333333333,0.1333333333333333,0.05,0.9186138932913096,0.5317957883251999,0.0885966425100446,0.8804210600263109,0.8644067796601379,0.9361702127647624,affinity_periodic
watts_strogatz_14.pkl,affinity_reactive,0.10237659675011015,0.14488826386834053,-88.50000000000006,-8.845454650292757,310.0,30.27417849375061,10,28.70764541625977,300,300,1500,0.0334448160535117,10.0,0.9607689228305228,15,1.5,0.0493866666666666,0.4987632737632738,0.4905411350637923,-0.0121180247400541,8,6,3.570144927536232,,,4,0.5938437777777777,watts_strogatz,0.7940560772510025,0.4978513763038069,0.0925368702601197,0.9333333333333332,0.85,0.7333333333333333,0.1333333333333333,0.05,0.9186138932913096,0.5317957883251999,0.0885966425100446,0.8804210600263109,0.8644067796601379,0.9361702127647624,affinity_periodic
watts_strogatz_14.pkl,baseline,0.08846808112679337,0.1363135066570301,-67.30000000000001,-67.30000000000001,350.0,350.0,4,10.61198902130127,350,300,1500,0.0334448160535117,10.0,0.9607689228305228,15,1.5,0.0493866666666666,0.4987632737632738,0.4905411350637923,-0.0121180247400541,8,6,3.570144927536232,,,4,0.5938437777777777,watts_strogatz,0.7940560772510025,0.4978513763038069,0.0925368702601197,0.9333333333333332,0.85,0.7333333333333333,0.1333333333333333,0.05,0.9186138932913096,0.5317957883251999,0.0885966425100446,0.8804210600263109,0.8644067796601379,0.9361702127647624,affinity_periodic
watts_strogatz_14.pkl,periodic,0.04022852151145316,0.07120217888605304,-37.700000000000074,-37.700000000000074,365.0,365.0,3,24.95242500305176,365,300,1500,0.0334448160535117,10.0,0.9607689228305228,15,1.5,0.0493866666666666,0.4987632737632738,0.4905411350637923,-0.0121180247400541,8,6,3.570144927536232,,,4,0.5938437777777777,watts_strogatz,0.7940560772510025,0.4978513763038069,0.0925368702601197,0.9333333333333332,0.85,0.7333333333333333,0.1333333333333333,0.05,0.9186138932913096,0.5317957883251999,0.0885966425100446,0.8804210600263109,0.8644067796601379,0.9361702127647624,affinity_periodic
watts_strogatz_14.pkl,reactive,0.08831305683619799,0.13643767251966307,-67.30000000000001,-67.30000000000001,350.0,350.0,6,23.64219331741333,349,300,1500,0.0334448160535117,10.0,0.9607689228305228,15,1.5,0.0493866666666666,0.4987632737632738,0.4905411350637923,-0.0121180247400541,8,6,3.570144927536232,,,4,0.5938437777777777,watts_strogatz,0.7940560772510025,0.4978513763038069,0.0925368702601197,0.9333333333333332,0.85,0.7333333333333333,0.1333333333333333,0.05,0.9186138932913096,0.5317957883251999,0.0885966425100446,0.8804210600263109,0.8644067796601379,0.9361702127647624,affinity_periodic
watts_strogatz_15.pkl,affinity,0.10294767251056999,0.14884333554391344,-75.10000000000008,-7.462113192045101,367.0,35.93233133067253,4,12.625983476638794,367,300,1500,0.0334448160535117,10.0,0.9070515282586696,12,1.2,0.0473799999999999,0.5045088985088985,0.497907949790795,0.0208326016753848,8,6,3.606086956521739,,,4,0.5945051111111112,watts_strogatz,0.6691463687234641,0.3970105914886192,0.0372793187679358,0.3833333333333333,0.6833333333333333,0.4833333333333333,0.25,0.15,0.9139560158183936,0.5202207750548742,0.0941445569506526,0.9222607937841728,0.7321428571420727,0.7631578947356371,affinity_periodic
watts_strogatz_15.pkl,affinity_periodic,0.04767137476343426,0.07919261429796406,-45.30000000000005,-4.553230410876539,355.0,34.65989605133335,10,25.70034456253052,322,300,1500,0.0334448160535117,10.0,0.9070515282586696,12,1.2,0.0473799999999999,0.5045088985088985,0.497907949790795,0.0208326016753848,8,6,3.606086956521739,,,4,0.5945051111111112,watts_strogatz,0.6691463687234641,0.3970105914886192,0.0372793187679358,0.3833333333333333,0.6833333333333333,0.4833333333333333,0.25,0.15,0.9139560158183936,0.5202207750548742,0.0941445569506526,0.9222607937841728,0.7321428571420727,0.7631578947356371,affinity_periodic
watts_strogatz_15.pkl,affinity_reactive,0.10273962435155211,0.14901867621849965,-74.90000000000006,-7.462285576825425,368.0,35.93146940677092,30,29.17297649383545,355,300,1500,0.0334448160535117,10.0,0.9070515282586696,12,1.2,0.0473799999999999,0.5045088985088985,0.497907949790795,0.0208326016753848,8,6,3.606086956521739,,,4,0.5945051111111112,watts_strogatz,0.6691463687234641,0.3970105914886192,0.0372793187679358,0.3833333333333333,0.6833333333333333,0.4833333333333333,0.25,0.15,0.9139560158183936,0.5202207750548742,0.0941445569506526,0.9222607937841728,0.7321428571420727,0.7631578947356371,affinity_periodic
watts_strogatz_15.pkl,baseline,0.0948140149855232,0.12467475060949008,-60.800000000000075,-60.800000000000075,469.0,469.0,3,5.491967678070068,469,300,1500,0.0334448160535117,10.0,0.9070515282586696,12,1.2,0.0473799999999999,0.5045088985088985,0.497907949790795,0.0208326016753848,8,6,3.606086956521739,,,4,0.5945051111111112,watts_strogatz,0.6691463687234641,0.3970105914886192,0.0372793187679358,0.3833333333333333,0.6833333333333333,0.4833333333333333,0.25,0.15,0.9139560158183936,0.5202207750548742,0.0941445569506526,0.9222607937841728,0.7321428571420727,0.7631578947356371,affinity_periodic
watts_strogatz_15.pkl,periodic,0.0417158941770372,0.06736100473180437,-49.100000000000016,-49.100000000000016,377.0,377.0,20,24.918573141098022,368,300,1500,0.0334448160535117,10.0,0.9070515282586696,12,1.2,0.0473799999999999,0.5045088985088985,0.497907949790795,0.0208326016753848,8,6,3.606086956521739,,,4,0.5945051111111112,watts_strogatz,0.6691463687234641,0.3970105914886192,0.0372793187679358,0.3833333333333333,0.6833333333333333,0.4833333333333333,0.25,0.15,0.9139560158183936,0.5202207750548742,0.0941445569506526,0.9222607937841728,0.7321428571420727,0.7631578947356371,affinity_periodic
watts_strogatz_15.pkl,reactive,0.09666120222313865,0.12297563111007707,-66.40000000000008,-66.40000000000008,441.0,441.0,16,21.729710578918457,336,300,1500,0.0334448160535117,10.0,0.9070515282586696,12,1.2,0.0473799999999999,0.5045088985088985,0.497907949790795,0.0208326016753848,8,6,3.606086956521739,,,4,0.5945051111111112,watts_strogatz,0.6691463687234641,0.3970105914886192,0.0372793187679358,0.3833333333333333,0.6833333333333333,0.4833333333333333,0.25,0.15,0.9139560158183936,0.5202207750548742,0.0941445569506526,0.9222607937841728,0.7321428571420727,0.7631578947356371,affinity_periodic
watts_strogatz_16.pkl,affinity,0.10690117930412628,0.16215754708479505,-81.40000000000006,-8.109410601293124,301.0,29.275035852214035,4,12.013477325439451,301,300,1500,0.0334448160535117,10.0,0.8846517369293828,13,1.3,0.0460888888888888,0.495572113072113,0.4875523243005067,-0.0052230674394774,8,6,3.573489409141583,,,4,0.5856877777777778,watts_strogatz,0.7147729105417469,0.4800455006382074,0.0740519030975245,0.7833333333333333,0.75,0.6333333333333333,0.2166666666666666,0.0666666666666666,0.921262862476982,0.530576605969303,0.0854665272312388,0.8847419745789847,0.7758620689647148,0.9047619047606122,affinity_periodic
watts_strogatz_16.pkl,affinity_periodic,0.05147043934441231,0.08408956420088878,-48.60000000000004,-4.825093803065619,320.0,31.135146217875704,19,25.53884267807007,290,300,1500,0.0334448160535117,10.0,0.8846517369293828,13,1.3,0.0460888888888888,0.495572113072113,0.4875523243005067,-0.0052230674394774,8,6,3.573489409141583,,,4,0.5856877777777778,watts_strogatz,0.7147729105417469,0.4800455006382074,0.0740519030975245,0.7833333333333333,0.75,0.6333333333333333,0.2166666666666666,0.0666666666666666,0.921262862476982,0.530576605969303,0.0854665272312388,0.8847419745789847,0.7758620689647148,0.9047619047606122,affinity_periodic
watts_strogatz_16.pkl,affinity_reactive,0.10690117930412628,0.16215754708479505,-81.40000000000006,-8.109410601293124,301.0,29.275035852214035,4,26.59179925918579,301,300,1500,0.0334448160535117,10.0,0.8846517369293828,13,1.3,0.0460888888888888,0.495572113072113,0.4875523243005067,-0.0052230674394774,8,6,3.573489409141583,,,4,0.5856877777777778,watts_strogatz,0.7147729105417469,0.4800455006382074,0.0740519030975245,0.7833333333333333,0.75,0.6333333333333333,0.2166666666666666,0.0666666666666666,0.921262862476982,0.530576605969303,0.0854665272312388,0.8847419745789847,0.7758620689647148,0.9047619047606122,affinity_periodic
watts_strogatz_16.pkl,baseline,0.08708708830981422,0.13307369836712618,-77.20000000000009,-77.20000000000009,339.0,339.0,3,8.547849178314209,339,300,1500,0.0334448160535117,10.0,0.8846517369293828,13,1.3,0.0460888888888888,0.495572113072113,0.4875523243005067,-0.0052230674394774,8,6,3.573489409141583,,,4,0.5856877777777778,watts_strogatz,0.7147729105417469,0.4800455006382074,0.0740519030975245,0.7833333333333333,0.75,0.6333333333333333,0.2166666666666666,0.0666666666666666,0.921262862476982,0.530576605969303,0.0854665272312388,0.8847419745789847,0.7758620689647148,0.9047619047606122,affinity_periodic
watts_strogatz_16.pkl,periodic,0.04197258933069034,0.0686454455291991,-47.800000000000026,-47.800000000000026,337.0,337.0,5,24.91938424110413,324,300,1500,0.0334448160535117,10.0,0.8846517369293828,13,1.3,0.0460888888888888,0.495572113072113,0.4875523243005067,-0.0052230674394774,8,6,3.573489409141583,,,4,0.5856877777777778,watts_strogatz,0.7147729105417469,0.4800455006382074,0.0740519030975245,0.7833333333333333,0.75,0.6333333333333333,0.2166666666666666,0.0666666666666666,0.921262862476982,0.530576605969303,0.0854665272312388,0.8847419745789847,0.7758620689647148,0.9047619047606122,affinity_periodic
watts_strogatz_16.pkl,reactive,0.08717640830741598,0.1329964826636831,-78.60000000000008,-78.60000000000008,334.0,334.0,21,21.246833086013797,321,300,1500,0.0334448160535117,10.0,0.8846517369293828,13,1.3,0.0460888888888888,0.495572113072113,0.4875523243005067,-0.0052230674394774,8,6,3.573489409141583,,,4,0.5856877777777778,watts_strogatz,0.7147729105417469,0.4800455006382074,0.0740519030975245,0.7833333333333333,0.75,0.6333333333333333,0.2166666666666666,0.0666666666666666,0.921262862476982,0.530576605969303,0.0854665272312388,0.8847419745789847,0.7758620689647148,0.9047619047606122,affinity_periodic
watts_strogatz_17.pkl,affinity,0.11036267828018824,0.1649810655885963,-64.90000000000008,-6.4378689959393745,414.0,40.9366163211818,4,6.414834260940552,414,300,1500,0.0334448160535117,10.0,0.9711559157565948,12,1.2,0.0514599999999998,0.4787931697931697,0.4695403562788652,-0.0223283367125068,8,6,3.4604682274247494,,,4,0.5994633333333332,watts_strogatz,0.523565974421685,0.2864616242605597,0.0355674341279142,0.3666666666666666,0.5833333333333334,0.5,0.4,0.25,0.8825826425974521,0.4296924363914124,0.1330383714062028,1.3272459911048722,0.5932203389824476,0.6666666666657778,affinity_periodic
watts_strogatz_17.pkl,affinity_periodic,0.05549452521300059,0.09082377627094892,-57.90000000000007,-5.816218213054288,273.0,26.666423115007817,4,28.018860340118408,273,300,1500,0.0334448160535117,10.0,0.9711559157565948,12,1.2,0.0514599999999998,0.4787931697931697,0.4695403562788652,-0.0223283367125068,8,6,3.4604682274247494,,,4,0.5994633333333332,watts_strogatz,0.523565974421685,0.2864616242605597,0.0355674341279142,0.3666666666666666,0.5833333333333334,0.5,0.4,0.25,0.8825826425974521,0.4296924363914124,0.1330383714062028,1.3272459911048722,0.5932203389824476,0.6666666666657778,affinity_periodic
watts_strogatz_17.pkl,affinity_reactive,0.11131058270635352,0.16424727213004603,-69.50000000000003,-6.88401700080181,391.0,38.70587629686964,22,23.201354026794437,296,300,1500,0.0334448160535117,10.0,0.9711559157565948,12,1.2,0.0514599999999998,0.4787931697931697,0.4695403562788652,-0.0223283367125068,8,6,3.4604682274247494,,,4,0.5994633333333332,watts_strogatz,0.523565974421685,0.2864616242605597,0.0355674341279142,0.3666666666666666,0.5833333333333334,0.5,0.4,0.25,0.8825826425974521,0.4296924363914124,0.1330383714062028,1.3272459911048722,0.5932203389824476,0.6666666666657778,affinity_periodic
watts_strogatz_17.pkl,baseline,0.09379935472969243,0.1246310657104687,-88.1000000000001,-88.1000000000001,378.0,378.0,6,8.721363067626953,353,300,1500,0.0334448160535117,10.0,0.9711559157565948,12,1.2,0.0514599999999998,0.4787931697931697,0.4695403562788652,-0.0223283367125068,8,6,3.4604682274247494,,,4,0.5994633333333332,watts_strogatz,0.523565974421685,0.2864616242605597,0.0355674341279142,0.3666666666666666,0.5833333333333334,0.5,0.4,0.25,0.8825826425974521,0.4296924363914124,0.1330383714062028,1.3272459911048722,0.5932203389824476,0.6666666666657778,affinity_periodic
watts_strogatz_17.pkl,periodic,0.04145624141982974,0.06766873052400062,-59.900000000000084,-59.900000000000084,329.0,329.0,6,22.6844265460968,318,300,1500,0.0334448160535117,10.0,0.9711559157565948,12,1.2,0.0514599999999998,0.4787931697931697,0.4695403562788652,-0.0223283367125068,8,6,3.4604682274247494,,,4,0.5994633333333332,watts_strogatz,0.523565974421685,0.2864616242605597,0.0355674341279142,0.3666666666666666,0.5833333333333334,0.5,0.4,0.25,0.8825826425974521,0.4296924363914124,0.1330383714062028,1.3272459911048722,0.5932203389824476,0.6666666666657778,affinity_periodic
watts_strogatz_17.pkl,reactive,0.09379935472969243,0.1246310657104687,-88.1000000000001,-88.1000000000001,378.0,378.0,42,21.82530212402344,299,300,1500,0.0334448160535117,10.0,0.9711559157565948,12,1.2,0.0514599999999998,0.4787931697931697,0.4695403562788652,-0.0223283367125068,8,6,3.4604682274247494,,,4,0.5994633333333332,watts_strogatz,0.523565974421685,0.2864616242605597,0.0355674341279142,0.3666666666666666,0.5833333333333334,0.5,0.4,0.25,0.8825826425974521,0.4296924363914124,0.1330383714062028,1.3272459911048722,0.5932203389824476,0.6666666666657778,affinity_periodic
watts_strogatz_18.pkl,affinity,0.11325185692626802,0.1571007970634548,-79.80000000000013,-7.946005089612889,337.0,32.9313952849864,4,6.463840007781982,337,300,1500,0.0334448160535117,10.0,0.9677059726478532,13,1.3,0.0507622222222221,0.5110401635401636,0.5012463343108504,-0.0414189928194089,8,6,3.59453734671126,,,4,0.6246166666666666,watts_strogatz,0.7328100922009557,0.4179451360089732,0.06333346877418,0.6333333333333333,0.7666666666666667,0.55,0.1833333333333333,0.1,0.9080472881630096,0.4939351607386373,0.1012642326403638,1.0245572283305089,0.8070175438587998,0.8461538461525444,affinity_periodic
watts_strogatz_18.pkl,affinity_periodic,0.05434426418558347,0.0840225841970219,-59.10000000000008,-5.877050944147678,310.0,30.34012248892569,3,31.92548441886902,310,300,1500,0.0334448160535117,10.0,0.9677059726478532,13,1.3,0.0507622222222221,0.5110401635401636,0.5012463343108504,-0.0414189928194089,8,6,3.59453734671126,,,4,0.6246166666666666,watts_strogatz,0.7328100922009557,0.4179451360089732,0.06333346877418,0.6333333333333333,0.7666666666666667,0.55,0.1833333333333333,0.1,0.9080472881630096,0.4939351607386373,0.1012642326403638,1.0245572283305089,0.8070175438587998,0.8461538461525444,affinity_periodic
watts_strogatz_18.pkl,affinity_reactive,0.11325185692626802,0.1571007970634548,-79.80000000000013,-7.946005089612889,337.0,32.9313952849864,19,20.76935386657715,317,300,1500,0.0334448160535117,10.0,0.9677059726478532,13,1.3,0.0507622222222221,0.5110401635401636,0.5012463343108504,-0.0414189928194089,8,6,3.59453734671126,,,4,0.6246166666666666,watts_strogatz,0.7328100922009557,0.4179451360089732,0.06333346877418,0.6333333333333333,0.7666666666666667,0.55,0.1833333333333333,0.1,0.9080472881630096,0.4939351607386373,0.1012642326403638,1.0245572283305089,0.8070175438587998,0.8461538461525444,affinity_periodic
watts_strogatz_18.pkl,baseline,0.0954807421744189,0.13601669014230405,-83.30000000000014,-83.30000000000014,347.0,347.0,3,5.217790126800537,347,300,1500,0.0334448160535117,10.0,0.9677059726478532,13,1.3,0.0507622222222221,0.5110401635401636,0.5012463343108504,-0.0414189928194089,8,6,3.59453734671126,,,4,0.6246166666666666,watts_strogatz,0.7328100922009557,0.4179451360089732,0.06333346877418,0.6333333333333333,0.7666666666666667,0.55,0.1833333333333333,0.1,0.9080472881630096,0.4939351607386373,0.1012642326403638,1.0245572283305089,0.8070175438587998,0.8461538461525444,affinity_periodic
watts_strogatz_18.pkl,periodic,0.041605273433441926,0.07187269714593313,-48.30000000000003,-48.30000000000003,320.0,320.0,35,24.74977445602417,318,300,1500,0.0334448160535117,10.0,0.9677059726478532,13,1.3,0.0507622222222221,0.5110401635401636,0.5012463343108504,-0.0414189928194089,8,6,3.59453734671126,,,4,0.6246166666666666,watts_strogatz,0.7328100922009557,0.4179451360089732,0.06333346877418,0.6333333333333333,0.7666666666666667,0.55,0.1833333333333333,0.1,0.9080472881630096,0.4939351607386373,0.1012642326403638,1.0245572283305089,0.8070175438587998,0.8461538461525444,affinity_periodic
watts_strogatz_18.pkl,reactive,0.09565023369984262,0.13586841315241074,-83.70000000000002,-83.70000000000002,345.0,345.0,7,20.757630109786987,315,300,1500,0.0334448160535117,10.0,0.9677059726478532,13,1.3,0.0507622222222221,0.5110401635401636,0.5012463343108504,-0.0414189928194089,8,6,3.59453734671126,,,4,0.6246166666666666,watts_strogatz,0.7328100922009557,0.4179451360089732,0.06333346877418,0.6333333333333333,0.7666666666666667,0.55,0.1833333333333333,0.1,0.9080472881630096,0.4939351607386373,0.1012642326403638,1.0245572283305089,0.8070175438587998,0.8461538461525444,affinity_periodic
watts_strogatz_19.pkl,affinity,0.11345984583428514,0.16122905631424045,-92.30000000000008,-9.223551911705284,313.0,30.77554202942381,5,6.368032217025757,312,300,1500,0.0334448160535117,10.0,0.8921808236414738,13,1.3,0.0471088888888888,0.5056768601768602,0.4978339085101696,-0.0063026621844217,8,6,3.617324414715719,,,4,0.6198108888888889,watts_strogatz,0.7647259551480103,0.4458425253380687,0.0815788651610025,0.8,0.7833333333333333,0.65,0.15,0.0833333333333333,0.911162840177329,0.5030018234590198,0.0974986642402819,0.988064363511142,0.839285714284815,0.8863636363624278,affinity_periodic
watts_strogatz_19.pkl,affinity_periodic,0.05444453206162606,0.08387776530133897,-75.60000000000008,-7.544220871707165,292.0,28.678397360126937,41,25.70712113380432,290,300,1500,0.0334448160535117,10.0,0.8921808236414738,13,1.3,0.0471088888888888,0.5056768601768602,0.4978339085101696,-0.0063026621844217,8,6,3.617324414715719,,,4,0.6198108888888889,watts_strogatz,0.7647259551480103,0.4458425253380687,0.0815788651610025,0.8,0.7833333333333333,0.65,0.15,0.0833333333333333,0.911162840177329,0.5030018234590198,0.0974986642402819,0.988064363511142,0.839285714284815,0.8863636363624278,affinity_periodic
watts_strogatz_19.pkl,affinity_reactive,0.11229113981664766,0.1621957309354479,-92.30000000000008,-9.223551911705284,313.0,30.77554202942381,9,23.937344312667847,303,300,1500,0.0334448160535117,10.0,0.8921808236414738,13,1.3,0.0471088888888888,0.5056768601768602,0.4978339085101696,-0.0063026621844217,8,6,3.617324414715719,,,4,0.6198108888888889,watts_strogatz,0.7647259551480103,0.4458425253380687,0.0815788651610025,0.8,0.7833333333333333,0.65,0.15,0.0833333333333333,0.911162840177329,0.5030018234590198,0.0974986642402819,0.988064363511142,0.839285714284815,0.8863636363624278,affinity_periodic
watts_strogatz_19.pkl,baseline,0.09858067674530321,0.13494527792867073,-89.20000000000009,-89.20000000000009,342.0,342.0,3,10.81955099105835,342,300,1500,0.0334448160535117,10.0,0.8921808236414738,13,1.3,0.0471088888888888,0.5056768601768602,0.4978339085101696,-0.0063026621844217,8,6,3.617324414715719,,,4,0.6198108888888889,watts_strogatz,0.7647259551480103,0.4458425253380687,0.0815788651610025,0.8,0.7833333333333333,0.65,0.15,0.0833333333333333,0.911162840177329,0.5030018234590198,0.0974986642402819,0.988064363511142,0.839285714284815,0.8863636363624278,affinity_periodic
watts_strogatz_19.pkl,periodic,0.04429867720822026,0.07218568496940102,-51.90000000000004,-51.90000000000004,330.0,330.0,10,24.419714212417603,327,300,1500,0.0334448160535117,10.0,0.8921808236414738,13,1.3,0.0471088888888888,0.5056768601768602,0.4978339085101696,-0.0063026621844217,8,6,3.617324414715719,,,4,0.6198108888888889,watts_strogatz,0.7647259551480103,0.4458425253380687,0.0815788651610025,0.8,0.7833333333333333,0.65,0.15,0.0833333333333333,0.911162840177329,0.5030018234590198,0.0974986642402819,0.988064363511142,0.839285714284815,0.8863636363624278,affinity_periodic
watts_strogatz_19.pkl,reactive,0.09858067674530321,0.13494527792867073,-89.20000000000009,-89.20000000000009,342.0,342.0,21,22.92285394668579,325,300,1500,0.0334448160535117,10.0,0.8921808236414738,13,1.3,0.0471088888888888,0.5056768601768602,0.4978339085101696,-0.0063026621844217,8,6,3.617324414715719,,,4,0.6198108888888889,watts_strogatz,0.7647259551480103,0.4458425253380687,0.0815788651610025,0.8,0.7833333333333333,0.65,0.15,0.0833333333333333,0.911162840177329,0.5030018234590198,0.0974986642402819,0.988064363511142,0.839285714284815,0.8863636363624278,affinity_periodic
watts_strogatz_2.pkl,affinity,0.10829479954683423,0.14292969020585847,-94.50000000000013,-9.396836228786368,366.0,35.85214425091336,5,12.851339101791382,359,300,1500,0.0334448160535117,10.0,1.0050042013922398,13,1.3,0.0533333333333332,0.485946090946091,0.4771079041828437,-0.0416131024168717,8,6,3.479888517279821,,,5,0.6451104444444444,watts_strogatz,0.6864466796895574,0.3955914623728916,0.0523885115168847,0.5,0.7333333333333333,0.5,0.2333333333333333,0.1166666666666666,0.904861532318989,0.4878961369273574,0.1051414656087647,1.0496165562976971,0.7586206896543877,0.8108108108094961,affinity_periodic
watts_strogatz_2.pkl,affinity_periodic,0.05017463989196452,0.08157467302749086,-65.60000000000008,-6.552916417106695,302.0,29.590119803809547,3,28.507814407348636,302,300,1500,0.0334448160535117,10.0,1.0050042013922398,13,1.3,0.0533333333333332,0.485946090946091,0.4771079041828437,-0.0416131024168717,8,6,3.479888517279821,,,5,0.6451104444444444,watts_strogatz,0.6864466796895574,0.3955914623728916,0.0523885115168847,0.5,0.7333333333333333,0.5,0.2333333333333333,0.1166666666666666,0.904861532318989,0.4878961369273574,0.1051414656087647,1.0496165562976971,0.7586206896543877,0.8108108108094961,affinity_periodic
watts_strogatz_2.pkl,affinity_reactive,0.10829479954683423,0.14292969020585847,-94.50000000000013,-9.396836228786368,366.0,35.85214425091336,5,27.38068008422852,359,300,1500,0.0334448160535117,10.0,1.0050042013922398,13,1.3,0.0533333333333332,0.485946090946091,0.4771079041828437,-0.0416131024168717,8,6,3.479888517279821,,,5,0.6451104444444444,watts_strogatz,0.6864466796895574,0.3955914623728916,0.0523885115168847,0.5,0.7333333333333333,0.5,0.2333333333333333,0.1166666666666666,0.904861532318989,0.4878961369273574,0.1051414656087647,1.0496165562976971,0.7586206896543877,0.8108108108094961,affinity_periodic
watts_strogatz_2.pkl,baseline,0.08951433532138205,0.1151328118568986,-82.0000000000001,-82.0000000000001,414.0,414.0,5,9.001065731048584,391,300,1500,0.0334448160535117,10.0,1.0050042013922398,13,1.3,0.0533333333333332,0.485946090946091,0.4771079041828437,-0.0416131024168717,8,6,3.479888517279821,,,5,0.6451104444444444,watts_strogatz,0.6864466796895574,0.3955914623728916,0.0523885115168847,0.5,0.7333333333333333,0.5,0.2333333333333333,0.1166666666666666,0.904861532318989,0.4878961369273574,0.1051414656087647,1.0496165562976971,0.7586206896543877,0.8108108108094961,affinity_periodic
watts_strogatz_2.pkl,periodic,0.04338886259723846,0.06298642695569312,-55.40000000000002,-55.40000000000002,358.0,358.0,25,22.874817371368408,355,300,1500,0.0334448160535117,10.0,1.0050042013922398,13,1.3,0.0533333333333332,0.485946090946091,0.4771079041828437,-0.0416131024168717,8,6,3.479888517279821,,,5,0.6451104444444444,watts_strogatz,0.6864466796895574,0.3955914623728916,0.0523885115168847,0.5,0.7333333333333333,0.5,0.2333333333333333,0.1166666666666666,0.904861532318989,0.4878961369273574,0.1051414656087647,1.0496165562976971,0.7586206896543877,0.8108108108094961,affinity_periodic
watts_strogatz_2.pkl,reactive,0.08951433532138205,0.1151328118568986,-82.0000000000001,-82.0000000000001,414.0,414.0,24,18.741368055343628,343,300,1500,0.0334448160535117,10.0,1.0050042013922398,13,1.3,0.0533333333333332,0.485946090946091,0.4771079041828437,-0.0416131024168717,8,6,3.479888517279821,,,5,0.6451104444444444,watts_strogatz,0.6864466796895574,0.3955914623728916,0.0523885115168847,0.5,0.7333333333333333,0.5,0.2333333333333333,0.1166666666666666,0.904861532318989,0.4878961369273574,0.1051414656087647,1.0496165562976971,0.7586206896543877,0.8108108108094961,affinity_periodic
watts_strogatz_20.pkl,affinity,0.1058083394831264,0.1456176758349741,-91.2,-9.014693125907899,302.0,29.40623825396947,4,12.345276117324827,302,300,1500,0.0334448160535117,10.0,1.0788325165020785,14,1.4,0.0558933333333333,0.4886255966255967,0.4767441860465116,0.0084095047382861,7,6,3.525440356744705,,,4,0.609634,watts_strogatz,0.641931326043299,0.3494610670034691,0.0584143143411871,0.6166666666666667,0.6666666666666666,0.5333333333333333,0.2666666666666666,0.1666666666666666,0.8987038564615816,0.4586676504427084,0.1127135961530711,1.1802278818547476,0.714285714284949,0.7619047619036735,reactive
watts_strogatz_20.pkl,affinity_periodic,0.04959870201533691,0.07451918731475952,-61.40000000000004,-5.997351864726654,280.0,27.51766654504298,31,28.529106378555294,277,300,1500,0.0334448160535117,10.0,1.0788325165020785,14,1.4,0.0558933333333333,0.4886255966255967,0.4767441860465116,0.0084095047382861,7,6,3.525440356744705,,,4,0.609634,watts_strogatz,0.641931326043299,0.3494610670034691,0.0584143143411871,0.6166666666666667,0.6666666666666666,0.5333333333333333,0.2666666666666666,0.1666666666666666,0.8987038564615816,0.4586676504427084,0.1127135961530711,1.1802278818547476,0.714285714284949,0.7619047619036735,reactive
watts_strogatz_20.pkl,affinity_reactive,0.1058083394831264,0.1456176758349741,-91.2,-9.014693125907899,302.0,29.40623825396947,19,23.781996726989743,277,300,1500,0.0334448160535117,10.0,1.0788325165020785,14,1.4,0.0558933333333333,0.4886255966255967,0.4767441860465116,0.0084095047382861,7,6,3.525440356744705,,,4,0.609634,watts_strogatz,0.641931326043299,0.3494610670034691,0.0584143143411871,0.6166666666666667,0.6666666666666666,0.5333333333333333,0.2666666666666666,0.1666666666666666,0.8987038564615816,0.4586676504427084,0.1127135961530711,1.1802278818547476,0.714285714284949,0.7619047619036735,reactive
watts_strogatz_20.pkl,baseline,0.08847689244347587,0.12728927487386882,-81.50000000000006,-81.50000000000006,321.0,321.0,4,5.567058801651001,321,300,1500,0.0334448160535117,10.0,1.0788325165020785,14,1.4,0.0558933333333333,0.4886255966255967,0.4767441860465116,0.0084095047382861,7,6,3.525440356744705,,,4,0.609634,watts_strogatz,0.641931326043299,0.3494610670034691,0.0584143143411871,0.6166666666666667,0.6666666666666666,0.5333333333333333,0.2666666666666666,0.1666666666666666,0.8987038564615816,0.4586676504427084,0.1127135961530711,1.1802278818547476,0.714285714284949,0.7619047619036735,reactive
watts_strogatz_20.pkl,periodic,0.04065467001189221,0.06624477158838558,-57.10000000000006,-57.10000000000006,294.0,294.0,33,20.04641842842102,252,300,1500,0.0334448160535117,10.0,1.0788325165020785,14,1.4,0.0558933333333333,0.4886255966255967,0.4767441860465116,0.0084095047382861,7,6,3.525440356744705,,,4,0.609634,watts_strogatz,0.641931326043299,0.3494610670034691,0.0584143143411871,0.6166666666666667,0.6666666666666666,0.5333333333333333,0.2666666666666666,0.1666666666666666,0.8987038564615816,0.4586676504427084,0.1127135961530711,1.1802278818547476,0.714285714284949,0.7619047619036735,reactive
watts_strogatz_20.pkl,reactive,0.08889164563996275,0.12694215649977647,-84.50000000000004,-84.50000000000004,306.0,306.0,7,20.39539122581482,246,300,1500,0.0334448160535117,10.0,1.0788325165020785,14,1.4,0.0558933333333333,0.4886255966255967,0.4767441860465116,0.0084095047382861,7,6,3.525440356744705,,,4,0.609634,watts_strogatz,0.641931326043299,0.3494610670034691,0.0584143143411871,0.6166666666666667,0.6666666666666666,0.5333333333333333,0.2666666666666666,0.1666666666666666,0.8987038564615816,0.4586676504427084,0.1127135961530711,1.1802278818547476,0.714285714284949,0.7619047619036735,reactive
watts_strogatz_21.pkl,affinity,0.10994763508676493,0.14907461867030242,-85.90000000000012,-8.526682506769495,362.0,35.60974815006544,5,12.92790913581848,350,300,1500,0.0334448160535117,10.0,0.9502684007399256,13,1.3,0.0503244444444443,0.4724941354941355,0.4644664466446644,-0.0150277808852546,8,6,3.473288740245262,,,4,0.6126806666666667,watts_strogatz,0.6124727458179076,0.3224305926341405,0.0274192564302678,0.25,0.6666666666666666,0.4666666666666667,0.3166666666666666,0.2333333333333333,0.9033973000823324,0.4836458889519015,0.106932686104844,1.067628450573783,0.6779661016942259,0.6666666666657144,reactive
watts_strogatz_21.pkl,affinity_periodic,0.04988107745315788,0.07964141724345279,-67.2000000000001,-6.686070729750964,297.0,29.01649381581532,3,32.900238275527954,297,300,1500,0.0334448160535117,10.0,0.9502684007399256,13,1.3,0.0503244444444443,0.4724941354941355,0.4644664466446644,-0.0150277808852546,8,6,3.473288740245262,,,4,0.6126806666666667,watts_strogatz,0.6124727458179076,0.3224305926341405,0.0274192564302678,0.25,0.6666666666666666,0.4666666666666667,0.3166666666666666,0.2333333333333333,0.9033973000823324,0.4836458889519015,0.106932686104844,1.067628450573783,0.6779661016942259,0.6666666666657144,reactive
watts_strogatz_21.pkl,affinity_reactive,0.10994763508676493,0.14907461867030242,-85.90000000000012,-8.526682506769495,362.0,35.60974815006544,34,25.941589832305908,306,300,1500,0.0334448160535117,10.0,0.9502684007399256,13,1.3,0.0503244444444443,0.4724941354941355,0.4644664466446644,-0.0150277808852546,8,6,3.473288740245262,,,4,0.6126806666666667,watts_strogatz,0.6124727458179076,0.3224305926341405,0.0274192564302678,0.25,0.6666666666666666,0.4666666666666667,0.3166666666666666,0.2333333333333333,0.9033973000823324,0.4836458889519015,0.106932686104844,1.067628450573783,0.6779661016942259,0.6666666666657144,reactive
watts_strogatz_21.pkl,baseline,0.09186846671443857,0.12549665782886144,-82.6000000000001,-82.6000000000001,279.0,279.0,5,5.451330423355103,271,300,1500,0.0334448160535117,10.0,0.9502684007399256,13,1.3,0.0503244444444443,0.4724941354941355,0.4644664466446644,-0.0150277808852546,8,6,3.473288740245262,,,4,0.6126806666666667,watts_strogatz,0.6124727458179076,0.3224305926341405,0.0274192564302678,0.25,0.6666666666666666,0.4666666666666667,0.3166666666666666,0.2333333333333333,0.9033973000823324,0.4836458889519015,0.106932686104844,1.067628450573783,0.6779661016942259,0.6666666666657144,reactive
watts_strogatz_21.pkl,periodic,0.04026105335747404,0.06934941289981846,-43.60000000000006,-43.60000000000006,289.0,289.0,24,23.3002827167511,266,300,1500,0.0334448160535117,10.0,0.9502684007399256,13,1.3,0.0503244444444443,0.4724941354941355,0.4644664466446644,-0.0150277808852546,8,6,3.473288740245262,,,4,0.6126806666666667,watts_strogatz,0.6124727458179076,0.3224305926341405,0.0274192564302678,0.25,0.6666666666666666,0.4666666666666667,0.3166666666666666,0.2333333333333333,0.9033973000823324,0.4836458889519015,0.106932686104844,1.067628450573783,0.6779661016942259,0.6666666666657144,reactive
watts_strogatz_21.pkl,reactive,0.09186846671443857,0.12549665782886144,-82.6000000000001,-82.6000000000001,279.0,279.0,18,17.57842254638672,257,300,1500,0.0334448160535117,10.0,0.9502684007399256,13,1.3,0.0503244444444443,0.4724941354941355,0.4644664466446644,-0.0150277808852546,8,6,3.473288740245262,,,4,0.6126806666666667,watts_strogatz,0.6124727458179076,0.3224305926341405,0.0274192564302678,0.25,0.6666666666666666,0.4666666666666667,0.3166666666666666,0.2333333333333333,0.9033973000823324,0.4836458889519015,0.106932686104844,1.067628450573783,0.6779661016942259,0.6666666666657144,reactive
watts_strogatz_22.pkl,affinity,0.09681746969895204,0.14899580773060045,-73.40000000000008,-7.271619029908097,322.0,31.513751917671488,3,10.045584678649902,322,300,1500,0.0334448160535117,10.0,0.9983263586596564,13,1.3,0.0524799999999998,0.4934291819291819,0.4842112975309546,0.0302686053197778,8,6,3.5418729096989967,,,4,0.6319348888888889,watts_strogatz,0.6794522718640994,0.4145729042298259,0.0699102055541757,0.7166666666666667,0.7,0.5833333333333334,0.2333333333333333,0.1,0.9059363624864364,0.4856425449556496,0.103830292511271,1.0591276657841482,0.7499999999991965,0.8536585365841166,periodic
watts_strogatz_22.pkl,affinity_periodic,0.045386007143975005,0.07674321627634942,-53.40000000000007,-5.333502842380287,293.0,28.499205920067343,48,26.31880760192871,289,300,1500,0.0334448160535117,10.0,0.9983263586596564,13,1.3,0.0524799999999998,0.4934291819291819,0.4842112975309546,0.0302686053197778,8,6,3.5418729096989967,,,4,0.6319348888888889,watts_strogatz,0.6794522718640994,0.4145729042298259,0.0699102055541757,0.7166666666666667,0.7,0.5833333333333334,0.2333333333333333,0.1,0.9059363624864364,0.4856425449556496,0.103830292511271,1.0591276657841482,0.7499999999991965,0.8536585365841166,periodic
watts_strogatz_22.pkl,affinity_reactive,0.09681746969895204,0.14899580773060045,-73.40000000000008,-7.271619029908097,322.0,31.513751917671488,44,26.31794500350952,307,300,1500,0.0334448160535117,10.0,0.9983263586596564,13,1.3,0.0524799999999998,0.4934291819291819,0.4842112975309546,0.0302686053197778,8,6,3.5418729096989967,,,4,0.6319348888888889,watts_strogatz,0.6794522718640994,0.4145729042298259,0.0699102055541757,0.7166666666666667,0.7,0.5833333333333334,0.2333333333333333,0.1,0.9059363624864364,0.4856425449556496,0.103830292511271,1.0591276657841482,0.7499999999991965,0.8536585365841166,periodic
watts_strogatz_22.pkl,baseline,0.08849849466130173,0.1326850248327349,-79.80000000000007,-79.80000000000007,299.0,299.0,2,5.187220096588135,299,300,1500,0.0334448160535117,10.0,0.9983263586596564,13,1.3,0.0524799999999998,0.4934291819291819,0.4842112975309546,0.0302686053197778,8,6,3.5418729096989967,,,4,0.6319348888888889,watts_strogatz,0.6794522718640994,0.4145729042298259,0.0699102055541757,0.7166666666666667,0.7,0.5833333333333334,0.2333333333333333,0.1,0.9059363624864364,0.4856425449556496,0.103830292511271,1.0591276657841482,0.7499999999991965,0.8536585365841166,periodic
watts_strogatz_22.pkl,periodic,0.04186915235405682,0.07020558901559125,-55.30000000000007,-55.30000000000007,266.0,266.0,18,23.311654090881348,258,300,1500,0.0334448160535117,10.0,0.9983263586596564,13,1.3,0.0524799999999998,0.4934291819291819,0.4842112975309546,0.0302686053197778,8,6,3.5418729096989967,,,4,0.6319348888888889,watts_strogatz,0.6794522718640994,0.4145729042298259,0.0699102055541757,0.7166666666666667,0.7,0.5833333333333334,0.2333333333333333,0.1,0.9059363624864364,0.4856425449556496,0.103830292511271,1.0591276657841482,0.7499999999991965,0.8536585365841166,periodic
watts_strogatz_22.pkl,reactive,0.08929348060800174,0.13202767112936295,-80.90000000000009,-80.90000000000009,295.0,295.0,23,21.44944405555725,259,300,1500,0.0334448160535117,10.0,0.9983263586596564,13,1.3,0.0524799999999998,0.4934291819291819,0.4842112975309546,0.0302686053197778,8,6,3.5418729096989967,,,4,0.6319348888888889,watts_strogatz,0.6794522718640994,0.4145729042298259,0.0699102055541757,0.7166666666666667,0.7,0.5833333333333334,0.2333333333333333,0.1,0.9059363624864364,0.4856425449556496,0.103830292511271,1.0591276657841482,0.7499999999991965,0.8536585365841166,periodic
watts_strogatz_23.pkl,affinity,0.11645170594837884,0.14381572247767674,-94.50000000000003,-9.42956519485859,336.0,32.85945800926362,4,10.089744091033936,336,300,1500,0.0334448160535117,10.0,0.9711559157565948,13,1.3,0.0514933333333331,0.479536408036408,0.4721794589839455,-0.0030261512392656,7,6,3.4984615384615383,,,4,0.6057353333333334,watts_strogatz,0.6734897947723164,0.3927226762987565,0.0514224210824049,0.5166666666666667,0.7166666666666667,0.55,0.25,0.1333333333333333,0.9084280952752268,0.4879281735840176,0.1008025898814034,1.0494819814453848,0.7413793103440607,0.80487804877931,affinity_periodic
watts_strogatz_23.pkl,affinity_periodic,0.04827295239664552,0.08039340611485912,-54.60000000000002,-5.4310056932167905,306.0,30.1068342887935,17,27.67918562889099,288,300,1500,0.0334448160535117,10.0,0.9711559157565948,13,1.3,0.0514933333333331,0.479536408036408,0.4721794589839455,-0.0030261512392656,7,6,3.4984615384615383,,,4,0.6057353333333334,watts_strogatz,0.6734897947723164,0.3927226762987565,0.0514224210824049,0.5166666666666667,0.7166666666666667,0.55,0.25,0.1333333333333333,0.9084280952752268,0.4879281735840176,0.1008025898814034,1.0494819814453848,0.7413793103440607,0.80487804877931,affinity_periodic
watts_strogatz_23.pkl,affinity_reactive,0.1161114783404158,0.14415042342170367,-94.30000000000004,-9.432489967076927,337.0,32.84483414817192,9,26.92950844764709,328,300,1500,0.0334448160535117,10.0,0.9711559157565948,13,1.3,0.0514933333333331,0.479536408036408,0.4721794589839455,-0.0030261512392656,7,6,3.4984615384615383,,,4,0.6057353333333334,watts_strogatz,0.6734897947723164,0.3927226762987565,0.0514224210824049,0.5166666666666667,0.7166666666666667,0.55,0.25,0.1333333333333333,0.9084280952752268,0.4879281735840176,0.1008025898814034,1.0494819814453848,0.7413793103440607,0.80487804877931,affinity_periodic
watts_strogatz_23.pkl,baseline,0.09929219177186785,0.12172381903036965,-91.1000000000001,-91.1000000000001,406.0,406.0,5,5.50186562538147,405,300,1500,0.0334448160535117,10.0,0.9711559157565948,13,1.3,0.0514933333333331,0.479536408036408,0.4721794589839455,-0.0030261512392656,7,6,3.4984615384615383,,,4,0.6057353333333334,watts_strogatz,0.6734897947723164,0.3927226762987565,0.0514224210824049,0.5166666666666667,0.7166666666666667,0.55,0.25,0.1333333333333333,0.9084280952752268,0.4879281735840176,0.1008025898814034,1.0494819814453848,0.7413793103440607,0.80487804877931,affinity_periodic
watts_strogatz_23.pkl,periodic,0.044396402620744665,0.0692751843573166,-58.100000000000065,-58.100000000000065,356.0,356.0,40,22.85830664634705,351,300,1500,0.0334448160535117,10.0,0.9711559157565948,13,1.3,0.0514933333333331,0.479536408036408,0.4721794589839455,-0.0030261512392656,7,6,3.4984615384615383,,,4,0.6057353333333334,watts_strogatz,0.6734897947723164,0.3927226762987565,0.0514224210824049,0.5166666666666667,0.7166666666666667,0.55,0.25,0.1333333333333333,0.9084280952752268,0.4879281735840176,0.1008025898814034,1.0494819814453848,0.7413793103440607,0.80487804877931,affinity_periodic
watts_strogatz_23.pkl,reactive,0.09929219177186785,0.12172381903036965,-91.1000000000001,-91.1000000000001,406.0,406.0,35,17.346386909484863,331,300,1500,0.0334448160535117,10.0,0.9711559157565948,13,1.3,0.0514933333333331,0.479536408036408,0.4721794589839455,-0.0030261512392656,7,6,3.4984615384615383,,,4,0.6057353333333334,watts_strogatz,0.6734897947723164,0.3927226762987565,0.0514224210824049,0.5166666666666667,0.7166666666666667,0.55,0.25,0.1333333333333333,0.9084280952752268,0.4879281735840176,0.1008025898814034,1.0494819814453848,0.7413793103440607,0.80487804877931,affinity_periodic
watts_strogatz_24.pkl,affinity,0.10611844151357933,0.14373726842983442,-98.30000000000008,-9.746941779584892,262.0,25.83498401141373,4,6.569218873977661,262,300,1500,0.0334448160535117,10.0,0.8996469021204838,13,1.3,0.0459777777777776,0.5136719391719392,0.5061302400704794,-0.0423837205810959,8,6,3.627090301003344,,,4,0.6265144444444444,watts_strogatz,0.7078842802156917,0.4368448699008054,0.0704460088357741,0.7166666666666667,0.7,0.6,0.2,0.0833333333333333,0.9101369317069006,0.4975177684988675,0.0987357672922549,1.00997846371848,0.7777777777769136,0.87804878048652,affinity_periodic
watts_strogatz_24.pkl,affinity_periodic,0.05030879443849342,0.07876006167733962,-64.70000000000003,-6.502836736534802,255.0,24.93942561808646,36,22.84890866279602,248,300,1500,0.0334448160535117,10.0,0.8996469021204838,13,1.3,0.0459777777777776,0.5136719391719392,0.5061302400704794,-0.0423837205810959,8,6,3.627090301003344,,,4,0.6265144444444444,watts_strogatz,0.7078842802156917,0.4368448699008054,0.0704460088357741,0.7166666666666667,0.7,0.6,0.2,0.0833333333333333,0.9101369317069006,0.4975177684988675,0.0987357672922549,1.00997846371848,0.7777777777769136,0.87804878048652,affinity_periodic
watts_strogatz_24.pkl,affinity_reactive,0.10611844151357933,0.14373726842983442,-98.30000000000008,-9.746941779584892,262.0,25.83498401141373,37,20.07055878639221,251,300,1500,0.0334448160535117,10.0,0.8996469021204838,13,1.3,0.0459777777777776,0.5136719391719392,0.5061302400704794,-0.0423837205810959,8,6,3.627090301003344,,,4,0.6265144444444444,watts_strogatz,0.7078842802156917,0.4368448699008054,0.0704460088357741,0.7166666666666667,0.7,0.6,0.2,0.0833333333333333,0.9101369317069006,0.4975177684988675,0.0987357672922549,1.00997846371848,0.7777777777769136,0.87804878048652,affinity_periodic
watts_strogatz_24.pkl,baseline,0.09841690231253333,0.12739335366701435,-77.60000000000007,-77.60000000000007,382.0,382.0,4,5.416132926940918,382,300,1500,0.0334448160535117,10.0,0.8996469021204838,13,1.3,0.0459777777777776,0.5136719391719392,0.5061302400704794,-0.0423837205810959,8,6,3.627090301003344,,,4,0.6265144444444444,watts_strogatz,0.7078842802156917,0.4368448699008054,0.0704460088357741,0.7166666666666667,0.7,0.6,0.2,0.0833333333333333,0.9101369317069006,0.4975177684988675,0.0987357672922549,1.00997846371848,0.7777777777769136,0.87804878048652,affinity_periodic
watts_strogatz_24.pkl,periodic,0.04423646686434284,0.06827320568685019,-52.100000000000065,-52.100000000000065,358.0,358.0,7,24.622256755828857,339,300,1500,0.0334448160535117,10.0,0.8996469021204838,13,1.3,0.0459777777777776,0.5136719391719392,0.5061302400704794,-0.0423837205810959,8,6,3.627090301003344,,,4,0.6265144444444444,watts_strogatz,0.7078842802156917,0.4368448699008054,0.0704460088357741,0.7166666666666667,0.7,0.6,0.2,0.0833333333333333,0.9101369317069006,0.4975177684988675,0.0987357672922549,1.00997846371848,0.7777777777769136,0.87804878048652,affinity_periodic
watts_strogatz_24.pkl,reactive,0.09841690231253333,0.12739335366701435,-77.60000000000007,-77.60000000000007,382.0,382.0,10,20.158886432647705,344,300,1500,0.0334448160535117,10.0,0.8996469021204838,13,1.3,0.0459777777777776,0.5136719391719392,0.5061302400704794,-0.0423837205810959,8,6,3.627090301003344,,,4,0.6265144444444444,watts_strogatz,0.7078842802156917,0.4368448699008054,0.0704460088357741,0.7166666666666667,0.7,0.6,0.2,0.0833333333333333,0.9101369317069006,0.4975177684988675,0.0987357672922549,1.00997846371848,0.7777777777769136,0.87804878048652,affinity_periodic
watts_strogatz_25.pkl,affinity,0.10550688966579536,0.1361523978358676,-90.1000000000001,-9.028665336971695,279.0,27.537964103605457,4,9.731696367263794,279,300,1500,0.0334448160535117,10.0,0.9396505434536336,13,1.3,0.04864,0.4915757205757205,0.4861355633802817,0.0330826058576308,8,6,3.563366778149387,,,4,0.6273097777777777,watts_strogatz,0.6589724929164026,0.4251544639873814,0.0606854727664786,0.6333333333333333,0.7,0.5833333333333334,0.2666666666666666,0.1,0.9100096330759736,0.498038086385947,0.098889466279434,1.007878568598196,0.7241379310337337,0.8536585365841166,affinity
watts_strogatz_25.pkl,affinity_periodic,0.04797131859248682,0.07436967650611442,-55.80000000000001,-5.575256744715201,285.0,28.43354492598745,47,25.57253074645996,282,300,1500,0.0334448160535117,10.0,0.9396505434536336,13,1.3,0.04864,0.4915757205757205,0.4861355633802817,0.0330826058576308,8,6,3.563366778149387,,,4,0.6273097777777777,watts_strogatz,0.6589724929164026,0.4251544639873814,0.0606854727664786,0.6333333333333333,0.7,0.5833333333333334,0.2666666666666666,0.1,0.9100096330759736,0.498038086385947,0.098889466279434,1.007878568598196,0.7241379310337337,0.8536585365841166,affinity
watts_strogatz_25.pkl,affinity_reactive,0.10550688966579536,0.1361523978358676,-90.1000000000001,-9.028665336971695,279.0,27.537964103605457,4,24.106846809387207,279,300,1500,0.0334448160535117,10.0,0.9396505434536336,13,1.3,0.04864,0.4915757205757205,0.4861355633802817,0.0330826058576308,8,6,3.563366778149387,,,4,0.6273097777777777,watts_strogatz,0.6589724929164026,0.4251544639873814,0.0606854727664786,0.6333333333333333,0.7,0.5833333333333334,0.2666666666666666,0.1,0.9100096330759736,0.498038086385947,0.098889466279434,1.007878568598196,0.7241379310337337,0.8536585365841166,affinity
watts_strogatz_25.pkl,baseline,0.09051091094434745,0.11746302733880203,-74.4000000000001,-74.4000000000001,402.0,402.0,3,5.477587699890137,402,300,1500,0.0334448160535117,10.0,0.9396505434536336,13,1.3,0.04864,0.4915757205757205,0.4861355633802817,0.0330826058576308,8,6,3.563366778149387,,,4,0.6273097777777777,watts_strogatz,0.6589724929164026,0.4251544639873814,0.0606854727664786,0.6333333333333333,0.7,0.5833333333333334,0.2666666666666666,0.1,0.9100096330759736,0.498038086385947,0.098889466279434,1.007878568598196,0.7241379310337337,0.8536585365841166,affinity
watts_strogatz_25.pkl,periodic,0.039232575575313,0.06130609990543095,-51.500000000000085,-51.500000000000085,336.0,336.0,6,22.395423412323,332,300,1500,0.0334448160535117,10.0,0.9396505434536336,13,1.3,0.04864,0.4915757205757205,0.4861355633802817,0.0330826058576308,8,6,3.563366778149387,,,4,0.6273097777777777,watts_strogatz,0.6589724929164026,0.4251544639873814,0.0606854727664786,0.6333333333333333,0.7,0.5833333333333334,0.2666666666666666,0.1,0.9100096330759736,0.498038086385947,0.098889466279434,1.007878568598196,0.7241379310337337,0.8536585365841166,affinity
watts_strogatz_25.pkl,reactive,0.09095435017774833,0.11697825303925877,-80.30000000000007,-80.30000000000007,380.0,380.0,11,20.233295679092407,318,300,1500,0.0334448160535117,10.0,0.9396505434536336,13,1.3,0.04864,0.4915757205757205,0.4861355633802817,0.0330826058576308,8,6,3.563366778149387,,,4,0.6273097777777777,watts_strogatz,0.6589724929164026,0.4251544639873814,0.0606854727664786,0.6333333333333333,0.7,0.5833333333333334,0.2666666666666666,0.1,0.9100096330759736,0.498038086385947,0.098889466279434,1.007878568598196,0.7241379310337337,0.8536585365841166,affinity
watts_strogatz_26.pkl,affinity,0.11212207770090984,0.1404336819691515,-73.8000000000001,-7.319823173632878,402.0,39.4714850381454,6,10.413792848587036,388,300,1500,0.0334448160535117,10.0,0.9848348417637546,13,1.3,0.0525133333333331,0.5053004588004588,0.495346280688897,-0.0275156031453131,8,6,3.571772575250836,,,5,0.606117111111111,watts_strogatz,0.6696092189131869,0.4138233579612652,0.0542526708501137,0.5166666666666667,0.7,0.5333333333333333,0.25,0.1166666666666666,0.908755368525996,0.5043472175160678,0.100406153992799,0.9827610131865976,0.7368421052623823,0.8205128205115583,periodic
watts_strogatz_26.pkl,affinity_periodic,0.049096450126726796,0.0799019544899497,-45.80000000000004,-4.583633726931904,351.0,34.30079831473139,22,26.960949420928955,342,300,1500,0.0334448160535117,10.0,0.9848348417637546,13,1.3,0.0525133333333331,0.5053004588004588,0.495346280688897,-0.0275156031453131,8,6,3.571772575250836,,,5,0.606117111111111,watts_strogatz,0.6696092189131869,0.4138233579612652,0.0542526708501137,0.5166666666666667,0.7,0.5333333333333333,0.25,0.1166666666666666,0.908755368525996,0.5043472175160678,0.100406153992799,0.9827610131865976,0.7368421052623823,0.8205128205115583,periodic
watts_strogatz_26.pkl,affinity_reactive,0.11212207770090984,0.1404336819691515,-73.8000000000001,-7.319823173632878,402.0,39.4714850381454,13,24.39304900169373,330,300,1500,0.0334448160535117,10.0,0.9848348417637546,13,1.3,0.0525133333333331,0.5053004588004588,0.495346280688897,-0.0275156031453131,8,6,3.571772575250836,,,5,0.606117111111111,watts_strogatz,0.6696092189131869,0.4138233579612652,0.0542526708501137,0.5166666666666667,0.7,0.5333333333333333,0.25,0.1166666666666666,0.908755368525996,0.5043472175160678,0.100406153992799,0.9827610131865976,0.7368421052623823,0.8205128205115583,periodic
watts_strogatz_26.pkl,baseline,0.09829427798257415,0.11334243494154783,-94.60000000000002,-94.60000000000002,342.0,342.0,6,10.47288966178894,318,300,1500,0.0334448160535117,10.0,0.9848348417637546,13,1.3,0.0525133333333331,0.5053004588004588,0.495346280688897,-0.0275156031453131,8,6,3.571772575250836,,,5,0.606117111111111,watts_strogatz,0.6696092189131869,0.4138233579612652,0.0542526708501137,0.5166666666666667,0.7,0.5333333333333333,0.25,0.1166666666666666,0.908755368525996,0.5043472175160678,0.100406153992799,0.9827610131865976,0.7368421052623823,0.8205128205115583,periodic
watts_strogatz_26.pkl,periodic,0.041978569112576865,0.06543684931243353,-57.5000000000001,-57.5000000000001,339.0,339.0,26,23.02640414237976,292,300,1500,0.0334448160535117,10.0,0.9848348417637546,13,1.3,0.0525133333333331,0.5053004588004588,0.495346280688897,-0.0275156031453131,8,6,3.571772575250836,,,5,0.606117111111111,watts_strogatz,0.6696092189131869,0.4138233579612652,0.0542526708501137,0.5166666666666667,0.7,0.5333333333333333,0.25,0.1166666666666666,0.908755368525996,0.5043472175160678,0.100406153992799,0.9827610131865976,0.7368421052623823,0.8205128205115583,periodic
watts_strogatz_26.pkl,reactive,0.09829427798257415,0.11334243494154783,-94.60000000000002,-94.60000000000002,342.0,342.0,21,20.49916076660156,299,300,1500,0.0334448160535117,10.0,0.9848348417637546,13,1.3,0.0525133333333331,0.5053004588004588,0.495346280688897,-0.0275156031453131,8,6,3.571772575250836,,,5,0.606117111111111,watts_strogatz,0.6696092189131869,0.4138233579612652,0.0542526708501137,0.5166666666666667,0.7,0.5333333333333333,0.25,0.1166666666666666,0.908755368525996,0.5043472175160678,0.100406153992799,0.9827610131865976,0.7368421052623823,0.8205128205115583,periodic
watts_strogatz_27.pkl,affinity,0.10937563214704463,0.15778719246150796,-70.40000000000006,-6.982200120671307,375.0,36.740944491294165,6,10.388370037078856,372,300,1500,0.0334448160535117,10.0,0.9502684007399256,14,1.4,0.0495377777777776,0.4873250823250823,0.4794279427942794,-0.0322769309500216,8,6,3.5067558528428093,,,4,0.5682953333333334,watts_strogatz,0.696737181512214,0.4595795122096971,0.0590200733863014,0.6166666666666667,0.7166666666666667,0.6,0.2166666666666666,0.0666666666666666,0.9073786549936228,0.5106439024559849,0.1020757370659419,0.958311839601757,0.7678571428563202,0.8999999999986502,affinity_periodic
watts_strogatz_27.pkl,affinity_periodic,0.05075801070777878,0.08079084940225158,-52.200000000000024,-5.182542361905219,334.0,32.60794561567743,17,26.470064878463745,320,300,1500,0.0334448160535117,10.0,0.9502684007399256,14,1.4,0.0495377777777776,0.4873250823250823,0.4794279427942794,-0.0322769309500216,8,6,3.5067558528428093,,,4,0.5682953333333334,watts_strogatz,0.696737181512214,0.4595795122096971,0.0590200733863014,0.6166666666666667,0.7166666666666667,0.6,0.2166666666666666,0.0666666666666666,0.9073786549936228,0.5106439024559849,0.1020757370659419,0.958311839601757,0.7678571428563202,0.8999999999986502,affinity_periodic
watts_strogatz_27.pkl,affinity_reactive,0.10799279506159316,0.15889100446156845,-70.40000000000006,-6.982200120671307,375.0,36.740944491294165,35,25.236735820770264,368,300,1500,0.0334448160535117,10.0,0.9502684007399256,14,1.4,0.0495377777777776,0.4873250823250823,0.4794279427942794,-0.0322769309500216,8,6,3.5067558528428093,,,4,0.5682953333333334,watts_strogatz,0.696737181512214,0.4595795122096971,0.0590200733863014,0.6166666666666667,0.7166666666666667,0.6,0.2166666666666666,0.0666666666666666,0.9073786549936228,0.5106439024559849,0.1020757370659419,0.958311839601757,0.7678571428563202,0.8999999999986502,affinity_periodic
watts_strogatz_27.pkl,baseline,0.0888180495574742,0.13116868754064276,-53.30000000000007,-53.30000000000007,479.0,479.0,2,5.265485525131226,479,300,1500,0.0334448160535117,10.0,0.9502684007399256,14,1.4,0.0495377777777776,0.4873250823250823,0.4794279427942794,-0.0322769309500216,8,6,3.5067558528428093,,,4,0.5682953333333334,watts_strogatz,0.696737181512214,0.4595795122096971,0.0590200733863014,0.6166666666666667,0.7166666666666667,0.6,0.2166666666666666,0.0666666666666666,0.9073786549936228,0.5106439024559849,0.1020757370659419,0.958311839601757,0.7678571428563202,0.8999999999986502,affinity_periodic
watts_strogatz_27.pkl,periodic,0.042382141481663846,0.06605592042183953,-59.00000000000009,-59.00000000000009,356.0,356.0,4,25.206544876098636,356,300,1500,0.0334448160535117,10.0,0.9502684007399256,14,1.4,0.0495377777777776,0.4873250823250823,0.4794279427942794,-0.0322769309500216,8,6,3.5067558528428093,,,4,0.5682953333333334,watts_strogatz,0.696737181512214,0.4595795122096971,0.0590200733863014,0.6166666666666667,0.7166666666666667,0.6,0.2166666666666666,0.0666666666666666,0.9073786549936228,0.5106439024559849,0.1020757370659419,0.958311839601757,0.7678571428563202,0.8999999999986502,affinity_periodic
watts_strogatz_27.pkl,reactive,0.09297801227914396,0.12774426120375318,-61.40000000000011,-61.40000000000011,448.0,448.0,12,20.181426286697388,337,300,1500,0.0334448160535117,10.0,0.9502684007399256,14,1.4,0.0495377777777776,0.4873250823250823,0.4794279427942794,-0.0322769309500216,8,6,3.5067558528428093,,,4,0.5682953333333334,watts_strogatz,0.696737181512214,0.4595795122096971,0.0590200733863014,0.6166666666666667,0.7166666666666667,0.6,0.2166666666666666,0.0666666666666666,0.9073786549936228,0.5106439024559849,0.1020757370659419,0.958311839601757,0.7678571428563202,0.8999999999986502,affinity_periodic
watts_strogatz_28.pkl,affinity,0.1090208343778483,0.15580539433312626,-85.80000000000008,-8.47545037222791,331.0,32.67503598585293,4,9.925947666168211,331,300,1500,0.0334448160535117,10.0,0.9432031101641954,13,1.3,0.0497977777777776,0.5051110556110556,0.4977627814860999,-0.0247639971786747,8,6,3.585685618729097,,,4,0.5934326666666667,watts_strogatz,0.6298113528342223,0.372416939892734,0.0508111676773682,0.5166666666666667,0.6833333333333333,0.5,0.3,0.15,0.9063138979818758,0.484142021861299,0.1033704792861928,1.0655096125625882,0.6949152542365814,0.7692307692295858,periodic
watts_strogatz_28.pkl,affinity_periodic,0.052818398722255154,0.08287702666934713,-50.70000000000009,-5.016410572040039,328.0,32.35393811283849,5,28.836838960647583,327,300,1500,0.0334448160535117,10.0,0.9432031101641954,13,1.3,0.0497977777777776,0.5051110556110556,0.4977627814860999,-0.0247639971786747,8,6,3.585685618729097,,,4,0.5934326666666667,watts_strogatz,0.6298113528342223,0.372416939892734,0.0508111676773682,0.5166666666666667,0.6833333333333333,0.5,0.3,0.15,0.9063138979818758,0.484142021861299,0.1033704792861928,1.0655096125625882,0.6949152542365814,0.7692307692295858,periodic
watts_strogatz_28.pkl,affinity_reactive,0.10907402800264258,0.15575968005510513,-86.6000000000001,-8.560920441871515,327.0,32.24768563763488,23,26.710318326950077,317,300,1500,0.0334448160535117,10.0,0.9432031101641954,13,1.3,0.0497977777777776,0.5051110556110556,0.4977627814860999,-0.0247639971786747,8,6,3.585685618729097,,,4,0.5934326666666667,watts_strogatz,0.6298113528342223,0.372416939892734,0.0508111676773682,0.5166666666666667,0.6833333333333333,0.5,0.3,0.15,0.9063138979818758,0.484142021861299,0.1033704792861928,1.0655096125625882,0.6949152542365814,0.7692307692295858,periodic
watts_strogatz_28.pkl,baseline,0.08717270717316392,0.13702968975130608,-66.30000000000004,-66.30000000000004,339.0,339.0,3,5.32009220123291,339,300,1500,0.0334448160535117,10.0,0.9432031101641954,13,1.3,0.0497977777777776,0.5051110556110556,0.4977627814860999,-0.0247639971786747,8,6,3.585685618729097,,,4,0.5934326666666667,watts_strogatz,0.6298113528342223,0.372416939892734,0.0508111676773682,0.5166666666666667,0.6833333333333333,0.5,0.3,0.15,0.9063138979818758,0.484142021861299,0.1033704792861928,1.0655096125625882,0.6949152542365814,0.7692307692295858,periodic
watts_strogatz_28.pkl,periodic,0.04221773670336806,0.07320645384501129,-55.400000000000055,-55.400000000000055,288.0,288.0,38,19.14342451095581,287,300,1500,0.0334448160535117,10.0,0.9432031101641954,13,1.3,0.0497977777777776,0.5051110556110556,0.4977627814860999,-0.0247639971786747,8,6,3.585685618729097,,,4,0.5934326666666667,watts_strogatz,0.6298113528342223,0.372416939892734,0.0508111676773682,0.5166666666666667,0.6833333333333333,0.5,0.3,0.15,0.9063138979818758,0.484142021861299,0.1033704792861928,1.0655096125625882,0.6949152542365814,0.7692307692295858,periodic
watts_strogatz_28.pkl,reactive,0.08466308104541548,0.138630988175357,-71.40000000000006,-71.40000000000006,322.0,322.0,22,18.567891836166385,308,300,1500,0.0334448160535117,10.0,0.9432031101641954,13,1.3,0.0497977777777776,0.5051110556110556,0.4977627814860999,-0.0247639971786747,8,6,3.585685618729097,,,4,0.5934326666666667,watts_strogatz,0.6298113528342223,0.372416939892734,0.0508111676773682,0.5166666666666667,0.6833333333333333,0.5,0.3,0.15,0.9063138979818758,0.484142021861299,0.1033704792861928,1.0655096125625882,0.6949152542365814,0.7692307692295858,periodic
watts_strogatz_29.pkl,affinity,0.09922344085975168,0.15397025996047797,-54.40000000000008,-5.40678567059772,379.0,37.22721633937745,3,6.459510326385498,379,300,1500,0.0334448160535117,10.0,0.9814329841314368,13,1.3,0.0510022222222221,0.4902229807229807,0.4826297273526825,-0.0237677930842397,8,6,3.5341360089186176,,,4,0.628586,watts_strogatz,0.5929732570920573,0.3498201077757348,0.0379629082841837,0.4,0.6333333333333333,0.5166666666666667,0.3333333333333333,0.2,0.9050644450361814,0.4852343430444383,0.10489369622737,1.060859900653031,0.6551724137924257,0.7209302325571335,periodic
watts_strogatz_29.pkl,affinity_periodic,0.04540555982721454,0.08306818839335202,-30.400000000000038,-3.0028024197383356,336.0,33.06827669157434,49,29.379414796829224,312,300,1500,0.0334448160535117,10.0,0.9814329841314368,13,1.3,0.0510022222222221,0.4902229807229807,0.4826297273526825,-0.0237677930842397,8,6,3.5341360089186176,,,4,0.628586,watts_strogatz,0.5929732570920573,0.3498201077757348,0.0379629082841837,0.4,0.6333333333333333,0.5166666666666667,0.3333333333333333,0.2,0.9050644450361814,0.4852343430444383,0.10489369622737,1.060859900653031,0.6551724137924257,0.7209302325571335,periodic
watts_strogatz_29.pkl,affinity_reactive,0.102716638799583,0.15127858250551743,-64.50000000000006,-6.363214949010416,342.0,33.696536334226835,41,22.25535678863525,278,300,1500,0.0334448160535117,10.0,0.9814329841314368,13,1.3,0.0510022222222221,0.4902229807229807,0.4826297273526825,-0.0237677930842397,8,6,3.5341360089186176,,,4,0.628586,watts_strogatz,0.5929732570920573,0.3498201077757348,0.0379629082841837,0.4,0.6333333333333333,0.5166666666666667,0.3333333333333333,0.2,0.9050644450361814,0.4852343430444383,0.10489369622737,1.060859900653031,0.6551724137924257,0.7209302325571335,periodic
watts_strogatz_29.pkl,baseline,0.08914291691327841,0.13271189452361262,-78.90000000000006,-78.90000000000006,331.0,331.0,3,8.486670017242432,331,300,1500,0.0334448160535117,10.0,0.9814329841314368,13,1.3,0.0510022222222221,0.4902229807229807,0.4826297273526825,-0.0237677930842397,8,6,3.5341360089186176,,,4,0.628586,watts_strogatz,0.5929732570920573,0.3498201077757348,0.0379629082841837,0.4,0.6333333333333333,0.5166666666666667,0.3333333333333333,0.2,0.9050644450361814,0.4852343430444383,0.10489369622737,1.060859900653031,0.6551724137924257,0.7209302325571335,periodic
watts_strogatz_29.pkl,periodic,0.04241321502675316,0.07291054274742614,-50.90000000000004,-50.90000000000004,274.0,274.0,49,22.56445026397705,252,300,1500,0.0334448160535117,10.0,0.9814329841314368,13,1.3,0.0510022222222221,0.4902229807229807,0.4826297273526825,-0.0237677930842397,8,6,3.5341360089186176,,,4,0.628586,watts_strogatz,0.5929732570920573,0.3498201077757348,0.0379629082841837,0.4,0.6333333333333333,0.5166666666666667,0.3333333333333333,0.2,0.9050644450361814,0.4852343430444383,0.10489369622737,1.060859900653031,0.6551724137924257,0.7209302325571335,periodic
watts_strogatz_29.pkl,reactive,0.09096796801141598,0.13122737607786167,-85.50000000000006,-85.50000000000006,304.0,304.0,48,23.50126886367798,283,300,1500,0.0334448160535117,10.0,0.9814329841314368,13,1.3,0.0510022222222221,0.4902229807229807,0.4826297273526825,-0.0237677930842397,8,6,3.5341360089186176,,,4,0.628586,watts_strogatz,0.5929732570920573,0.3498201077757348,0.0379629082841837,0.4,0.6333333333333333,0.5166666666666667,0.3333333333333333,0.2,0.9050644450361814,0.4852343430444383,0.10489369622737,1.060859900653031,0.6551724137924257,0.7209302325571335,periodic
watts_strogatz_3.pkl,affinity,0.10450872746848494,0.15638955572296165,-77.60000000000002,-7.709629287527079,333.0,32.81819012304148,3,10.025031566619871,333,300,1500,0.0334448160535117,10.0,0.9607689228305228,13,1.3,0.05108,0.4828105228105228,0.4760228772547294,0.0217810054452566,8,6,3.500914158305463,,,4,0.6230484444444444,watts_strogatz,0.5935081202744628,0.3955681544226481,0.0566624581273776,0.5833333333333334,0.6333333333333333,0.5166666666666667,0.3333333333333333,0.1166666666666666,0.905880815156696,0.4848899957446568,0.1038979778228592,1.062323431656446,0.6551724137924257,0.8157894736829225,periodic
watts_strogatz_3.pkl,affinity_periodic,0.04952487593431028,0.08314752396897791,-38.40000000000006,-3.822189872295567,348.0,34.30179005353303,24,28.69403195381165,332,300,1500,0.0334448160535117,10.0,0.9607689228305228,13,1.3,0.05108,0.4828105228105228,0.4760228772547294,0.0217810054452566,8,6,3.500914158305463,,,4,0.6230484444444444,watts_strogatz,0.5935081202744628,0.3955681544226481,0.0566624581273776,0.5833333333333334,0.6333333333333333,0.5166666666666667,0.3333333333333333,0.1166666666666666,0.905880815156696,0.4848899957446568,0.1038979778228592,1.062323431656446,0.6551724137924257,0.8157894736829225,periodic
watts_strogatz_3.pkl,affinity_reactive,0.10478962634488942,0.15615600116491923,-78.4000000000001,-7.779489026788561,329.0,32.46889142673409,7,26.68216204643249,303,300,1500,0.0334448160535117,10.0,0.9607689228305228,13,1.3,0.05108,0.4828105228105228,0.4760228772547294,0.0217810054452566,8,6,3.500914158305463,,,4,0.6230484444444444,watts_strogatz,0.5935081202744628,0.3955681544226481,0.0566624581273776,0.5833333333333334,0.6333333333333333,0.5166666666666667,0.3333333333333333,0.1166666666666666,0.905880815156696,0.4848899957446568,0.1038979778228592,1.062323431656446,0.6551724137924257,0.8157894736829225,periodic
watts_strogatz_3.pkl,baseline,0.0934054970531418,0.1220504067552476,-73.40000000000009,-73.40000000000009,416.0,416.0,9,10.299015522003174,333,300,1500,0.0334448160535117,10.0,0.9607689228305228,13,1.3,0.05108,0.4828105228105228,0.4760228772547294,0.0217810054452566,8,6,3.500914158305463,,,4,0.6230484444444444,watts_strogatz,0.5935081202744628,0.3955681544226481,0.0566624581273776,0.5833333333333334,0.6333333333333333,0.5166666666666667,0.3333333333333333,0.1166666666666666,0.905880815156696,0.4848899957446568,0.1038979778228592,1.062323431656446,0.6551724137924257,0.8157894736829225,periodic
watts_strogatz_3.pkl,periodic,0.04346593081397622,0.06516031315549539,-72.30000000000008,-72.30000000000008,291.0,291.0,4,27.479128122329712,291,300,1500,0.0334448160535117,10.0,0.9607689228305228,13,1.3,0.05108,0.4828105228105228,0.4760228772547294,0.0217810054452566,8,6,3.500914158305463,,,4,0.6230484444444444,watts_strogatz,0.5935081202744628,0.3955681544226481,0.0566624581273776,0.5833333333333334,0.6333333333333333,0.5166666666666667,0.3333333333333333,0.1166666666666666,0.905880815156696,0.4848899957446568,0.1038979778228592,1.062323431656446,0.6551724137924257,0.8157894736829225,periodic
watts_strogatz_3.pkl,reactive,0.0934054970531418,0.1220504067552476,-73.40000000000009,-73.40000000000009,416.0,416.0,9,21.86235761642456,333,300,1500,0.0334448160535117,10.0,0.9607689228305228,13,1.3,0.05108,0.4828105228105228,0.4760228772547294,0.0217810054452566,8,6,3.500914158305463,,,4,0.6230484444444444,watts_strogatz,0.5935081202744628,0.3955681544226481,0.0566624581273776,0.5833333333333334,0.6333333333333333,0.5166666666666667,0.3333333333333333,0.1166666666666666,0.905880815156696,0.4848899957446568,0.1038979778228592,1.062323431656446,0.6551724137924257,0.8157894736829225,periodic
watts_strogatz_4.pkl,affinity,0.10580976291014191,0.14516050669456138,-74.30000000000007,-7.366694503687955,390.0,38.076852226969,6,10.093746185302734,368,300,1500,0.0334448160535117,10.0,0.9916035457647598,13,1.3,0.0516133333333332,0.4908895733895734,0.4816443174324027,-0.001629425556393,7,6,3.537458193979933,,,4,0.594782,watts_strogatz,0.712391699752903,0.4211768413995616,0.076128794128328,0.7833333333333333,0.7333333333333333,0.6166666666666667,0.2,0.1,0.9066803451410298,0.4894757886542275,0.1029245371415376,1.0430019690032386,0.7857142857134438,0.8604651162778691,periodic
watts_strogatz_4.pkl,affinity_periodic,0.04944053470332478,0.07629384343651495,-52.70000000000007,-5.205815041719481,358.0,35.091475364758466,14,26.866256952285767,350,300,1500,0.0334448160535117,10.0,0.9916035457647598,13,1.3,0.0516133333333332,0.4908895733895734,0.4816443174324027,-0.001629425556393,7,6,3.537458193979933,,,4,0.594782,watts_strogatz,0.712391699752903,0.4211768413995616,0.076128794128328,0.7833333333333333,0.7333333333333333,0.6166666666666667,0.2,0.1,0.9066803451410298,0.4894757886542275,0.1029245371415376,1.0430019690032386,0.7857142857134438,0.8604651162778691,periodic
watts_strogatz_4.pkl,affinity_reactive,0.10580976291014191,0.14516050669456138,-74.30000000000007,-7.366694503687955,390.0,38.076852226969,31,24.74609398841858,357,300,1500,0.0334448160535117,10.0,0.9916035457647598,13,1.3,0.0516133333333332,0.4908895733895734,0.4816443174324027,-0.001629425556393,7,6,3.537458193979933,,,4,0.594782,watts_strogatz,0.712391699752903,0.4211768413995616,0.076128794128328,0.7833333333333333,0.7333333333333333,0.6166666666666667,0.2,0.1,0.9066803451410298,0.4894757886542275,0.1029245371415376,1.0430019690032386,0.7857142857134438,0.8604651162778691,periodic
watts_strogatz_4.pkl,baseline,0.09461272363488289,0.132991920156707,-85.0000000000001,-85.0000000000001,341.0,341.0,4,13.776054859161375,341,300,1500,0.0334448160535117,10.0,0.9916035457647598,13,1.3,0.0516133333333332,0.4908895733895734,0.4816443174324027,-0.001629425556393,7,6,3.537458193979933,,,4,0.594782,watts_strogatz,0.712391699752903,0.4211768413995616,0.076128794128328,0.7833333333333333,0.7333333333333333,0.6166666666666667,0.2,0.1,0.9066803451410298,0.4894757886542275,0.1029245371415376,1.0430019690032386,0.7857142857134438,0.8604651162778691,periodic
watts_strogatz_4.pkl,periodic,0.0427328531724663,0.06911677290893149,-55.300000000000026,-55.300000000000026,313.0,313.0,3,22.71946930885315,313,300,1500,0.0334448160535117,10.0,0.9916035457647598,13,1.3,0.0516133333333332,0.4908895733895734,0.4816443174324027,-0.001629425556393,7,6,3.537458193979933,,,4,0.594782,watts_strogatz,0.712391699752903,0.4211768413995616,0.076128794128328,0.7833333333333333,0.7333333333333333,0.6166666666666667,0.2,0.1,0.9066803451410298,0.4894757886542275,0.1029245371415376,1.0430019690032386,0.7857142857134438,0.8604651162778691,periodic
watts_strogatz_4.pkl,reactive,0.09352030284743675,0.13389565248626767,-85.5000000000001,-85.5000000000001,341.0,341.0,4,23.90686559677124,341,300,1500,0.0334448160535117,10.0,0.9916035457647598,13,1.3,0.0516133333333332,0.4908895733895734,0.4816443174324027,-0.001629425556393,7,6,3.537458193979933,,,4,0.594782,watts_strogatz,0.712391699752903,0.4211768413995616,0.076128794128328,0.7833333333333333,0.7333333333333333,0.6166666666666667,0.2,0.1,0.9066803451410298,0.4894757886542275,0.1029245371415376,1.0430019690032386,0.7857142857134438,0.8604651162778691,periodic
watts_strogatz_5.pkl,affinity,0.12331157453943538,0.1668238031617191,-86.20000000000006,-8.49826418005702,394.0,38.62368375100267,6,6.430920600891113,389,300,1500,0.0334448160535117,10.0,1.0050042013922398,13,1.3,0.0537911111111111,0.4686828911828912,0.4606255951944912,-0.0195372491211708,8,6,3.436454849498328,,,3,0.5646064444444445,watts_strogatz,0.6367056736671817,0.3958454891819414,0.056786166676539,0.5666666666666667,0.6833333333333333,0.5666666666666667,0.2833333333333333,0.1166666666666666,0.9007055871398717,0.477343089896569,0.1102406982679333,1.094929247256267,0.7068965517234067,0.8292682926817134,affinity_reactive
watts_strogatz_5.pkl,affinity_periodic,0.058213064922629086,0.0887452166765421,-64.70000000000005,-6.409551041654289,309.0,30.287967016137124,20,25.19636631011963,302,300,1500,0.0334448160535117,10.0,1.0050042013922398,13,1.3,0.0537911111111111,0.4686828911828912,0.4606255951944912,-0.0195372491211708,8,6,3.436454849498328,,,3,0.5646064444444445,watts_strogatz,0.6367056736671817,0.3958454891819414,0.056786166676539,0.5666666666666667,0.6833333333333333,0.5666666666666667,0.2833333333333333,0.1166666666666666,0.9007055871398717,0.477343089896569,0.1102406982679333,1.094929247256267,0.7068965517234067,0.8292682926817134,affinity_reactive
watts_strogatz_5.pkl,affinity_reactive,0.12331157453943538,0.1668238031617191,-86.20000000000006,-8.49826418005702,394.0,38.62368375100267,18,22.99959683418274,299,300,1500,0.0334448160535117,10.0,1.0050042013922398,13,1.3,0.0537911111111111,0.4686828911828912,0.4606255951944912,-0.0195372491211708,8,6,3.436454849498328,,,3,0.5646064444444445,watts_strogatz,0.6367056736671817,0.3958454891819414,0.056786166676539,0.5666666666666667,0.6833333333333333,0.5666666666666667,0.2833333333333333,0.1166666666666666,0.9007055871398717,0.477343089896569,0.1102406982679333,1.094929247256267,0.7068965517234067,0.8292682926817134,affinity_reactive
watts_strogatz_5.pkl,baseline,0.09487637833551352,0.13256639861885364,-87.30000000000013,-87.30000000000013,404.0,404.0,3,8.850194692611694,404,300,1500,0.0334448160535117,10.0,1.0050042013922398,13,1.3,0.0537911111111111,0.4686828911828912,0.4606255951944912,-0.0195372491211708,8,6,3.436454849498328,,,3,0.5646064444444445,watts_strogatz,0.6367056736671817,0.3958454891819414,0.056786166676539,0.5666666666666667,0.6833333333333333,0.5666666666666667,0.2833333333333333,0.1166666666666666,0.9007055871398717,0.477343089896569,0.1102406982679333,1.094929247256267,0.7068965517234067,0.8292682926817134,affinity_reactive
watts_strogatz_5.pkl,periodic,0.04356260045625974,0.0695005027846965,-54.30000000000009,-54.30000000000009,371.0,371.0,38,22.58306670188904,332,300,1500,0.0334448160535117,10.0,1.0050042013922398,13,1.3,0.0537911111111111,0.4686828911828912,0.4606255951944912,-0.0195372491211708,8,6,3.436454849498328,,,3,0.5646064444444445,watts_strogatz,0.6367056736671817,0.3958454891819414,0.056786166676539,0.5666666666666667,0.6833333333333333,0.5666666666666667,0.2833333333333333,0.1166666666666666,0.9007055871398717,0.477343089896569,0.1102406982679333,1.094929247256267,0.7068965517234067,0.8292682926817134,affinity_reactive
watts_strogatz_5.pkl,reactive,0.09501594567675567,0.13244184885567356,-87.50000000000004,-87.50000000000004,403.0,403.0,6,26.953166484832764,376,300,1500,0.0334448160535117,10.0,1.0050042013922398,13,1.3,0.0537911111111111,0.4686828911828912,0.4606255951944912,-0.0195372491211708,8,6,3.436454849498328,,,3,0.5646064444444445,watts_strogatz,0.6367056736671817,0.3958454891819414,0.056786166676539,0.5666666666666667,0.6833333333333333,0.5666666666666667,0.2833333333333333,0.1166666666666666,0.9007055871398717,0.477343089896569,0.1102406982679333,1.094929247256267,0.7068965517234067,0.8292682926817134,affinity_reactive
watts_strogatz_6.pkl,affinity,0.11639832970039284,0.15091668386184592,-91.70000000000014,-9.19983178378583,359.0,35.099200285229706,4,10.207269430160522,359,300,1500,0.0334448160535117,10.0,1.0149385865401712,15,1.5,0.0527222222222221,0.5001117586117586,0.4901860260729456,0.0208320082484252,8,6,3.531438127090301,,,4,0.6049297777777778,watts_strogatz,0.8211683535021039,0.4808086387228951,0.0806683074183155,0.7833333333333333,0.9,0.6333333333333333,0.1,0.0333333333333333,0.9124092816699167,0.506114356551175,0.0959993723099487,0.975838043430184,0.8999999999991,0.9499999999985752,affinity_periodic
watts_strogatz_6.pkl,affinity_periodic,0.05325314816402724,0.08606054688952657,-54.400000000000055,-5.4144328193443165,344.0,33.81765894180236,30,22.83327388763428,315,300,1500,0.0334448160535117,10.0,1.0149385865401712,15,1.5,0.0527222222222221,0.5001117586117586,0.4901860260729456,0.0208320082484252,8,6,3.531438127090301,,,4,0.6049297777777778,watts_strogatz,0.8211683535021039,0.4808086387228951,0.0806683074183155,0.7833333333333333,0.9,0.6333333333333333,0.1,0.0333333333333333,0.9124092816699167,0.506114356551175,0.0959993723099487,0.975838043430184,0.8999999999991,0.9499999999985752,affinity_periodic
watts_strogatz_6.pkl,affinity_reactive,0.11639832970039284,0.15091668386184592,-91.70000000000014,-9.19983178378583,359.0,35.099200285229706,4,25.520670413970947,359,300,1500,0.0334448160535117,10.0,1.0149385865401712,15,1.5,0.0527222222222221,0.5001117586117586,0.4901860260729456,0.0208320082484252,8,6,3.531438127090301,,,4,0.6049297777777778,watts_strogatz,0.8211683535021039,0.4808086387228951,0.0806683074183155,0.7833333333333333,0.9,0.6333333333333333,0.1,0.0333333333333333,0.9124092816699167,0.506114356551175,0.0959993723099487,0.975838043430184,0.8999999999991,0.9499999999985752,affinity_periodic
watts_strogatz_6.pkl,baseline,0.0911343209666354,0.1268576771336354,-74.40000000000003,-74.40000000000003,360.0,360.0,4,8.690751075744629,360,300,1500,0.0334448160535117,10.0,1.0149385865401712,15,1.5,0.0527222222222221,0.5001117586117586,0.4901860260729456,0.0208320082484252,8,6,3.531438127090301,,,4,0.6049297777777778,watts_strogatz,0.8211683535021039,0.4808086387228951,0.0806683074183155,0.7833333333333333,0.9,0.6333333333333333,0.1,0.0333333333333333,0.9124092816699167,0.506114356551175,0.0959993723099487,0.975838043430184,0.8999999999991,0.9499999999985752,affinity_periodic
watts_strogatz_6.pkl,periodic,0.04143237803892306,0.068401665672326,-44.600000000000016,-44.600000000000016,350.0,350.0,34,19.41092872619629,329,300,1500,0.0334448160535117,10.0,1.0149385865401712,15,1.5,0.0527222222222221,0.5001117586117586,0.4901860260729456,0.0208320082484252,8,6,3.531438127090301,,,4,0.6049297777777778,watts_strogatz,0.8211683535021039,0.4808086387228951,0.0806683074183155,0.7833333333333333,0.9,0.6333333333333333,0.1,0.0333333333333333,0.9124092816699167,0.506114356551175,0.0959993723099487,0.975838043430184,0.8999999999991,0.9499999999985752,affinity_periodic
watts_strogatz_6.pkl,reactive,0.0911343209666354,0.1268576771336354,-74.40000000000003,-74.40000000000003,360.0,360.0,19,22.84512686729431,356,300,1500,0.0334448160535117,10.0,1.0149385865401712,15,1.5,0.0527222222222221,0.5001117586117586,0.4901860260729456,0.0208320082484252,8,6,3.531438127090301,,,4,0.6049297777777778,watts_strogatz,0.8211683535021039,0.4808086387228951,0.0806683074183155,0.7833333333333333,0.9,0.6333333333333333,0.1,0.0333333333333333,0.9124092816699167,0.506114356551175,0.0959993723099487,0.975838043430184,0.8999999999991,0.9499999999985752,affinity_periodic
watts_strogatz_7.pkl,affinity,0.11204220921144828,0.15003980390670874,-83.0000000000001,-8.305348323853725,393.0,38.11525012632558,4,6.50678825378418,393,300,1500,0.0334448160535117,10.0,1.028035109950516,13,1.3,0.0545577777777777,0.4812754282754283,0.4718113925904232,-0.0210746466121295,8,6,3.491772575250836,,,4,0.622268,watts_strogatz,0.6538256639597612,0.404164233948708,0.0717144996994171,0.7333333333333333,0.7,0.6,0.2666666666666666,0.1166666666666666,0.9029021073739376,0.4827517238838526,0.1075397784910136,1.0714581647782877,0.7241379310337337,0.8372093023244133,periodic
watts_strogatz_7.pkl,affinity_periodic,0.052008533024955964,0.08275853383139908,-57.40000000000004,-5.673933716168564,322.0,31.381676662860404,17,26.560582637786865,319,300,1500,0.0334448160535117,10.0,1.028035109950516,13,1.3,0.0545577777777777,0.4812754282754283,0.4718113925904232,-0.0210746466121295,8,6,3.491772575250836,,,4,0.622268,watts_strogatz,0.6538256639597612,0.404164233948708,0.0717144996994171,0.7333333333333333,0.7,0.6,0.2666666666666666,0.1166666666666666,0.9029021073739376,0.4827517238838526,0.1075397784910136,1.0714581647782877,0.7241379310337337,0.8372093023244133,periodic
watts_strogatz_7.pkl,affinity_reactive,0.111529123654119,0.1504881656138666,-84.20000000000012,-8.453581843612508,387.0,37.37408252753168,40,24.060919523239136,319,300,1500,0.0334448160535117,10.0,1.028035109950516,13,1.3,0.0545577777777777,0.4812754282754283,0.4718113925904232,-0.0210746466121295,8,6,3.491772575250836,,,4,0.622268,watts_strogatz,0.6538256639597612,0.404164233948708,0.0717144996994171,0.7333333333333333,0.7,0.6,0.2666666666666666,0.1166666666666666,0.9029021073739376,0.4827517238838526,0.1075397784910136,1.0714581647782877,0.7241379310337337,0.8372093023244133,periodic
watts_strogatz_7.pkl,baseline,0.09769622847778901,0.13225034778867328,-81.50000000000004,-81.50000000000004,346.0,346.0,5,10.721548080444336,338,300,1500,0.0334448160535117,10.0,1.028035109950516,13,1.3,0.0545577777777777,0.4812754282754283,0.4718113925904232,-0.0210746466121295,8,6,3.491772575250836,,,4,0.622268,watts_strogatz,0.6538256639597612,0.404164233948708,0.0717144996994171,0.7333333333333333,0.7,0.6,0.2666666666666666,0.1166666666666666,0.9029021073739376,0.4827517238838526,0.1075397784910136,1.0714581647782877,0.7241379310337337,0.8372093023244133,periodic
watts_strogatz_7.pkl,periodic,0.04262938025903498,0.07056685670305309,-54.100000000000065,-54.100000000000065,318.0,318.0,3,24.896145582199097,318,300,1500,0.0334448160535117,10.0,1.028035109950516,13,1.3,0.0545577777777777,0.4812754282754283,0.4718113925904232,-0.0210746466121295,8,6,3.491772575250836,,,4,0.622268,watts_strogatz,0.6538256639597612,0.404164233948708,0.0717144996994171,0.7333333333333333,0.7,0.6,0.2666666666666666,0.1166666666666666,0.9029021073739376,0.4827517238838526,0.1075397784910136,1.0714581647782877,0.7241379310337337,0.8372093023244133,periodic
watts_strogatz_7.pkl,reactive,0.09769622847778901,0.13225034778867328,-81.50000000000004,-81.50000000000004,346.0,346.0,12,25.87344193458557,328,300,1500,0.0334448160535117,10.0,1.028035109950516,13,1.3,0.0545577777777777,0.4812754282754283,0.4718113925904232,-0.0210746466121295,8,6,3.491772575250836,,,4,0.622268,watts_strogatz,0.6538256639597612,0.404164233948708,0.0717144996994171,0.7333333333333333,0.7,0.6,0.2666666666666666,0.1166666666666666,0.9029021073739376,0.4827517238838526,0.1075397784910136,1.0714581647782877,0.7241379310337337,0.8372093023244133,periodic
watts_strogatz_8.pkl,affinity,0.10584373631312652,0.15996353600810326,-61.10000000000013,-6.0012317450784,459.0,44.95782892219019,2,6.723448991775513,459,300,1500,0.0334448160535117,10.0,1.053739955101157,13,1.3,0.056682222222222,0.4927942982942983,0.4814137274989024,0.013175528052623,7,6,3.487402452619844,,,4,0.5972655555555556,watts_strogatz,0.6167091445926326,0.3234487315423451,0.0444469315381108,0.4666666666666667,0.6666666666666666,0.4833333333333333,0.3,0.1833333333333333,0.8942282596602422,0.4461361814383865,0.1182827082426864,1.2414680575242796,0.6896551724130797,0.7249999999989126,affinity_periodic
watts_strogatz_8.pkl,affinity_periodic,0.05384719038956885,0.08177859675459204,-59.80000000000005,-5.916988129181396,356.0,34.85488273309017,27,25.55363392829895,298,300,1500,0.0334448160535117,10.0,1.053739955101157,13,1.3,0.056682222222222,0.4927942982942983,0.4814137274989024,0.013175528052623,7,6,3.487402452619844,,,4,0.5972655555555556,watts_strogatz,0.6167091445926326,0.3234487315423451,0.0444469315381108,0.4666666666666667,0.6666666666666666,0.4833333333333333,0.3,0.1833333333333333,0.8942282596602422,0.4461361814383865,0.1182827082426864,1.2414680575242796,0.6896551724130797,0.7249999999989126,affinity_periodic
watts_strogatz_8.pkl,affinity_reactive,0.10860520989082742,0.1577454576885313,-66.69999999999999,-6.600529851263615,437.0,42.626636009399945,25,22.76523208618164,358,300,1500,0.0334448160535117,10.0,1.053739955101157,13,1.3,0.056682222222222,0.4927942982942983,0.4814137274989024,0.013175528052623,7,6,3.487402452619844,,,4,0.5972655555555556,watts_strogatz,0.6167091445926326,0.3234487315423451,0.0444469315381108,0.4666666666666667,0.6666666666666666,0.4833333333333333,0.3,0.1833333333333333,0.8942282596602422,0.4461361814383865,0.1182827082426864,1.2414680575242796,0.6896551724130797,0.7249999999989126,affinity_periodic
watts_strogatz_8.pkl,baseline,0.08570395167077029,0.13150677791159052,-66.80000000000005,-66.80000000000005,369.0,369.0,5,5.524378299713135,368,300,1500,0.0334448160535117,10.0,1.053739955101157,13,1.3,0.056682222222222,0.4927942982942983,0.4814137274989024,0.013175528052623,7,6,3.487402452619844,,,4,0.5972655555555556,watts_strogatz,0.6167091445926326,0.3234487315423451,0.0444469315381108,0.4666666666666667,0.6666666666666666,0.4833333333333333,0.3,0.1833333333333333,0.8942282596602422,0.4461361814383865,0.1182827082426864,1.2414680575242796,0.6896551724130797,0.7249999999989126,affinity_periodic
watts_strogatz_8.pkl,periodic,0.04034510245652188,0.06825397789065397,-48.30000000000003,-48.30000000000003,329.0,329.0,3,27.872049570083615,329,300,1500,0.0334448160535117,10.0,1.053739955101157,13,1.3,0.056682222222222,0.4927942982942983,0.4814137274989024,0.013175528052623,7,6,3.487402452619844,,,4,0.5972655555555556,watts_strogatz,0.6167091445926326,0.3234487315423451,0.0444469315381108,0.4666666666666667,0.6666666666666666,0.4833333333333333,0.3,0.1833333333333333,0.8942282596602422,0.4461361814383865,0.1182827082426864,1.2414680575242796,0.6896551724130797,0.7249999999989126,affinity_periodic
watts_strogatz_8.pkl,reactive,0.08570395167077029,0.13150677791159052,-66.80000000000005,-66.80000000000005,369.0,369.0,24,22.95142197608948,309,300,1500,0.0334448160535117,10.0,1.053739955101157,13,1.3,0.056682222222222,0.4927942982942983,0.4814137274989024,0.013175528052623,7,6,3.487402452619844,,,4,0.5972655555555556,watts_strogatz,0.6167091445926326,0.3234487315423451,0.0444469315381108,0.4666666666666667,0.6666666666666666,0.4833333333333333,0.3,0.1833333333333333,0.8942282596602422,0.4461361814383865,0.1182827082426864,1.2414680575242796,0.6896551724130797,0.7249999999989126,affinity_periodic
watts_strogatz_9.pkl,affinity,0.1094540059300499,0.14983517687653702,-90.9000000000001,-9.004539787054895,344.0,33.50280731503814,4,10.10701823234558,344,300,1500,0.0334448160535117,10.0,0.9949706303122452,13,1.3,0.0531044444444444,0.4702548932548932,0.4618259085580304,-0.0049742737054646,8,6,3.4601114827201784,,,4,0.618584,watts_strogatz,0.6281541537610386,0.3861156711005812,0.0405852535624141,0.4166666666666667,0.6666666666666666,0.4833333333333333,0.3,0.1333333333333333,0.910823522954448,0.4926303389911956,0.0979075252210103,1.0299196392325165,0.6896551724130797,0.7837837837825128,periodic
watts_strogatz_9.pkl,affinity_periodic,0.05268850575272656,0.08410809166925369,-61.90000000000004,-6.102726537353006,309.0,30.036513261981007,17,22.393467664718628,308,300,1500,0.0334448160535117,10.0,0.9949706303122452,13,1.3,0.0531044444444444,0.4702548932548932,0.4618259085580304,-0.0049742737054646,8,6,3.4601114827201784,,,4,0.618584,watts_strogatz,0.6281541537610386,0.3861156711005812,0.0405852535624141,0.4166666666666667,0.6666666666666666,0.4833333333333333,0.3,0.1333333333333333,0.910823522954448,0.4926303389911956,0.0979075252210103,1.0299196392325165,0.6896551724130797,0.7837837837825128,periodic
watts_strogatz_9.pkl,affinity_reactive,0.1094540059300499,0.14983517687653702,-90.9000000000001,-9.004539787054895,344.0,33.50280731503814,20,20.336488246917725,305,300,1500,0.0334448160535117,10.0,0.9949706303122452,13,1.3,0.0531044444444444,0.4702548932548932,0.4618259085580304,-0.0049742737054646,8,6,3.4601114827201784,,,4,0.618584,watts_strogatz,0.6281541537610386,0.3861156711005812,0.0405852535624141,0.4166666666666667,0.6666666666666666,0.4833333333333333,0.3,0.1333333333333333,0.910823522954448,0.4926303389911956,0.0979075252210103,1.0299196392325165,0.6896551724130797,0.7837837837825128,periodic
watts_strogatz_9.pkl,baseline,0.0837329987414284,0.12709543487264183,-53.10000000000006,-53.10000000000006,491.0,491.0,2,5.4131224155426025,491,300,1500,0.0334448160535117,10.0,0.9949706303122452,13,1.3,0.0531044444444444,0.4702548932548932,0.4618259085580304,-0.0049742737054646,8,6,3.4601114827201784,,,4,0.618584,watts_strogatz,0.6281541537610386,0.3861156711005812,0.0405852535624141,0.4166666666666667,0.6666666666666666,0.4833333333333333,0.3,0.1333333333333333,0.910823522954448,0.4926303389911956,0.0979075252210103,1.0299196392325165,0.6896551724130797,0.7837837837825128,periodic
watts_strogatz_9.pkl,periodic,0.042874487565142255,0.06642051892475256,-60.00000000000007,-60.00000000000007,318.0,318.0,7,27.113492488861084,299,300,1500,0.0334448160535117,10.0,0.9949706303122452,13,1.3,0.0531044444444444,0.4702548932548932,0.4618259085580304,-0.0049742737054646,8,6,3.4601114827201784,,,4,0.618584,watts_strogatz,0.6281541537610386,0.3861156711005812,0.0405852535624141,0.4166666666666667,0.6666666666666666,0.4833333333333333,0.3,0.1333333333333333,0.910823522954448,0.4926303389911956,0.0979075252210103,1.0299196392325165,0.6896551724130797,0.7837837837825128,periodic
watts_strogatz_9.pkl,reactive,0.08783458283120907,0.12379947568268444,-73.60000000000014,-73.60000000000014,411.0,411.0,20,20.36401081085205,323,300,1500,0.0334448160535117,10.0,0.9949706303122452,13,1.3,0.0531044444444444,0.4702548932548932,0.4618259085580304,-0.0049742737054646,8,6,3.4601114827201784,,,4,0.618584,watts_strogatz,0.6281541537610386,0.3861156711005812,0.0405852535624141,0.4166666666666667,0.6666666666666666,0.4833333333333333,0.3,0.1333333333333333,0.910823522954448,0.4926303389911956,0.0979075252210103,1.0299196392325165,0.6896551724130797,0.7837837837825128,periodic
